event_id,date,meetings_7d,meetings_30d,meetings_60d,bank_side,payments,retail_civil
E01,2023-06-28,0,0,0,0,0,0
E02,2023-10-19,3,15,18,6,4,2
E03,2023-10-31,8,15,26,3,5,3
E04,2024-02-09,0,8,10,1,4,0
E05,2024-02-20,1,7,11,3,1,0
E06,2024-02-21,1,7,11,3,1,0
E07,2024-11-13,1,1,3,1,0,0
E08,2024-12-16,0,3,5,2,1,0
E09,2025-07-03,2,9,17,2,1,1
E18,2025-07-08,3,12,20,4,1,1
E10,2025-07-15,0,11,18,4,1,1
E26,2025-09-02,0,0,0,0,0,0
E19,2025-09-19,14,22,22,14,2,1
E23,2025-10-23,5,22,46,7,6,4
E11,2025-10-30,3,19,49,5,4,5
E12,2025-11-03,2,14,48,3,3,4
E22,2025-12-19,0,20,48,6,1,3
E13,2025-12-19,0,20,48,6,1,3
E20,2026-03-05,4,19,36,13,0,3
E14,2026-06-23,2,9,20,4,1,1
E15,2026-06-26,0,9,20,4,1,1
E16,2026-07-06,1,7,15,3,1,0
E17,2026-07-09,0,7,14,3,1,0
E21,2026-07-13,0,3,13,1,1,0
E24,2026-07-14,1,4,14,1,1,0
E25,2026-09-15,0,0,0,0,0,0
