event_date,firm,car,direction,grp,z,etype
2023-06-28,DBK.DE,0.004259134981670875,-1.0,bank,-1.5981878524090556,impl
2023-06-28,CBK.DE,0.0019007128140402856,-1.0,bank,-0.1969766074951668,impl
2023-06-28,BNP.PA,0.0021958688221635973,-1.0,bank,-1.8277916820311226,impl
2023-06-28,GLE.PA,0.0030204200132759834,-1.0,bank,-1.8810103807023557,impl
2023-06-28,ACA.PA,0.006158388956104967,-1.0,bank,-0.430377884945561,impl
2023-06-28,SAN.MC,0.03441372333065483,-1.0,bank,-0.6865870300483472,impl
2023-06-28,BBVA.MC,0.010238062654467472,-1.0,bank,-0.5472047262920654,impl
2023-06-28,CABK.MC,-0.0015290045459205358,-1.0,bank,0.6318798811046288,impl
2023-06-28,SAB.MC,0.005443345528265486,-1.0,bank,0.2751144903870993,impl
2023-06-28,BKT.MC,0.002430164789024013,-1.0,bank,0.4179464676689923,impl
2023-06-28,UNI.MC,0.00886483079047348,-1.0,bank,0.15978485614852456,impl
2023-06-28,ISP.MI,0.001218855490736571,-1.0,bank,-0.3976038785149957,impl
2023-06-28,UCG.MI,-0.0007982032599381775,-1.0,bank,-0.6729346213298831,impl
2023-06-28,BAMI.MI,0.010424528115944482,-1.0,bank,-0.5474307600897961,impl
2023-06-28,BPE.MI,0.008393950136490537,-1.0,bank,0.4457023654474827,impl
2023-06-28,MB.MI,0.00017655422438695497,-1.0,bank,-1.913665771560751,impl
2023-06-28,INGA.AS,0.004123257100796928,-1.0,bank,0.0804612861920478,impl
2023-06-28,ABN.AS,-0.0013849770304976642,-1.0,bank,-0.12757135640344586,impl
2023-06-28,KBC.BR,-0.001645776914715999,-1.0,bank,0.48686960141089525,impl
2023-06-28,EBS.VI,0.007862177555161056,-1.0,bank,0.2976788742054292,impl
2023-06-28,RBI.VI,-0.0005183696053702119,-1.0,bank,-0.1603862510250389,impl
2023-06-28,BG.VI,0.0035563929601613057,-1.0,bank,-0.23359860729761434,impl
2023-06-28,BIRG.IR,-0.0034230190620319727,-1.0,bank,1.1461139920025163,impl
2023-06-28,A5G.IR,-0.023129405561841634,-1.0,bank,1.6694774266625145,impl
2023-06-28,ETE.AT,0.020038685133667133,-1.0,bank,1.1896462862934265,impl
2023-06-28,EUROB.AT,0.011493653685524765,-1.0,bank,0.3949686796988067,impl
2023-06-28,TPEIR.AT,0.033297075986690884,-1.0,bank,1.3177710426531568,impl
2023-06-28,BCP.LS,0.014030427416728277,-1.0,bank,1.9115242988785415,impl
2023-06-28,NEXI.MI,-0.0016849473555790835,-1.0,payments,,impl
2023-06-28,WLN.PA,0.010811195630615115,-1.0,payments,,impl
2023-06-28,ADYEN.AS,0.023604072845500382,-1.0,payments,,impl
2023-06-28,WISE.L,0.04467455829569096,-1.0,payments,,impl
2023-06-28,SWED-A.ST,-0.006000472217565434,0.0,control_bank,-1.1418669440853995,impl
2023-06-28,SHB-A.ST,-0.0006767118548331851,0.0,control_bank,-1.476933828719851,impl
2023-06-28,DANSKE.CO,0.010544430895672245,0.0,control_bank,-2.034052437497537,impl
2023-06-28,DNB.OL,0.01702630236899201,0.0,control_bank,-0.9659534405231625,impl
2023-06-28,LLOY.L,0.002478100181784721,0.0,control_bank,,impl
2023-06-28,NWG.L,0.013951189217838408,0.0,control_bank,,impl
2023-06-28,UBSG.SW,0.009395554610129553,0.0,control_bank,,impl
2023-06-28,MA,-0.0032982905051326676,-1.0,payments,,impl
2023-06-28,V,0.0033909451007622217,-1.0,payments,,impl
2023-06-28,AXP,0.01126341201419702,-1.0,payments,,impl
2023-06-28,PYPL,0.0010244977220707717,-1.0,payments,,impl
2023-06-28,GPN,0.0141809045123068,-1.0,payments,,impl
2023-06-28,AAPL,0.006938795680342409,0.0,gate,,impl
2023-06-28,GOOGL,0.015763867178910932,0.0,gate,,impl
2023-06-28,AMZN,0.0001798936448964394,0.0,gate,,impl
2023-06-28,META,-0.006463750381377636,0.0,gate,,impl
2023-10-19,DBK.DE,0.007843525022644845,0.0,bank,-1.5981878524090556,other
2023-10-19,CBK.DE,0.000483476276547835,0.0,bank,-0.1969766074951668,other
2023-10-19,BNP.PA,-0.0009157187312126523,0.0,bank,-1.8277916820311226,other
2023-10-19,GLE.PA,0.000907440014247609,0.0,bank,-1.8810103807023557,other
2023-10-19,ACA.PA,0.0021852079948984715,0.0,bank,-0.430377884945561,other
2023-10-19,SAN.MC,0.011700849375025961,0.0,bank,-0.6865870300483472,other
2023-10-19,BBVA.MC,0.0033576401943265777,0.0,bank,-0.5472047262920654,other
2023-10-19,CABK.MC,0.031509491176859195,0.0,bank,0.6318798811046288,other
2023-10-19,SAB.MC,0.027168379740600622,0.0,bank,0.2751144903870993,other
2023-10-19,BKT.MC,0.05460343510260903,0.0,bank,0.4179464676689923,other
2023-10-19,UNI.MC,0.022063678927377282,0.0,bank,0.15978485614852456,other
2023-10-19,ISP.MI,0.000895211044678346,0.0,bank,-0.3976038785149957,other
2023-10-19,UCG.MI,-6.834394416287831e-05,0.0,bank,-0.6729346213298831,other
2023-10-19,BAMI.MI,-0.019867259372340955,0.0,bank,-0.5474307600897961,other
2023-10-19,BPE.MI,-0.012749850344360906,0.0,bank,0.4457023654474827,other
2023-10-19,MB.MI,-0.005477339625948204,0.0,bank,-1.913665771560751,other
2023-10-19,INGA.AS,0.0052018542995833274,0.0,bank,0.0804612861920478,other
2023-10-19,ABN.AS,0.003946818734423844,0.0,bank,-0.12757135640344586,other
2023-10-19,KBC.BR,0.005111811881781326,0.0,bank,0.48686960141089525,other
2023-10-19,EBS.VI,-0.005243436845743287,0.0,bank,0.2976788742054292,other
2023-10-19,RBI.VI,0.0013040900134275498,0.0,bank,-0.1603862510250389,other
2023-10-19,BG.VI,-0.008575493225527975,0.0,bank,-0.23359860729761434,other
2023-10-19,BIRG.IR,0.009719085367887369,0.0,bank,1.1461139920025163,other
2023-10-19,A5G.IR,0.0025403491238604574,0.0,bank,1.6694774266625145,other
2023-10-19,ETE.AT,0.0007238644113143943,0.0,bank,1.1896462862934265,other
2023-10-19,EUROB.AT,0.016431455988506878,0.0,bank,0.3949686796988067,other
2023-10-19,TPEIR.AT,0.0016650351904015474,0.0,bank,1.3177710426531568,other
2023-10-19,BCP.LS,0.0035860531146933742,0.0,bank,1.9115242988785415,other
2023-10-19,NEXI.MI,0.000337806237921642,0.0,payments,,other
2023-10-19,WLN.PA,0.01250298526211474,0.0,payments,,other
2023-10-19,ADYEN.AS,0.005840491835007247,0.0,payments,,other
2023-10-19,WISE.L,-0.0010517533223610592,0.0,payments,,other
2023-10-19,SWED-A.ST,-0.005155069945196094,0.0,control_bank,-1.1418669440853995,other
2023-10-19,SHB-A.ST,-0.026809500079410943,0.0,control_bank,-1.476933828719851,other
2023-10-19,DANSKE.CO,0.003639645107123008,0.0,control_bank,-2.034052437497537,other
2023-10-19,DNB.OL,-0.06874246210697768,0.0,control_bank,-0.9659534405231625,other
2023-10-19,LLOY.L,-0.013107247064726308,0.0,control_bank,,other
2023-10-19,NWG.L,-0.010582193102387082,0.0,control_bank,,other
2023-10-19,UBSG.SW,-0.006461723042429589,0.0,control_bank,,other
2023-10-19,MA,-0.007495476378544909,0.0,payments,,other
2023-10-19,V,-0.009330124981787707,0.0,payments,,other
2023-10-19,AXP,-0.0005685893501600689,0.0,payments,,other
2023-10-19,PYPL,-0.004158702418746895,0.0,payments,,other
2023-10-19,GPN,-0.010677108878793123,0.0,payments,,other
2023-10-19,AAPL,0.008266109133386658,0.0,gate,,other
2023-10-19,GOOGL,0.007627839209527124,0.0,gate,,other
2023-10-19,AMZN,0.014287916768264457,0.0,gate,,other
2023-10-19,META,-0.0019357495150801231,0.0,gate,,other
2023-10-31,DBK.DE,-0.007181314367354775,-1.0,bank,-1.5981878524090556,impl
2023-10-31,CBK.DE,0.000458486290265189,-1.0,bank,-0.1969766074951668,impl
2023-10-31,BNP.PA,0.009092796286211605,-1.0,bank,-1.8277916820311226,impl
2023-10-31,GLE.PA,0.012844716533058291,-1.0,bank,-1.8810103807023557,impl
2023-10-31,ACA.PA,0.012903822658597571,-1.0,bank,-0.430377884945561,impl
2023-10-31,SAN.MC,-0.00773883354076892,-1.0,bank,-0.6865870300483472,impl
2023-10-31,BBVA.MC,-0.013685812957275034,-1.0,bank,-0.5472047262920654,impl
2023-10-31,CABK.MC,-0.005701313328541768,-1.0,bank,0.6318798811046288,impl
2023-10-31,SAB.MC,-0.013811889736485656,-1.0,bank,0.2751144903870993,impl
2023-10-31,BKT.MC,0.00088033048271429,-1.0,bank,0.4179464676689923,impl
2023-10-31,UNI.MC,0.006661387196539772,-1.0,bank,0.15978485614852456,impl
2023-10-31,ISP.MI,0.023327427424442913,-1.0,bank,-0.3976038785149957,impl
2023-10-31,UCG.MI,0.003477653183152365,-1.0,bank,-0.6729346213298831,impl
2023-10-31,BAMI.MI,0.019570511274565397,-1.0,bank,-0.5474307600897961,impl
2023-10-31,BPE.MI,0.03726219658575775,-1.0,bank,0.4457023654474827,impl
2023-10-31,MB.MI,0.016824656696567592,-1.0,bank,-1.913665771560751,impl
2023-10-31,INGA.AS,0.001317594589054664,-1.0,bank,0.0804612861920478,impl
2023-10-31,ABN.AS,-0.008436326270941623,-1.0,bank,-0.12757135640344586,impl
2023-10-31,KBC.BR,-0.003001775849839919,-1.0,bank,0.48686960141089525,impl
2023-10-31,EBS.VI,-0.004763088098266491,-1.0,bank,0.2976788742054292,impl
2023-10-31,RBI.VI,-0.003214084974612796,-1.0,bank,-0.1603862510250389,impl
2023-10-31,BG.VI,0.007912377480174407,-1.0,bank,-0.23359860729761434,impl
2023-10-31,BIRG.IR,-0.014866389980690922,-1.0,bank,1.1461139920025163,impl
2023-10-31,A5G.IR,0.0003696585375458886,-1.0,bank,1.6694774266625145,impl
2023-10-31,ETE.AT,-0.005784765568780409,-1.0,bank,1.1896462862934265,impl
2023-10-31,EUROB.AT,-0.010900733660577673,-1.0,bank,0.3949686796988067,impl
2023-10-31,TPEIR.AT,-0.006998272367411775,-1.0,bank,1.3177710426531568,impl
2023-10-31,BCP.LS,-0.0019324452088454343,-1.0,bank,1.9115242988785415,impl
2023-10-31,NEXI.MI,0.00990350828411671,0.0,payments,,impl
2023-10-31,WLN.PA,0.03099770040632899,0.0,payments,,impl
2023-10-31,ADYEN.AS,-0.0014690874465334161,0.0,payments,,impl
2023-10-31,WISE.L,0.00418798259437389,0.0,payments,,impl
2023-10-31,SWED-A.ST,0.02275299970984182,0.0,control_bank,-1.1418669440853995,impl
2023-10-31,SHB-A.ST,0.01067264089924359,0.0,control_bank,-1.476933828719851,impl
2023-10-31,DANSKE.CO,0.001792924412791603,0.0,control_bank,-2.034052437497537,impl
2023-10-31,DNB.OL,0.0001601495170391444,0.0,control_bank,-0.9659534405231625,impl
2023-10-31,LLOY.L,-0.0031165967638231338,0.0,control_bank,,impl
2023-10-31,NWG.L,-0.0001440011845558033,0.0,control_bank,,impl
2023-10-31,UBSG.SW,-0.0025625238106317793,0.0,control_bank,,impl
2023-10-31,MA,0.006805517269975258,0.0,payments,,impl
2023-10-31,V,0.004681332341035038,0.0,payments,,impl
2023-10-31,AXP,0.012378498331547744,0.0,payments,,impl
2023-10-31,PYPL,0.010550599933972258,0.0,payments,,impl
2023-10-31,GPN,0.016926889985431657,0.0,payments,,impl
2023-10-31,AAPL,-0.004724038562106566,0.0,gate,,impl
2023-10-31,GOOGL,-0.010229129005568317,0.0,gate,,impl
2023-10-31,AMZN,-0.004981050501439821,0.0,gate,,impl
2023-10-31,META,-0.01458039424439718,0.0,gate,,impl
2024-02-09,DBK.DE,0.001216542021460669,0.0,bank,-1.5981878524090556,other
2024-02-09,CBK.DE,0.010438143388521991,0.0,bank,-0.1969766074951668,other
2024-02-09,BNP.PA,-0.020805490085796834,0.0,bank,-1.8277916820311226,other
2024-02-09,GLE.PA,-0.011108903172345572,0.0,bank,-1.8810103807023557,other
2024-02-09,ACA.PA,-0.010373474593405431,0.0,bank,-0.430377884945561,other
2024-02-09,SAN.MC,0.005891957190047003,0.0,bank,-0.6865870300483472,other
2024-02-09,BBVA.MC,0.0055574784606435,0.0,bank,-0.5472047262920654,other
2024-02-09,CABK.MC,-0.006798519343536114,0.0,bank,0.6318798811046288,other
2024-02-09,SAB.MC,0.00036795397698411825,0.0,bank,0.2751144903870993,other
2024-02-09,BKT.MC,0.013491989882963898,0.0,bank,0.4179464676689923,other
2024-02-09,UNI.MC,-0.008298531088912051,0.0,bank,0.15978485614852456,other
2024-02-09,ISP.MI,-0.01071580916811546,0.0,bank,-0.3976038785149957,other
2024-02-09,UCG.MI,0.009264510091466524,0.0,bank,-0.6729346213298831,other
2024-02-09,BAMI.MI,0.02119716759165934,0.0,bank,-0.5474307600897961,other
2024-02-09,BPE.MI,-0.004147040981464412,0.0,bank,0.4457023654474827,other
2024-02-09,MB.MI,-0.018683139725154136,0.0,bank,-1.913665771560751,other
2024-02-09,INGA.AS,0.012046941840584007,0.0,bank,0.0804612861920478,other
2024-02-09,ABN.AS,0.0005974493216251288,0.0,bank,-0.12757135640344586,other
2024-02-09,KBC.BR,0.009475329440884745,0.0,bank,0.48686960141089525,other
2024-02-09,EBS.VI,0.013495522257964312,0.0,bank,0.2976788742054292,other
2024-02-09,RBI.VI,0.01134741582166295,0.0,bank,-0.1603862510250389,other
2024-02-09,BG.VI,0.0005234250184605895,0.0,bank,-0.23359860729761434,other
2024-02-09,BIRG.IR,0.026794479412055948,0.0,bank,1.1461139920025163,other
2024-02-09,A5G.IR,0.0058317188333744914,0.0,bank,1.6694774266625145,other
2024-02-09,ETE.AT,-0.011791000876269246,0.0,bank,1.1896462862934265,other
2024-02-09,EUROB.AT,-0.01018039895801483,0.0,bank,0.3949686796988067,other
2024-02-09,TPEIR.AT,0.007771285287343696,0.0,bank,1.3177710426531568,other
2024-02-09,BCP.LS,-0.002426209604458987,0.0,bank,1.9115242988785415,other
2024-02-09,NEXI.MI,0.0025033442071312247,0.0,payments,,other
2024-02-09,WLN.PA,0.026433006344175718,0.0,payments,,other
2024-02-09,ADYEN.AS,0.02608773263842435,0.0,payments,,other
2024-02-09,WISE.L,0.019797766423137422,0.0,payments,,other
2024-02-09,SWED-A.ST,-0.005030406082195632,0.0,control_bank,-1.1418669440853995,other
2024-02-09,SHB-A.ST,0.005509934117904934,0.0,control_bank,-1.476933828719851,other
2024-02-09,DANSKE.CO,0.01456443259752929,0.0,control_bank,-2.034052437497537,other
2024-02-09,DNB.OL,-0.0021798936629265657,0.0,control_bank,-0.9659534405231625,other
2024-02-09,LLOY.L,-0.002764373056457166,0.0,control_bank,,other
2024-02-09,NWG.L,-0.021795476141702273,0.0,control_bank,,other
2024-02-09,UBSG.SW,0.006028621800434946,0.0,control_bank,,other
2024-02-09,MA,-0.004041248013123973,0.0,payments,,other
2024-02-09,V,-0.0011000619329784617,0.0,payments,,other
2024-02-09,AXP,0.00016031684999305053,0.0,payments,,other
2024-02-09,PYPL,0.045170907537890104,0.0,payments,,other
2024-02-09,GPN,-0.009833972088888386,0.0,payments,,other
2024-02-09,AAPL,-0.0025794963921696584,0.0,gate,,other
2024-02-09,GOOGL,0.014579059511719054,0.0,gate,,other
2024-02-09,AMZN,0.019914851433215836,0.0,gate,,other
2024-02-09,META,-0.012973119298441659,0.0,gate,,other
2024-02-20,DBK.DE,-0.007214701036606149,0.0,bank,-1.5981878524090556,other
2024-02-20,CBK.DE,-0.020127188043032783,0.0,bank,-0.1969766074951668,other
2024-02-20,BNP.PA,0.007160343217968589,0.0,bank,-1.8277916820311226,other
2024-02-20,GLE.PA,0.004052387250313336,0.0,bank,-1.8810103807023557,other
2024-02-20,ACA.PA,0.0009595391594673357,0.0,bank,-0.430377884945561,other
2024-02-20,SAN.MC,0.010538413059334052,0.0,bank,-0.6865870300483472,other
2024-02-20,BBVA.MC,0.0036313641903077017,0.0,bank,-0.5472047262920654,other
2024-02-20,CABK.MC,0.00653182157060851,0.0,bank,0.6318798811046288,other
2024-02-20,SAB.MC,-0.008555131889801131,0.0,bank,0.2751144903870993,other
2024-02-20,BKT.MC,0.007772510341463056,0.0,bank,0.4179464676689923,other
2024-02-20,UNI.MC,-0.0006785637408938798,0.0,bank,0.15978485614852456,other
2024-02-20,ISP.MI,-0.0023957408530242584,0.0,bank,-0.3976038785149957,other
2024-02-20,UCG.MI,-0.001252682265799234,0.0,bank,-0.6729346213298831,other
2024-02-20,BAMI.MI,-0.0024681476719963396,0.0,bank,-0.5474307600897961,other
2024-02-20,BPE.MI,-0.032709668779197794,0.0,bank,0.4457023654474827,other
2024-02-20,MB.MI,-0.00037038930627591483,0.0,bank,-1.913665771560751,other
2024-02-20,INGA.AS,0.014719776678578317,0.0,bank,0.0804612861920478,other
2024-02-20,ABN.AS,-0.026027352827748804,0.0,bank,-0.12757135640344586,other
2024-02-20,KBC.BR,-0.016133033022608777,0.0,bank,0.48686960141089525,other
2024-02-20,EBS.VI,0.000542036363445396,0.0,bank,0.2976788742054292,other
2024-02-20,RBI.VI,-0.010893843396743237,0.0,bank,-0.1603862510250389,other
2024-02-20,BG.VI,-0.004760607228599861,0.0,bank,-0.23359860729761434,other
2024-02-20,BIRG.IR,-0.01715125266466059,0.0,bank,1.1461139920025163,other
2024-02-20,A5G.IR,-0.022528688919292127,0.0,bank,1.6694774266625145,other
2024-02-20,ETE.AT,-0.0027027786080605857,0.0,bank,1.1896462862934265,other
2024-02-20,EUROB.AT,-0.003121442254951365,0.0,bank,0.3949686796988067,other
2024-02-20,TPEIR.AT,-0.0014996893749256387,0.0,bank,1.3177710426531568,other
2024-02-20,BCP.LS,0.0032865959361092012,0.0,bank,1.9115242988785415,other
2024-02-20,NEXI.MI,-0.0019246236885686393,0.0,payments,,other
2024-02-20,WLN.PA,-0.011229567156711463,0.0,payments,,other
2024-02-20,ADYEN.AS,-0.0009319028562578338,0.0,payments,,other
2024-02-20,WISE.L,-0.006213750551558421,0.0,payments,,other
2024-02-20,SWED-A.ST,-0.005423328177325674,0.0,control_bank,-1.1418669440853995,other
2024-02-20,SHB-A.ST,0.0037869470282811566,0.0,control_bank,-1.476933828719851,other
2024-02-20,DANSKE.CO,-0.00639635638086065,0.0,control_bank,-2.034052437497537,other
2024-02-20,DNB.OL,0.006485200515596998,0.0,control_bank,-0.9659534405231625,other
2024-02-20,LLOY.L,0.012947150036923614,0.0,control_bank,,other
2024-02-20,NWG.L,0.010610533731625696,0.0,control_bank,,other
2024-02-20,UBSG.SW,-0.006843993572475952,0.0,control_bank,,other
2024-02-21,DBK.DE,-0.001521330550631376,0.0,bank,-1.5981878524090556,other
2024-02-21,CBK.DE,-0.010239767603063776,0.0,bank,-0.1969766074951668,other
2024-02-21,BNP.PA,0.001986682495049164,0.0,bank,-1.8277916820311226,other
2024-02-21,GLE.PA,-0.0028118182952348294,0.0,bank,-1.8810103807023557,other
2024-02-21,ACA.PA,0.0018988507159310051,0.0,bank,-0.430377884945561,other
2024-02-21,SAN.MC,-0.0009466381852583474,0.0,bank,-0.6865870300483472,other
2024-02-21,BBVA.MC,0.015793540374713772,0.0,bank,-0.5472047262920654,other
2024-02-21,CABK.MC,-0.00659276797051008,0.0,bank,0.6318798811046288,other
2024-02-21,SAB.MC,-0.015004614389101724,0.0,bank,0.2751144903870993,other
2024-02-21,BKT.MC,-0.003912750602187754,0.0,bank,0.4179464676689923,other
2024-02-21,UNI.MC,-0.007537276677877276,0.0,bank,0.15978485614852456,other
2024-02-21,ISP.MI,0.008208515901786312,0.0,bank,-0.3976038785149957,other
2024-02-21,UCG.MI,0.010157332418839728,0.0,bank,-0.6729346213298831,other
2024-02-21,BAMI.MI,0.0045189218155999925,0.0,bank,-0.5474307600897961,other
2024-02-21,BPE.MI,0.03174870571955889,0.0,bank,0.4457023654474827,other
2024-02-21,MB.MI,0.03535163858241121,0.0,bank,-1.913665771560751,other
2024-02-21,INGA.AS,-0.009668507355206742,0.0,bank,0.0804612861920478,other
2024-02-21,ABN.AS,-0.007373835727712589,0.0,bank,-0.12757135640344586,other
2024-02-21,KBC.BR,0.005438365099452101,0.0,bank,0.48686960141089525,other
2024-02-21,EBS.VI,-0.004375085552709129,0.0,bank,0.2976788742054292,other
2024-02-21,RBI.VI,0.010016468890139362,0.0,bank,-0.1603862510250389,other
2024-02-21,BG.VI,-0.0057255640072817506,0.0,bank,-0.23359860729761434,other
2024-02-21,BIRG.IR,-0.00030626766596373364,0.0,bank,1.1461139920025163,other
2024-02-21,A5G.IR,0.013838969872546191,0.0,bank,1.6694774266625145,other
2024-02-21,ETE.AT,-0.002899064349535681,0.0,bank,1.1896462862934265,other
2024-02-21,EUROB.AT,-0.014768282951688763,0.0,bank,0.3949686796988067,other
2024-02-21,TPEIR.AT,-0.006346539248878978,0.0,bank,1.3177710426531568,other
2024-02-21,BCP.LS,0.004622215056500335,0.0,bank,1.9115242988785415,other
2024-02-21,NEXI.MI,-0.009379983102088056,0.0,payments,,other
2024-02-21,WLN.PA,0.01238811622833616,0.0,payments,,other
2024-02-21,ADYEN.AS,-0.01902799758423752,0.0,payments,,other
2024-02-21,WISE.L,0.005318740661971134,0.0,payments,,other
2024-02-21,SWED-A.ST,-0.0027886249038120326,0.0,control_bank,-1.1418669440853995,other
2024-02-21,SHB-A.ST,-0.008699783491999347,0.0,control_bank,-1.476933828719851,other
2024-02-21,DANSKE.CO,-0.0076061111712824574,0.0,control_bank,-2.034052437497537,other
2024-02-21,DNB.OL,-0.020372445549866496,0.0,control_bank,-0.9659534405231625,other
2024-02-21,LLOY.L,-0.01208018078926388,0.0,control_bank,,other
2024-02-21,NWG.L,-0.004508779061993297,0.0,control_bank,,other
2024-02-21,UBSG.SW,0.001945880619405752,0.0,control_bank,,other
2024-02-21,MA,0.015760043071782963,0.0,payments,,other
2024-02-21,V,0.005405233447848521,0.0,payments,,other
2024-02-21,AXP,-0.00773729703937169,0.0,payments,,other
2024-02-21,PYPL,-0.01768091969194035,0.0,payments,,other
2024-02-21,GPN,0.01295918481130983,0.0,payments,,other
2024-02-21,AAPL,0.0028673909281597284,0.0,gate,,other
2024-02-21,GOOGL,0.008569517172393975,0.0,gate,,other
2024-02-21,AMZN,0.008098090033809645,0.0,gate,,other
2024-02-21,META,-0.009465853638334135,0.0,gate,,other
2024-11-13,DBK.DE,-0.0020542668434190836,0.0,bank,-1.5981878524090556,other
2024-11-13,CBK.DE,0.0024606297344651655,0.0,bank,-0.1969766074951668,other
2024-11-13,BNP.PA,0.0027435271171276695,0.0,bank,-1.8277916820311226,other
2024-11-13,GLE.PA,-0.012250216483835398,0.0,bank,-1.8810103807023557,other
2024-11-13,ACA.PA,-0.001975458354641856,0.0,bank,-0.430377884945561,other
2024-11-13,SAN.MC,0.010022601130811553,0.0,bank,-0.6865870300483472,other
2024-11-13,BBVA.MC,0.006680295197236958,0.0,bank,-0.5472047262920654,other
2024-11-13,CABK.MC,0.018849109581765604,0.0,bank,0.6318798811046288,other
2024-11-13,SAB.MC,0.006736001623225458,0.0,bank,0.2751144903870993,other
2024-11-13,BKT.MC,-0.0013313573611484133,0.0,bank,0.4179464676689923,other
2024-11-13,UNI.MC,0.005455512411207883,0.0,bank,0.15978485614852456,other
2024-11-13,ISP.MI,0.012973408115094232,0.0,bank,-0.3976038785149957,other
2024-11-13,UCG.MI,0.023871610930344962,0.0,bank,-0.6729346213298831,other
2024-11-13,BAMI.MI,0.004803514535033337,0.0,bank,-0.5474307600897961,other
2024-11-13,BPE.MI,0.02758590889253202,0.0,bank,0.4457023654474827,other
2024-11-13,MB.MI,0.013934640503807506,0.0,bank,-1.913665771560751,other
2024-11-13,INGA.AS,-0.0057112773659827604,0.0,bank,0.0804612861920478,other
2024-11-13,ABN.AS,-0.005361823229869608,0.0,bank,-0.12757135640344586,other
2024-11-13,KBC.BR,0.02183457100111591,0.0,bank,0.48686960141089525,other
2024-11-13,EBS.VI,0.0015477359637024405,0.0,bank,0.2976788742054292,other
2024-11-13,RBI.VI,-0.010589230139939926,0.0,bank,-0.1603862510250389,other
2024-11-13,BG.VI,0.0037015401715892573,0.0,bank,-0.23359860729761434,other
2024-11-13,BIRG.IR,-0.005716193708009527,0.0,bank,1.1461139920025163,other
2024-11-13,A5G.IR,-0.008465182851162795,0.0,bank,1.6694774266625145,other
2024-11-13,ETE.AT,-0.027078513689167368,0.0,bank,1.1896462862934265,other
2024-11-13,EUROB.AT,-0.006912008246570098,0.0,bank,0.3949686796988067,other
2024-11-13,TPEIR.AT,-0.005938197056070991,0.0,bank,1.3177710426531568,other
2024-11-13,BCP.LS,0.002037065700854368,0.0,bank,1.9115242988785415,other
2024-11-13,NEXI.MI,0.0015900425915034606,0.0,payments,,other
2024-11-13,WLN.PA,0.01441716092162341,0.0,payments,,other
2024-11-13,ADYEN.AS,0.014745939301610542,0.0,payments,,other
2024-11-13,WISE.L,0.000502651869442974,0.0,payments,,other
2024-11-13,SWED-A.ST,0.0036714471463929026,0.0,control_bank,-1.1418669440853995,other
2024-11-13,SHB-A.ST,-0.0008184540995940931,0.0,control_bank,-1.476933828719851,other
2024-11-13,DANSKE.CO,0.014601619589117081,0.0,control_bank,-2.034052437497537,other
2024-11-13,DNB.OL,-0.009274895712308575,0.0,control_bank,-0.9659534405231625,other
2024-11-13,LLOY.L,0.021162185880993667,0.0,control_bank,,other
2024-11-13,NWG.L,0.011973222607005545,0.0,control_bank,,other
2024-11-13,UBSG.SW,5.301775716010527e-05,0.0,control_bank,,other
2024-11-13,MA,-0.013462283378535079,0.0,payments,,other
2024-11-13,V,-0.0009249740633745882,0.0,payments,,other
2024-11-13,AXP,-0.0019030431152755952,0.0,payments,,other
2024-11-13,PYPL,0.013830136098546802,0.0,payments,,other
2024-11-13,GPN,-0.0008624196651483883,0.0,payments,,other
2024-11-13,AAPL,0.003888763809767074,0.0,gate,,other
2024-11-13,GOOGL,-0.015590217787025728,0.0,gate,,other
2024-11-13,AMZN,0.025019804104100853,0.0,gate,,other
2024-11-13,META,-0.009422046041609454,0.0,gate,,other
2024-12-16,DBK.DE,0.011232069955027036,0.0,bank,-1.5981878524090556,other
2024-12-16,CBK.DE,0.024317809210789926,0.0,bank,-0.1969766074951668,other
2024-12-16,BNP.PA,0.001171216602548509,0.0,bank,-1.8277916820311226,other
2024-12-16,GLE.PA,0.00045723575968272673,0.0,bank,-1.8810103807023557,other
2024-12-16,ACA.PA,0.002974180406223809,0.0,bank,-0.430377884945561,other
2024-12-16,SAN.MC,0.0022519670858820394,0.0,bank,-0.6865870300483472,other
2024-12-16,BBVA.MC,0.011689032385972641,0.0,bank,-0.5472047262920654,other
2024-12-16,CABK.MC,0.008149667855478694,0.0,bank,0.6318798811046288,other
2024-12-16,SAB.MC,0.014232512839557846,0.0,bank,0.2751144903870993,other
2024-12-16,BKT.MC,0.011404478902289602,0.0,bank,0.4179464676689923,other
2024-12-16,UNI.MC,0.025860720467667245,0.0,bank,0.15978485614852456,other
2024-12-16,ISP.MI,0.00880468724549982,0.0,bank,-0.3976038785149957,other
2024-12-16,UCG.MI,0.0038078357353552488,0.0,bank,-0.6729346213298831,other
2024-12-16,BAMI.MI,0.016322140510799873,0.0,bank,-0.5474307600897961,other
2024-12-16,BPE.MI,0.017292330205260692,0.0,bank,0.4457023654474827,other
2024-12-16,MB.MI,0.002004697416435421,0.0,bank,-1.913665771560751,other
2024-12-16,INGA.AS,0.003908573047817862,0.0,bank,0.0804612861920478,other
2024-12-16,ABN.AS,-0.0023006246815940384,0.0,bank,-0.12757135640344586,other
2024-12-16,KBC.BR,0.0004788172494223312,0.0,bank,0.48686960141089525,other
2024-12-16,EBS.VI,0.0024589786249865843,0.0,bank,0.2976788742054292,other
2024-12-16,RBI.VI,-0.007808165086909306,0.0,bank,-0.1603862510250389,other
2024-12-16,BG.VI,0.003209135623817268,0.0,bank,-0.23359860729761434,other
2024-12-16,BIRG.IR,-0.007756976474789202,0.0,bank,1.1461139920025163,other
2024-12-16,A5G.IR,-0.0014276664650152218,0.0,bank,1.6694774266625145,other
2024-12-16,ETE.AT,-0.013449580214400037,0.0,bank,1.1896462862934265,other
2024-12-16,EUROB.AT,0.00010804604780288111,0.0,bank,0.3949686796988067,other
2024-12-16,TPEIR.AT,-0.00857504849087504,0.0,bank,1.3177710426531568,other
2024-12-16,BCP.LS,0.027150956827448995,0.0,bank,1.9115242988785415,other
2024-12-16,NEXI.MI,0.003785538673694266,0.0,payments,,other
2024-12-16,WLN.PA,0.08361789143509776,0.0,payments,,other
2024-12-16,ADYEN.AS,0.004216994177077591,0.0,payments,,other
2024-12-16,WISE.L,0.005650590838863174,0.0,payments,,other
2024-12-16,SWED-A.ST,-0.002373242102292717,0.0,control_bank,-1.1418669440853995,other
2024-12-16,SHB-A.ST,-0.00023852514560820698,0.0,control_bank,-1.476933828719851,other
2024-12-16,DANSKE.CO,0.008117566943128027,0.0,control_bank,-2.034052437497537,other
2024-12-16,DNB.OL,0.0016456184777791304,0.0,control_bank,-0.9659534405231625,other
2024-12-16,LLOY.L,0.0034757605835916217,0.0,control_bank,,other
2024-12-16,NWG.L,0.006267537501627896,0.0,control_bank,,other
2024-12-16,UBSG.SW,-0.001455239922989089,0.0,control_bank,,other
2024-12-16,MA,0.0005361731144801533,0.0,payments,,other
2024-12-16,V,0.001503520330744178,0.0,payments,,other
2024-12-16,AXP,0.0013647243613518997,0.0,payments,,other
2024-12-16,PYPL,0.0021980093826583003,0.0,payments,,other
2024-12-16,GPN,-0.004994076513671774,0.0,payments,,other
2024-12-16,AAPL,0.00731500470529522,0.0,gate,,other
2024-12-16,GOOGL,0.03113079532444054,0.0,gate,,other
2024-12-16,AMZN,0.019482998270328566,0.0,gate,,other
2024-12-16,META,0.0008584574653955797,0.0,gate,,other
2025-07-03,DBK.DE,0.008481561951005388,0.0,bank,-1.5981878524090556,other
2025-07-03,CBK.DE,0.02353253455567976,0.0,bank,-0.1969766074951668,other
2025-07-03,BNP.PA,-0.0014838246073641372,0.0,bank,-1.8277916820311226,other
2025-07-03,GLE.PA,0.016829478768998964,0.0,bank,-1.8810103807023557,other
2025-07-03,ACA.PA,-0.006945565152807294,0.0,bank,-0.430377884945561,other
2025-07-03,SAN.MC,0.017382898577302134,0.0,bank,-0.6865870300483472,other
2025-07-03,BBVA.MC,0.015042732970522884,0.0,bank,-0.5472047262920654,other
2025-07-03,CABK.MC,0.024701238672014736,0.0,bank,0.6318798811046288,other
2025-07-03,SAB.MC,0.013937250080656674,0.0,bank,0.2751144903870993,other
2025-07-03,BKT.MC,0.017086544181096015,0.0,bank,0.4179464676689923,other
2025-07-03,UNI.MC,0.02637572402004706,0.0,bank,0.15978485614852456,other
2025-07-03,ISP.MI,0.0073847851371713,0.0,bank,-0.3976038785149957,other
2025-07-03,UCG.MI,0.003776927679457421,0.0,bank,-0.6729346213298831,other
2025-07-03,BAMI.MI,0.008717810449018884,0.0,bank,-0.5474307600897961,other
2025-07-03,BPE.MI,0.010892481502408864,0.0,bank,0.4457023654474827,other
2025-07-03,MB.MI,0.0023492889148523915,0.0,bank,-1.913665771560751,other
2025-07-03,INGA.AS,0.01071076850767086,0.0,bank,0.0804612861920478,other
2025-07-03,ABN.AS,0.023818395480748437,0.0,bank,-0.12757135640344586,other
2025-07-03,KBC.BR,0.00278471370299385,0.0,bank,0.48686960141089525,other
2025-07-03,EBS.VI,-0.0008508041541856728,0.0,bank,0.2976788742054292,other
2025-07-03,RBI.VI,0.008028215145279707,0.0,bank,-0.1603862510250389,other
2025-07-03,BG.VI,0.01666359174903787,0.0,bank,-0.23359860729761434,other
2025-07-03,BIRG.IR,0.0178397606826543,0.0,bank,1.1461139920025163,other
2025-07-03,A5G.IR,0.014069270206450303,0.0,bank,1.6694774266625145,other
2025-07-03,ETE.AT,0.017208495792726198,0.0,bank,1.1896462862934265,other
2025-07-03,EUROB.AT,0.02305786840979716,0.0,bank,0.3949686796988067,other
2025-07-03,ALPHA.AT,0.008987309609888595,0.0,bank,0.7963878613911145,other
2025-07-03,TPEIR.AT,0.026065057400469344,0.0,bank,1.3177710426531568,other
2025-07-03,BCP.LS,0.010545352896691913,0.0,bank,1.9115242988785415,other
2025-07-03,NEXI.MI,-0.009815226564165029,0.0,payments,,other
2025-07-03,WLN.PA,-0.022626111154358725,0.0,payments,,other
2025-07-03,ADYEN.AS,0.0014564465309523788,0.0,payments,,other
2025-07-03,WISE.L,-0.014294662786552371,0.0,payments,,other
2025-07-03,SWED-A.ST,0.011323913387599511,0.0,control_bank,-1.1418669440853995,other
2025-07-03,SHB-A.ST,0.019315472891811368,0.0,control_bank,-1.476933828719851,other
2025-07-03,DANSKE.CO,0.011364826610917023,0.0,control_bank,-2.034052437497537,other
2025-07-03,DNB.OL,0.0039825959081888525,0.0,control_bank,-0.9659534405231625,other
2025-07-03,LLOY.L,0.03122672652259234,0.0,control_bank,,other
2025-07-03,NWG.L,0.03168504859475712,0.0,control_bank,,other
2025-07-03,UBSG.SW,0.007151654046050498,0.0,control_bank,,other
2025-07-03,MA,0.00874341120659553,0.0,payments,,other
2025-07-03,V,0.007811760165152751,0.0,payments,,other
2025-07-03,AXP,0.0012028788943648713,0.0,payments,,other
2025-07-03,PYPL,-0.002568283643120078,0.0,payments,,other
2025-07-03,GPN,-0.010133817999565243,0.0,payments,,other
2025-07-03,AAPL,-0.0045480401745648215,0.0,gate,,other
2025-07-03,GOOGL,-0.004218477186132106,0.0,gate,,other
2025-07-03,AMZN,0.005430201664015434,0.0,gate,,other
2025-07-03,META,-0.005008610277751466,0.0,gate,,other
2025-07-15,DBK.DE,0.012277923095135592,0.0,bank,-1.5981878524090556,other
2025-07-15,CBK.DE,-0.015281428438465628,0.0,bank,-0.1969766074951668,other
2025-07-15,BNP.PA,0.00690307640146699,0.0,bank,-1.8277916820311226,other
2025-07-15,GLE.PA,-0.005389640561061355,0.0,bank,-1.8810103807023557,other
2025-07-15,ACA.PA,-0.0003406968796383879,0.0,bank,-0.430377884945561,other
2025-07-15,SAN.MC,0.004121302912679212,0.0,bank,-0.6865870300483472,other
2025-07-15,BBVA.MC,-0.004836466178903912,0.0,bank,-0.5472047262920654,other
2025-07-15,CABK.MC,-0.0019708258150192177,0.0,bank,0.6318798811046288,other
2025-07-15,SAB.MC,-0.0024480526201859556,0.0,bank,0.2751144903870993,other
2025-07-15,BKT.MC,0.0036574126062396614,0.0,bank,0.4179464676689923,other
2025-07-15,UNI.MC,-0.009744761269400505,0.0,bank,0.15978485614852456,other
2025-07-15,ISP.MI,0.0037424219710663117,0.0,bank,-0.3976038785149957,other
2025-07-15,UCG.MI,0.004802899953506591,0.0,bank,-0.6729346213298831,other
2025-07-15,BAMI.MI,-0.013292961964845468,0.0,bank,-0.5474307600897961,other
2025-07-15,BPE.MI,-0.006071236346017497,0.0,bank,0.4457023654474827,other
2025-07-15,MB.MI,0.006541590101753917,0.0,bank,-1.913665771560751,other
2025-07-15,INGA.AS,0.015960383694780724,0.0,bank,0.0804612861920478,other
2025-07-15,ABN.AS,0.009985771836282561,0.0,bank,-0.12757135640344586,other
2025-07-15,KBC.BR,-0.00718287004145993,0.0,bank,0.48686960141089525,other
2025-07-15,EBS.VI,0.005741243835546573,0.0,bank,0.2976788742054292,other
2025-07-15,RBI.VI,0.007790861118368416,0.0,bank,-0.1603862510250389,other
2025-07-15,BG.VI,-0.004048563771998607,0.0,bank,-0.23359860729761434,other
2025-07-15,BIRG.IR,0.028267008538178824,0.0,bank,1.1461139920025163,other
2025-07-15,A5G.IR,0.027004504633153376,0.0,bank,1.6694774266625145,other
2025-07-15,ETE.AT,0.006648165841646626,0.0,bank,1.1896462862934265,other
2025-07-15,EUROB.AT,0.016373606459469135,0.0,bank,0.3949686796988067,other
2025-07-15,ALPHA.AT,0.018935737171327887,0.0,bank,0.7963878613911145,other
2025-07-15,TPEIR.AT,0.040684946553787175,0.0,bank,1.3177710426531568,other
2025-07-15,BCP.LS,0.009118527190525224,0.0,bank,1.9115242988785415,other
2025-07-15,NEXI.MI,0.019432207462461146,0.0,payments,,other
2025-07-15,WLN.PA,0.016188074405499835,0.0,payments,,other
2025-07-15,ADYEN.AS,0.009118848673646613,0.0,payments,,other
2025-07-15,WISE.L,0.046134171245931284,0.0,payments,,other
2025-07-15,SWED-A.ST,0.0014902421002958213,0.0,control_bank,-1.1418669440853995,other
2025-07-15,SHB-A.ST,0.0007527183883304306,0.0,control_bank,-1.476933828719851,other
2025-07-15,DANSKE.CO,-0.002824629196421456,0.0,control_bank,-2.034052437497537,other
2025-07-15,DNB.OL,-0.0003127713159228841,0.0,control_bank,-0.9659534405231625,other
2025-07-15,LLOY.L,0.00950058532179868,0.0,control_bank,,other
2025-07-15,NWG.L,0.006012777734377844,0.0,control_bank,,other
2025-07-15,UBSG.SW,0.011533896315453141,0.0,control_bank,,other
2025-07-15,MA,-0.0016460086794244226,0.0,payments,,other
2025-07-15,V,-0.006863665066941088,0.0,payments,,other
2025-07-15,AXP,-0.026133562107512026,0.0,payments,,other
2025-07-15,PYPL,-0.004331384507209558,0.0,payments,,other
2025-07-15,GPN,-0.017073302636043727,0.0,payments,,other
2025-07-15,AAPL,0.007309479896725818,0.0,gate,,other
2025-07-15,GOOGL,0.006606340828541391,0.0,gate,,other
2025-07-15,AMZN,0.009011938335572461,0.0,gate,,other
2025-07-15,META,-0.009903765157266618,0.0,gate,,other
2025-09-02,DBK.DE,0.013509248802831886,1.0,bank,-1.5981878524090556,design
2025-09-02,CBK.DE,-0.01043498385522049,1.0,bank,-0.1969766074951668,design
2025-09-02,BNP.PA,0.004077209221676549,1.0,bank,-1.8277916820311226,design
2025-09-02,GLE.PA,0.012681211565080275,1.0,bank,-1.8810103807023557,design
2025-09-02,ACA.PA,-0.0018641617749556774,1.0,bank,-0.430377884945561,design
2025-09-02,SAN.MC,0.005991045675841206,1.0,bank,-0.6865870300483472,design
2025-09-02,BBVA.MC,0.016002462113686434,1.0,bank,-0.5472047262920654,design
2025-09-02,CABK.MC,0.003705524161618151,1.0,bank,0.6318798811046288,design
2025-09-02,SAB.MC,0.002633366580913652,1.0,bank,0.2751144903870993,design
2025-09-02,BKT.MC,0.007414749725066411,1.0,bank,0.4179464676689923,design
2025-09-02,UNI.MC,0.011921053396782745,1.0,bank,0.15978485614852456,design
2025-09-02,ISP.MI,0.001830534951325867,1.0,bank,-0.3976038785149957,design
2025-09-02,UCG.MI,0.0025887360753232384,1.0,bank,-0.6729346213298831,design
2025-09-02,BAMI.MI,0.009611767167118408,1.0,bank,-0.5474307600897961,design
2025-09-02,BPE.MI,-0.003718328464528308,1.0,bank,0.4457023654474827,design
2025-09-02,MB.MI,-0.01173587534704167,1.0,bank,-1.913665771560751,design
2025-09-02,INGA.AS,0.01637399558560793,1.0,bank,0.0804612861920478,design
2025-09-02,ABN.AS,0.01946554880595655,1.0,bank,-0.12757135640344586,design
2025-09-02,KBC.BR,0.009880729487492008,1.0,bank,0.48686960141089525,design
2025-09-02,EBS.VI,0.023954332718453333,1.0,bank,0.2976788742054292,design
2025-09-02,RBI.VI,0.01851784345582342,1.0,bank,-0.1603862510250389,design
2025-09-02,BG.VI,0.010689788721866905,1.0,bank,-0.23359860729761434,design
2025-09-02,BIRG.IR,0.013782282033025818,1.0,bank,1.1461139920025163,design
2025-09-02,A5G.IR,0.015340262080572556,1.0,bank,1.6694774266625145,design
2025-09-02,ETE.AT,0.020088116881358118,1.0,bank,1.1896462862934265,design
2025-09-02,EUROB.AT,0.021245898306856893,1.0,bank,0.3949686796988067,design
2025-09-02,ALPHA.AT,0.01292146271391037,1.0,bank,0.7963878613911145,design
2025-09-02,TPEIR.AT,0.02588046292576678,1.0,bank,1.3177710426531568,design
2025-09-02,BCP.LS,0.010137479213250523,1.0,bank,1.9115242988785415,design
2025-09-02,NEXI.MI,0.0021766149165216367,1.0,payments,,design
2025-09-02,WLN.PA,0.050053389884346655,1.0,payments,,design
2025-09-02,ADYEN.AS,-0.006646262406470781,1.0,payments,,design
2025-09-02,WISE.L,0.04632117917707995,1.0,payments,,design
2025-09-02,SWED-A.ST,0.0009916013531716741,0.0,control_bank,-1.1418669440853995,design
2025-09-02,SHB-A.ST,0.005675181914287748,0.0,control_bank,-1.476933828719851,design
2025-09-02,DANSKE.CO,0.0032960998407003273,0.0,control_bank,-2.034052437497537,design
2025-09-02,DNB.OL,0.011054408859863307,0.0,control_bank,-0.9659534405231625,design
2025-09-02,LLOY.L,-0.00072096870364486,0.0,control_bank,,design
2025-09-02,NWG.L,-0.0016132216174367456,0.0,control_bank,,design
2025-09-02,UBSG.SW,-0.005249551250865847,0.0,control_bank,,design
2025-09-19,DBK.DE,0.02245227966142657,0.0,bank,-1.5981878524090556,design
2025-09-19,CBK.DE,0.0054532142420316764,0.0,bank,-0.1969766074951668,design
2025-09-19,BNP.PA,0.018699662061805802,0.0,bank,-1.8277916820311226,design
2025-09-19,GLE.PA,0.016978790415091247,0.0,bank,-1.8810103807023557,design
2025-09-19,ACA.PA,0.016052289202658197,0.0,bank,-0.430377884945561,design
2025-09-19,SAN.MC,0.019553649889111978,0.0,bank,-0.6865870300483472,design
2025-09-19,BBVA.MC,0.016925511264150806,0.0,bank,-0.5472047262920654,design
2025-09-19,CABK.MC,0.015397102964213266,0.0,bank,0.6318798811046288,design
2025-09-19,SAB.MC,0.039602488824392504,0.0,bank,0.2751144903870993,design
2025-09-19,BKT.MC,0.0032480506220496485,0.0,bank,0.4179464676689923,design
2025-09-19,UNI.MC,0.013409239950870533,0.0,bank,0.15978485614852456,design
2025-09-19,ISP.MI,0.00889527604315577,0.0,bank,-0.3976038785149957,design
2025-09-19,UCG.MI,0.010253642611544102,0.0,bank,-0.6729346213298831,design
2025-09-19,BAMI.MI,-0.004670177238447066,0.0,bank,-0.5474307600897961,design
2025-09-19,BPE.MI,0.017267796572041468,0.0,bank,0.4457023654474827,design
2025-09-19,MB.MI,-0.015809005886737528,0.0,bank,-1.913665771560751,design
2025-09-19,INGA.AS,0.012164543765000053,0.0,bank,0.0804612861920478,design
2025-09-19,ABN.AS,0.0019630286844944745,0.0,bank,-0.12757135640344586,design
2025-09-19,KBC.BR,0.009669474556050064,0.0,bank,0.48686960141089525,design
2025-09-19,EBS.VI,-0.01217371932034685,0.0,bank,0.2976788742054292,design
2025-09-19,RBI.VI,0.0037952430805267925,0.0,bank,-0.1603862510250389,design
2025-09-19,BG.VI,0.031138219543182005,0.0,bank,-0.23359860729761434,design
2025-09-19,BIRG.IR,0.011922781038047663,0.0,bank,1.1461139920025163,design
2025-09-19,A5G.IR,0.01746525468498484,0.0,bank,1.6694774266625145,design
2025-09-19,ETE.AT,-0.016514584838008613,0.0,bank,1.1896462862934265,design
2025-09-19,EUROB.AT,0.019682989705720442,0.0,bank,0.3949686796988067,design
2025-09-19,ALPHA.AT,0.003965303969262703,0.0,bank,0.7963878613911145,design
2025-09-19,TPEIR.AT,0.012817530597036886,0.0,bank,1.3177710426531568,design
2025-09-19,BCP.LS,0.01687014258774579,0.0,bank,1.9115242988785415,design
2025-09-19,NEXI.MI,-0.009660494615888162,0.0,payments,,design
2025-09-19,WLN.PA,-0.027641514939832953,0.0,payments,,design
2025-09-19,ADYEN.AS,-0.0002767871008624908,0.0,payments,,design
2025-09-19,WISE.L,-0.002981465450006656,0.0,payments,,design
2025-09-19,SWED-A.ST,0.018299295474115386,0.0,control_bank,-1.1418669440853995,design
2025-09-19,SHB-A.ST,0.021867007082875943,0.0,control_bank,-1.476933828719851,design
2025-09-19,DANSKE.CO,0.01580471863891196,0.0,control_bank,-2.034052437497537,design
2025-09-19,DNB.OL,0.019053294278090115,0.0,control_bank,-0.9659534405231625,design
2025-09-19,LLOY.L,-0.01567906812337229,0.0,control_bank,,design
2025-09-19,NWG.L,-0.022034223952782758,0.0,control_bank,,design
2025-09-19,UBSG.SW,0.02532523579044276,0.0,control_bank,,design
2025-09-19,MA,-0.00588009029732399,0.0,payments,,design
2025-09-19,V,0.007214993982611857,0.0,payments,,design
2025-09-19,AXP,-0.006327275424256462,0.0,payments,,design
2025-09-19,PYPL,-0.006545383409765858,0.0,payments,,design
2025-09-19,GPN,0.001411343476534278,0.0,payments,,design
2025-09-19,AAPL,0.0258884531846348,0.0,gate,,design
2025-09-19,GOOGL,0.005168460729061644,0.0,gate,,design
2025-09-19,AMZN,-0.004646023854292756,0.0,gate,,design
2025-09-19,META,-0.01013317005734354,0.0,gate,,design
2025-10-23,DBK.DE,-0.00415177985949942,-1.0,bank,-1.5981878524090556,impl
2025-10-23,CBK.DE,-0.005180727639212774,-1.0,bank,-0.1969766074951668,impl
2025-10-23,BNP.PA,-0.0024894205469926994,-1.0,bank,-1.8277916820311226,impl
2025-10-23,GLE.PA,0.00015546370579310777,-1.0,bank,-1.8810103807023557,impl
2025-10-23,ACA.PA,-0.0027421362294626204,-1.0,bank,-0.430377884945561,impl
2025-10-23,SAN.MC,-0.0080770090117419,-1.0,bank,-0.6865870300483472,impl
2025-10-23,BBVA.MC,-0.013565054498360027,-1.0,bank,-0.5472047262920654,impl
2025-10-23,CABK.MC,-0.023258688437797312,-1.0,bank,0.6318798811046288,impl
2025-10-23,SAB.MC,-0.018683562893925875,-1.0,bank,0.2751144903870993,impl
2025-10-23,BKT.MC,-0.059542904138372266,-1.0,bank,0.4179464676689923,impl
2025-10-23,UNI.MC,-0.030447626988853407,-1.0,bank,0.15978485614852456,impl
2025-10-23,ISP.MI,-0.005369894059356719,-1.0,bank,-0.3976038785149957,impl
2025-10-23,UCG.MI,0.001766104550299373,-1.0,bank,-0.6729346213298831,impl
2025-10-23,BAMI.MI,0.0005931216088148686,-1.0,bank,-0.5474307600897961,impl
2025-10-23,BPE.MI,-0.02782759623470228,-1.0,bank,0.4457023654474827,impl
2025-10-23,MB.MI,-0.013207965084638316,-1.0,bank,-1.913665771560751,impl
2025-10-23,INGA.AS,-0.006611215503714272,-1.0,bank,0.0804612861920478,impl
2025-10-23,ABN.AS,-0.005358085513264954,-1.0,bank,-0.12757135640344586,impl
2025-10-23,KBC.BR,-0.012184087004939156,-1.0,bank,0.48686960141089525,impl
2025-10-23,EBS.VI,-0.005804835766456354,-1.0,bank,0.2976788742054292,impl
2025-10-23,RBI.VI,0.011618051320165187,-1.0,bank,-0.1603862510250389,impl
2025-10-23,BG.VI,-0.00920504424757839,-1.0,bank,-0.23359860729761434,impl
2025-10-23,BIRG.IR,-0.018305679844461378,-1.0,bank,1.1461139920025163,impl
2025-10-23,A5G.IR,-0.022747884537848633,-1.0,bank,1.6694774266625145,impl
2025-10-23,ETE.AT,-0.03626136631138563,-1.0,bank,1.1896462862934265,impl
2025-10-23,EUROB.AT,0.004751995342830033,-1.0,bank,0.3949686796988067,impl
2025-10-23,ALPHA.AT,0.01361325059716003,-1.0,bank,0.7963878613911145,impl
2025-10-23,TPEIR.AT,-0.009670154167712351,-1.0,bank,1.3177710426531568,impl
2025-10-23,BCP.LS,-0.010356441106039728,-1.0,bank,1.9115242988785415,impl
2025-10-23,NEXI.MI,-0.014067230835112665,-1.0,payments,,impl
2025-10-23,WLN.PA,-0.09859787960236287,-1.0,payments,,impl
2025-10-23,ADYEN.AS,0.0011586784212281823,-1.0,payments,,impl
2025-10-23,WISE.L,-0.007136524529209359,-1.0,payments,,impl
2025-10-23,SWED-A.ST,-0.008693444923117362,0.0,control_bank,-1.1418669440853995,impl
2025-10-23,SHB-A.ST,-0.03455314159089915,0.0,control_bank,-1.476933828719851,impl
2025-10-23,DANSKE.CO,-0.003473726976400489,0.0,control_bank,-2.034052437497537,impl
2025-10-23,DNB.OL,-0.004431901521292289,0.0,control_bank,-0.9659534405231625,impl
2025-10-23,LLOY.L,0.005529992847158834,0.0,control_bank,,impl
2025-10-23,NWG.L,-0.006206166270245053,0.0,control_bank,,impl
2025-10-23,UBSG.SW,0.002609001201834764,0.0,control_bank,,impl
2025-10-23,MA,0.0009418703176430373,-1.0,payments,,impl
2025-10-23,V,-0.0017759195263441672,-1.0,payments,,impl
2025-10-23,AXP,0.0023955114114807413,-1.0,payments,,impl
2025-10-23,PYPL,0.019819933374324524,-1.0,payments,,impl
2025-10-23,GPN,0.015590028683179921,-1.0,payments,,impl
2025-10-23,AAPL,-0.002404072715510212,0.0,gate,,impl
2025-10-23,GOOGL,-0.0009621741664448151,0.0,gate,,impl
2025-10-23,AMZN,0.0073245902568315185,0.0,gate,,impl
2025-10-23,META,-0.008259492831999737,0.0,gate,,impl
2025-10-30,DBK.DE,0.011105653055632717,-1.0,bank,-1.5981878524090556,impl
2025-10-30,CBK.DE,0.009287146095051107,-1.0,bank,-0.1969766074951668,impl
2025-10-30,BNP.PA,-0.002453957202359489,-1.0,bank,-1.8277916820311226,impl
2025-10-30,GLE.PA,-0.029410378323010095,-1.0,bank,-1.8810103807023557,impl
2025-10-30,ACA.PA,-0.04541082305286179,-1.0,bank,-0.430377884945561,impl
2025-10-30,SAN.MC,-0.006457523747708294,-1.0,bank,-0.6865870300483472,impl
2025-10-30,BBVA.MC,-0.009850529850084805,-1.0,bank,-0.5472047262920654,impl
2025-10-30,CABK.MC,0.003358457614900425,-1.0,bank,0.6318798811046288,impl
2025-10-30,SAB.MC,0.004447747548516138,-1.0,bank,0.2751144903870993,impl
2025-10-30,BKT.MC,0.003948334037241147,-1.0,bank,0.4179464676689923,impl
2025-10-30,UNI.MC,0.007241229534754845,-1.0,bank,0.15978485614852456,impl
2025-10-30,ISP.MI,0.0109834874781147,-1.0,bank,-0.3976038785149957,impl
2025-10-30,UCG.MI,-0.001087266011627429,-1.0,bank,-0.6729346213298831,impl
2025-10-30,BAMI.MI,-0.001102628544966025,-1.0,bank,-0.5474307600897961,impl
2025-10-30,BPE.MI,0.012041590378792173,-1.0,bank,0.4457023654474827,impl
2025-10-30,MB.MI,-0.004660182853290527,-1.0,bank,-1.913665771560751,impl
2025-10-30,INGA.AS,0.061432933810621225,-1.0,bank,0.0804612861920478,impl
2025-10-30,ABN.AS,0.015698234595140376,-1.0,bank,-0.12757135640344586,impl
2025-10-30,KBC.BR,0.0011982254695443468,-1.0,bank,0.48686960141089525,impl
2025-10-30,EBS.VI,0.01399347430857431,-1.0,bank,0.2976788742054292,impl
2025-10-30,RBI.VI,0.05107714501931777,-1.0,bank,-0.1603862510250389,impl
2025-10-30,BG.VI,0.008147365807569832,-1.0,bank,-0.23359860729761434,impl
2025-10-30,BIRG.IR,0.006388731468989453,-1.0,bank,1.1461139920025163,impl
2025-10-30,A5G.IR,-0.0026503512639106212,-1.0,bank,1.6694774266625145,impl
2025-10-30,ETE.AT,-0.015383612786002905,-1.0,bank,1.1896462862934265,impl
2025-10-30,EUROB.AT,-0.012139237523574771,-1.0,bank,0.3949686796988067,impl
2025-10-30,ALPHA.AT,0.004363642228476821,-1.0,bank,0.7963878613911145,impl
2025-10-30,TPEIR.AT,-0.015243740769865122,-1.0,bank,1.3177710426531568,impl
2025-10-30,BCP.LS,-0.026819388472059058,-1.0,bank,1.9115242988785415,impl
2025-10-30,NEXI.MI,-0.0005616120261078715,-1.0,payments,,impl
2025-10-30,WLN.PA,-0.011260972569582523,-1.0,payments,,impl
2025-10-30,ADYEN.AS,0.002431390635592809,-1.0,payments,,impl
2025-10-30,WISE.L,0.007121779392111357,-1.0,payments,,impl
2025-10-30,SWED-A.ST,0.007924385900277576,0.0,control_bank,-1.1418669440853995,impl
2025-10-30,SHB-A.ST,0.008993168287013157,0.0,control_bank,-1.476933828719851,impl
2025-10-30,DANSKE.CO,0.0084909418041127,0.0,control_bank,-2.034052437497537,impl
2025-10-30,DNB.OL,-0.002814247196087097,0.0,control_bank,-0.9659534405231625,impl
2025-10-30,LLOY.L,0.007707588437680535,0.0,control_bank,,impl
2025-10-30,NWG.L,0.010594617015551424,0.0,control_bank,,impl
2025-10-30,UBSG.SW,0.006925984963268952,0.0,control_bank,,impl
2025-10-30,MA,0.005500056153154263,-1.0,payments,,impl
2025-10-30,V,0.018103494124722168,-1.0,payments,,impl
2025-10-30,AXP,0.015760689413830523,-1.0,payments,,impl
2025-10-30,PYPL,-0.009989314085398694,-1.0,payments,,impl
2025-10-30,GPN,0.007738476918092729,-1.0,payments,,impl
2025-10-30,AAPL,0.018435178311083725,0.0,gate,,impl
2025-10-30,GOOGL,0.035570770245272845,0.0,gate,,impl
2025-10-30,AMZN,-0.01873685133114509,0.0,gate,,impl
2025-10-30,META,-0.10698999775931714,0.0,gate,,impl
2025-11-03,DBK.DE,0.013555639840045864,1.0,bank,-1.5981878524090556,design
2025-11-03,CBK.DE,0.012006344331617024,1.0,bank,-0.1969766074951668,design
2025-11-03,BNP.PA,-0.019927982886185924,1.0,bank,-1.8277916820311226,design
2025-11-03,GLE.PA,-0.006554334552286567,1.0,bank,-1.8810103807023557,design
2025-11-03,ACA.PA,-0.008614079920894784,1.0,bank,-0.430377884945561,design
2025-11-03,SAN.MC,-0.0011997462600568582,1.0,bank,-0.6865870300483472,design
2025-11-03,BBVA.MC,-0.010617717973967093,1.0,bank,-0.5472047262920654,design
2025-11-03,CABK.MC,-0.011260273069357361,1.0,bank,0.6318798811046288,design
2025-11-03,SAB.MC,0.006583722102280354,1.0,bank,0.2751144903870993,design
2025-11-03,BKT.MC,0.001679914003733446,1.0,bank,0.4179464676689923,design
2025-11-03,UNI.MC,0.011340162172827,1.0,bank,0.15978485614852456,design
2025-11-03,ISP.MI,-0.008958405667256976,1.0,bank,-0.3976038785149957,design
2025-11-03,UCG.MI,-9.748918024524763e-05,1.0,bank,-0.6729346213298831,design
2025-11-03,BAMI.MI,-0.0007319871586446737,1.0,bank,-0.5474307600897961,design
2025-11-03,BPE.MI,0.0024304636654898758,1.0,bank,0.4457023654474827,design
2025-11-03,MB.MI,0.004774764702163771,1.0,bank,-1.913665771560751,design
2025-11-03,INGA.AS,0.0061990146372189,1.0,bank,0.0804612861920478,design
2025-11-03,ABN.AS,0.005438833394077825,1.0,bank,-0.12757135640344586,design
2025-11-03,KBC.BR,0.00564747211224163,1.0,bank,0.48686960141089525,design
2025-11-03,EBS.VI,-0.0010406397834592704,1.0,bank,0.2976788742054292,design
2025-11-03,RBI.VI,-0.0040343264587307205,1.0,bank,-0.1603862510250389,design
2025-11-03,BG.VI,0.015650177304870207,1.0,bank,-0.23359860729761434,design
2025-11-03,BIRG.IR,-0.000779535358991495,1.0,bank,1.1461139920025163,design
2025-11-03,A5G.IR,-0.0007635487658267559,1.0,bank,1.6694774266625145,design
2025-11-03,ETE.AT,0.025835155733286288,1.0,bank,1.1896462862934265,design
2025-11-03,EUROB.AT,0.009510095003817035,1.0,bank,0.3949686796988067,design
2025-11-03,ALPHA.AT,0.028603745827752686,1.0,bank,0.7963878613911145,design
2025-11-03,TPEIR.AT,0.03346240756630007,1.0,bank,1.3177710426531568,design
2025-11-03,BCP.LS,-0.005104084918462903,1.0,bank,1.9115242988785415,design
2025-11-03,NEXI.MI,-0.011242490987298069,1.0,payments,,design
2025-11-03,WLN.PA,-0.03980267690948778,1.0,payments,,design
2025-11-03,ADYEN.AS,-0.025654186493006055,1.0,payments,,design
2025-11-03,WISE.L,-0.012343003308303652,1.0,payments,,design
2025-11-03,SWED-A.ST,0.0005838026357584299,0.0,control_bank,-1.1418669440853995,design
2025-11-03,SHB-A.ST,-0.0032282395233002256,0.0,control_bank,-1.476933828719851,design
2025-11-03,DANSKE.CO,0.0012252814069117317,0.0,control_bank,-2.034052437497537,design
2025-11-03,DNB.OL,0.013224522452211878,0.0,control_bank,-0.9659534405231625,design
2025-11-03,LLOY.L,0.0009684721821415806,0.0,control_bank,,design
2025-11-03,NWG.L,-0.002661358305160911,0.0,control_bank,,design
2025-11-03,UBSG.SW,-0.004193673160670114,0.0,control_bank,,design
2025-11-03,MA,-0.015022610593098892,1.0,payments,,design
2025-11-03,V,-0.01207177431383983,1.0,payments,,design
2025-11-03,AXP,0.0017123620998984101,1.0,payments,,design
2025-11-03,PYPL,-0.011929343515982897,1.0,payments,,design
2025-11-03,GPN,-0.008743909277658498,1.0,payments,,design
2025-11-03,AAPL,-0.0067512187212200375,0.0,gate,,design
2025-11-03,GOOGL,0.006947637922222982,0.0,gate,,design
2025-11-03,AMZN,0.03775635839416517,0.0,gate,,design
2025-11-03,META,-0.01980358693332537,0.0,gate,,design
2025-12-19,DBK.DE,0.0043772640186247784,0.0,bank,-1.5981878524090556,design
2025-12-19,CBK.DE,0.011091350695524492,0.0,bank,-0.1969766074951668,design
2025-12-19,BNP.PA,-0.0007896330701330865,0.0,bank,-1.8277916820311226,design
2025-12-19,GLE.PA,0.00043185156693574794,0.0,bank,-1.8810103807023557,design
2025-12-19,ACA.PA,0.005321946728032267,0.0,bank,-0.430377884945561,design
2025-12-19,SAN.MC,-0.007943652280341874,0.0,bank,-0.6865870300483472,design
2025-12-19,BBVA.MC,0.0059070248315263515,0.0,bank,-0.5472047262920654,design
2025-12-19,CABK.MC,-0.004372459484667383,0.0,bank,0.6318798811046288,design
2025-12-19,SAB.MC,0.010617106974171099,0.0,bank,0.2751144903870993,design
2025-12-19,BKT.MC,-0.00042196072846797765,0.0,bank,0.4179464676689923,design
2025-12-19,UNI.MC,0.0035241195387664967,0.0,bank,0.15978485614852456,design
2025-12-19,ISP.MI,0.0007455566277655432,0.0,bank,-0.3976038785149957,design
2025-12-19,UCG.MI,-0.011861429414393087,0.0,bank,-0.6729346213298831,design
2025-12-19,BAMI.MI,0.008362633836462206,0.0,bank,-0.5474307600897961,design
2025-12-19,BPE.MI,0.00035825938084324896,0.0,bank,0.4457023654474827,design
2025-12-19,MB.MI,0.001300762646583348,0.0,bank,-1.913665771560751,design
2025-12-19,INGA.AS,0.002925856876888858,0.0,bank,0.0804612861920478,design
2025-12-19,ABN.AS,-0.001377372887958655,0.0,bank,-0.12757135640344586,design
2025-12-19,KBC.BR,0.00013934123128247827,0.0,bank,0.48686960141089525,design
2025-12-19,EBS.VI,0.009618084897454578,0.0,bank,0.2976788742054292,design
2025-12-19,RBI.VI,0.02243612077426336,0.0,bank,-0.1603862510250389,design
2025-12-19,BG.VI,0.018482725988906983,0.0,bank,-0.23359860729761434,design
2025-12-19,BIRG.IR,-0.0038006321344256594,0.0,bank,1.1461139920025163,design
2025-12-19,A5G.IR,0.005439356964477799,0.0,bank,1.6694774266625145,design
2025-12-19,ETE.AT,0.011911841111333771,0.0,bank,1.1896462862934265,design
2025-12-19,ALPHA.AT,0.008653844713054918,0.0,bank,0.7963878613911145,design
2025-12-19,TPEIR.AT,-0.004060601815434872,0.0,bank,1.3177710426531568,design
2025-12-19,BCP.LS,0.008425752134547129,0.0,bank,1.9115242988785415,design
2025-12-19,NEXI.MI,-0.001124863734269914,-1.0,payments,,design
2025-12-19,WLN.PA,-0.07824383980232466,-1.0,payments,,design
2025-12-19,ADYEN.AS,0.005934322556484387,-1.0,payments,,design
2025-12-19,WISE.L,0.005767733263416945,-1.0,payments,,design
2025-12-19,SWED-A.ST,0.008284179517250481,0.0,control_bank,-1.1418669440853995,design
2025-12-19,SHB-A.ST,0.007117123046776901,0.0,control_bank,-1.476933828719851,design
2025-12-19,DANSKE.CO,0.010767759440311022,0.0,control_bank,-2.034052437497537,design
2025-12-19,DNB.OL,0.015181070972042396,0.0,control_bank,-0.9659534405231625,design
2025-12-19,LLOY.L,0.006806558834958773,0.0,control_bank,,design
2025-12-19,NWG.L,0.001591776399093428,0.0,control_bank,,design
2025-12-19,UBSG.SW,3.81771004454713e-05,0.0,control_bank,,design
2025-12-19,MA,0.0053515230068946935,-1.0,payments,,design
2025-12-19,V,0.0037960485007857746,-1.0,payments,,design
2025-12-19,AXP,-0.006992407184679212,-1.0,payments,,design
2025-12-19,PYPL,-0.0005890570322212782,-1.0,payments,,design
2025-12-19,GPN,-0.024602792605694167,-1.0,payments,,design
2025-12-19,AAPL,-0.004906771713749578,-1.0,gate,,design
2025-12-19,GOOGL,0.005713740859704934,-1.0,gate,,design
2025-12-19,AMZN,-0.00835133281659469,-1.0,gate,,design
2025-12-19,META,-0.021862820649667956,-1.0,gate,,design
2026-03-05,DBK.DE,0.001220631525604629,-1.0,bank,-1.5981878524090556,impl
2026-03-05,CBK.DE,-0.005939684140244976,-1.0,bank,-0.1969766074951668,impl
2026-03-05,BNP.PA,-0.00630730527245835,-1.0,bank,-1.8277916820311226,impl
2026-03-05,GLE.PA,-0.01234632728621472,-1.0,bank,-1.8810103807023557,impl
2026-03-05,ACA.PA,-0.019595538053540484,-1.0,bank,-0.430377884945561,impl
2026-03-05,SAN.MC,-0.0039557856839987846,-1.0,bank,-0.6865870300483472,impl
2026-03-05,BBVA.MC,0.0067177949698219285,-1.0,bank,-0.5472047262920654,impl
2026-03-05,CABK.MC,0.013998960933305422,-1.0,bank,0.6318798811046288,impl
2026-03-05,SAB.MC,0.005210565739964999,-1.0,bank,0.2751144903870993,impl
2026-03-05,BKT.MC,0.0124661754705181,-1.0,bank,0.4179464676689923,impl
2026-03-05,UNI.MC,0.006721491434463243,-1.0,bank,0.15978485614852456,impl
2026-03-05,ISP.MI,0.0018903761339533684,-1.0,bank,-0.3976038785149957,impl
2026-03-05,UCG.MI,-0.0033962174180196085,-1.0,bank,-0.6729346213298831,impl
2026-03-05,BAMI.MI,-0.0003701815335728949,-1.0,bank,-0.5474307600897961,impl
2026-03-05,BPE.MI,1.0937520193744776e-05,-1.0,bank,0.4457023654474827,impl
2026-03-05,MB.MI,-0.02964786702869535,-1.0,bank,-1.913665771560751,impl
2026-03-05,INGA.AS,0.009074383450511288,-1.0,bank,0.0804612861920478,impl
2026-03-05,ABN.AS,-0.0018010972639056592,-1.0,bank,-0.12757135640344586,impl
2026-03-05,KBC.BR,0.008891659304453252,-1.0,bank,0.48686960141089525,impl
2026-03-05,EBS.VI,-0.0012805209324247384,-1.0,bank,0.2976788742054292,impl
2026-03-05,RBI.VI,0.0076438968775295185,-1.0,bank,-0.1603862510250389,impl
2026-03-05,BG.VI,0.0020326895980700525,-1.0,bank,-0.23359860729761434,impl
2026-03-05,BIRG.IR,0.010486748715471396,-1.0,bank,1.1461139920025163,impl
2026-03-05,A5G.IR,0.011540344241437031,-1.0,bank,1.6694774266625145,impl
2026-03-05,ETE.AT,0.02903761562524472,-1.0,bank,1.1896462862934265,impl
2026-03-05,EUROB.AT,0.02498105537962645,-1.0,bank,0.3949686796988067,impl
2026-03-05,ALPHA.AT,0.050352647405137896,-1.0,bank,0.7963878613911145,impl
2026-03-05,TPEIR.AT,0.038548558830479925,-1.0,bank,1.3177710426531568,impl
2026-03-05,BCP.LS,-0.007246096710603233,-1.0,bank,1.9115242988785415,impl
2026-03-05,NEXI.MI,-0.16525947162326188,0.0,payments,,impl
2026-03-05,WLN.PA,-0.020710311809985265,0.0,payments,,impl
2026-03-05,ADYEN.AS,-0.012881551223688052,0.0,payments,,impl
2026-03-05,WISE.L,-0.004693698157853955,0.0,payments,,impl
2026-03-05,SWED-A.ST,0.0016468943536255658,0.0,control_bank,-1.1418669440853995,impl
2026-03-05,SHB-A.ST,-0.0021434070774295055,0.0,control_bank,-1.476933828719851,impl
2026-03-05,DANSKE.CO,0.006670261396068395,0.0,control_bank,-2.034052437497537,impl
2026-03-05,DNB.OL,0.0002742291796420174,0.0,control_bank,-0.9659534405231625,impl
2026-03-05,LLOY.L,0.005792008179512163,0.0,control_bank,,impl
2026-03-05,NWG.L,0.005238038898599579,0.0,control_bank,,impl
2026-03-05,UBSG.SW,0.0029091257690719817,0.0,control_bank,,impl
2026-03-05,MA,0.007617220487727665,0.0,payments,,impl
2026-03-05,V,0.0021731604620245978,0.0,payments,,impl
2026-03-05,AXP,-0.00441015265879763,0.0,payments,,impl
2026-03-05,PYPL,0.029209825895716378,0.0,payments,,impl
2026-03-05,GPN,0.018216853969686718,0.0,payments,,impl
2026-03-05,AAPL,-0.0015290645351783323,0.0,gate,,impl
2026-03-05,GOOGL,-0.001412968241310801,0.0,gate,,impl
2026-03-05,AMZN,0.01809345948111261,0.0,gate,,impl
2026-03-05,META,-0.003559646938888242,0.0,gate,,impl
2026-06-23,DBK.DE,0.0007639975272042861,1.0,bank,-1.5981878524090556,design
2026-06-23,CBK.DE,0.0046915600086134815,1.0,bank,-0.1969766074951668,design
2026-06-23,BNP.PA,0.007418705374296917,1.0,bank,-1.8277916820311226,design
2026-06-23,GLE.PA,-0.00657872802794849,1.0,bank,-1.8810103807023557,design
2026-06-23,ACA.PA,0.0030864537614964356,1.0,bank,-0.430377884945561,design
2026-06-23,SAN.MC,0.00939465524080874,1.0,bank,-0.6865870300483472,design
2026-06-23,BBVA.MC,0.012095403531692946,1.0,bank,-0.5472047262920654,design
2026-06-23,CABK.MC,0.00047473841675047326,1.0,bank,0.6318798811046288,design
2026-06-23,SAB.MC,0.0074376104384029735,1.0,bank,0.2751144903870993,design
2026-06-23,BKT.MC,-0.0025322125346639458,1.0,bank,0.4179464676689923,design
2026-06-23,UNI.MC,0.005989706436180784,1.0,bank,0.15978485614852456,design
2026-06-23,ISP.MI,-0.004741229148634828,1.0,bank,-0.3976038785149957,design
2026-06-23,UCG.MI,0.0004502478014587596,1.0,bank,-0.6729346213298831,design
2026-06-23,BAMI.MI,0.0051298143485324415,1.0,bank,-0.5474307600897961,design
2026-06-23,BPE.MI,0.0047150664963660025,1.0,bank,0.4457023654474827,design
2026-06-23,MB.MI,0.0005145891670843353,1.0,bank,-1.913665771560751,design
2026-06-23,INGA.AS,0.0032865904940873065,1.0,bank,0.0804612861920478,design
2026-06-23,ABN.AS,-0.007897816288571797,1.0,bank,-0.12757135640344586,design
2026-06-23,KBC.BR,-0.01364334941224793,1.0,bank,0.48686960141089525,design
2026-06-23,EBS.VI,0.006419529354380418,1.0,bank,0.2976788742054292,design
2026-06-23,RBI.VI,0.010933261056479227,1.0,bank,-0.1603862510250389,design
2026-06-23,BG.VI,0.01450958577160082,1.0,bank,-0.23359860729761434,design
2026-06-23,BIRG.IR,-0.010796383806671557,1.0,bank,1.1461139920025163,design
2026-06-23,A5G.IR,-0.0011211439223630295,1.0,bank,1.6694774266625145,design
2026-06-23,ETE.AT,-0.0018820880543587819,1.0,bank,1.1896462862934265,design
2026-06-23,EUROB.AT,-0.008611399655664449,1.0,bank,0.3949686796988067,design
2026-06-23,ALPHA.AT,-0.006459775931800325,1.0,bank,0.7963878613911145,design
2026-06-23,TPEIR.AT,-0.011369153011381208,1.0,bank,1.3177710426531568,design
2026-06-23,BCP.LS,-0.002205913152443742,1.0,bank,1.9115242988785415,design
2026-06-23,NEXI.MI,-0.0021392999210020167,-1.0,payments,,design
2026-06-23,WLN.PA,0.011236092685020191,-1.0,payments,,design
2026-06-23,ADYEN.AS,-0.02931551969130843,-1.0,payments,,design
2026-06-23,WISE.L,0.011866752203748658,-1.0,payments,,design
2026-06-23,SWED-A.ST,-0.0028005168280712638,0.0,control_bank,-1.1418669440853995,design
2026-06-23,SHB-A.ST,0.0010088777929024026,0.0,control_bank,-1.476933828719851,design
2026-06-23,DANSKE.CO,-0.004017611758539262,0.0,control_bank,-2.034052437497537,design
2026-06-23,DNB.OL,-0.008779368598726672,0.0,control_bank,-0.9659534405231625,design
2026-06-23,LLOY.L,0.010818297244382845,0.0,control_bank,,design
2026-06-23,NWG.L,0.002213541605804085,0.0,control_bank,,design
2026-06-23,UBSG.SW,-0.0007710765851600913,0.0,control_bank,,design
2026-06-23,MA,0.018286777839611933,-1.0,payments,,design
2026-06-23,V,0.015974310333884793,-1.0,payments,,design
2026-06-23,AXP,0.01873360818880407,-1.0,payments,,design
2026-06-23,PYPL,0.005572906094186278,-1.0,payments,,design
2026-06-23,GPN,0.007425440949249124,-1.0,payments,,design
2026-06-23,AAPL,0.00840092978436942,0.0,gate,,design
2026-06-23,GOOGL,0.005430871219237944,0.0,gate,,design
2026-06-23,AMZN,0.025791349973154024,0.0,gate,,design
2026-06-23,META,0.01678701110966203,0.0,gate,,design
2026-06-26,DBK.DE,-0.014229233086315334,0.0,bank,-1.5981878524090556,other
2026-06-26,CBK.DE,0.022266865838920655,0.0,bank,-0.1969766074951668,other
2026-06-26,BNP.PA,-0.009517807551105087,0.0,bank,-1.8277916820311226,other
2026-06-26,GLE.PA,-0.005346253446454403,0.0,bank,-1.8810103807023557,other
2026-06-26,ACA.PA,-0.0003185043416105444,0.0,bank,-0.430377884945561,other
2026-06-26,SAN.MC,0.004348511343217003,0.0,bank,-0.6865870300483472,other
2026-06-26,BBVA.MC,0.0020448516629751803,0.0,bank,-0.5472047262920654,other
2026-06-26,CABK.MC,0.006534283246175228,0.0,bank,0.6318798811046288,other
2026-06-26,SAB.MC,0.003621425257200683,0.0,bank,0.2751144903870993,other
2026-06-26,BKT.MC,0.020141466407797355,0.0,bank,0.4179464676689923,other
2026-06-26,UNI.MC,0.008444065653255305,0.0,bank,0.15978485614852456,other
2026-06-26,ISP.MI,-0.0025657099334017944,0.0,bank,-0.3976038785149957,other
2026-06-26,UCG.MI,-0.0015602433113443975,0.0,bank,-0.6729346213298831,other
2026-06-26,BAMI.MI,-0.008084126422545908,0.0,bank,-0.5474307600897961,other
2026-06-26,BPE.MI,0.005092923164934402,0.0,bank,0.4457023654474827,other
2026-06-26,MB.MI,-0.0025634025673610065,0.0,bank,-1.913665771560751,other
2026-06-26,INGA.AS,0.0021013441419960276,0.0,bank,0.0804612861920478,other
2026-06-26,ABN.AS,-0.007731685879355956,0.0,bank,-0.12757135640344586,other
2026-06-26,KBC.BR,0.004925381055098004,0.0,bank,0.48686960141089525,other
2026-06-26,EBS.VI,-0.005020064131230011,0.0,bank,0.2976788742054292,other
2026-06-26,RBI.VI,0.01162292690377555,0.0,bank,-0.1603862510250389,other
2026-06-26,BG.VI,0.0032075739386922646,0.0,bank,-0.23359860729761434,other
2026-06-26,BIRG.IR,0.008229754312402474,0.0,bank,1.1461139920025163,other
2026-06-26,A5G.IR,0.003559731623162036,0.0,bank,1.6694774266625145,other
2026-06-26,ETE.AT,0.004372792314695791,0.0,bank,1.1896462862934265,other
2026-06-26,EUROB.AT,0.01378665997058529,0.0,bank,0.3949686796988067,other
2026-06-26,ALPHA.AT,-0.00908063527669516,0.0,bank,0.7963878613911145,other
2026-06-26,TPEIR.AT,-0.0044940679506209995,0.0,bank,1.3177710426531568,other
2026-06-26,BCP.LS,0.0032245756073337488,0.0,bank,1.9115242988785415,other
2026-06-26,NEXI.MI,0.015583351922838839,0.0,payments,,other
2026-06-26,WLN.PA,0.037657510543227635,0.0,payments,,other
2026-06-26,ADYEN.AS,0.004881391920520291,0.0,payments,,other
2026-06-26,WISE.L,0.09409274156606692,0.0,payments,,other
2026-06-26,SWED-A.ST,0.014231868093083699,0.0,control_bank,-1.1418669440853995,other
2026-06-26,SHB-A.ST,0.007912830036314242,0.0,control_bank,-1.476933828719851,other
2026-06-26,DANSKE.CO,0.0031403328191371193,0.0,control_bank,-2.034052437497537,other
2026-06-26,DNB.OL,0.005668240867995083,0.0,control_bank,-0.9659534405231625,other
2026-06-26,LLOY.L,0.0009207470029878977,0.0,control_bank,,other
2026-06-26,NWG.L,0.0037704547352090103,0.0,control_bank,,other
2026-06-26,UBSG.SW,-0.013948648322511612,0.0,control_bank,,other
2026-06-26,MA,0.02132089040046397,0.0,payments,,other
2026-06-26,V,0.017875449921595673,0.0,payments,,other
2026-06-26,AXP,-0.004149037473850491,0.0,payments,,other
2026-06-26,PYPL,0.048271002833265374,0.0,payments,,other
2026-06-26,GPN,0.026286115840686478,0.0,payments,,other
2026-06-26,AAPL,0.03165526880708304,0.0,gate,,other
2026-06-26,GOOGL,-0.018179966589688894,0.0,gate,,other
2026-06-26,AMZN,0.026134599993861477,0.0,gate,,other
2026-06-26,META,0.013356090990841783,0.0,gate,,other
2026-07-06,DBK.DE,0.015747536146208684,0.0,bank,-1.5981878524090556,other
2026-07-06,CBK.DE,0.011510072830634028,0.0,bank,-0.1969766074951668,other
2026-07-06,BNP.PA,0.009366018034218625,0.0,bank,-1.8277916820311226,other
2026-07-06,GLE.PA,0.004007931184931599,0.0,bank,-1.8810103807023557,other
2026-07-06,ACA.PA,0.007557271230368891,0.0,bank,-0.430377884945561,other
2026-07-06,SAN.MC,0.008605304243421426,0.0,bank,-0.6865870300483472,other
2026-07-06,BBVA.MC,0.0016502952072203064,0.0,bank,-0.5472047262920654,other
2026-07-06,CABK.MC,0.0074133350187044105,0.0,bank,0.6318798811046288,other
2026-07-06,SAB.MC,0.015324303326849871,0.0,bank,0.2751144903870993,other
2026-07-06,BKT.MC,0.013563387326727688,0.0,bank,0.4179464676689923,other
2026-07-06,UNI.MC,0.004281643675789189,0.0,bank,0.15978485614852456,other
2026-07-06,ISP.MI,0.01302921058506855,0.0,bank,-0.3976038785149957,other
2026-07-06,UCG.MI,-0.0015947554503003684,0.0,bank,-0.6729346213298831,other
2026-07-06,BAMI.MI,0.021455616467969566,0.0,bank,-0.5474307600897961,other
2026-07-06,BPE.MI,0.008734962408477497,0.0,bank,0.4457023654474827,other
2026-07-06,MB.MI,0.0027590498725003614,0.0,bank,-1.913665771560751,other
2026-07-06,INGA.AS,0.01637549629038418,0.0,bank,0.0804612861920478,other
2026-07-06,ABN.AS,0.009185740059743487,0.0,bank,-0.12757135640344586,other
2026-07-06,KBC.BR,0.004780086731729187,0.0,bank,0.48686960141089525,other
2026-07-06,EBS.VI,0.005431009215573774,0.0,bank,0.2976788742054292,other
2026-07-06,RBI.VI,0.015458500366870692,0.0,bank,-0.1603862510250389,other
2026-07-06,BG.VI,0.0028884960906855337,0.0,bank,-0.23359860729761434,other
2026-07-06,BIRG.IR,0.01415265198793413,0.0,bank,1.1461139920025163,other
2026-07-06,A5G.IR,-0.0036369353131916913,0.0,bank,1.6694774266625145,other
2026-07-06,ETE.AT,0.013017768678375358,0.0,bank,1.1896462862934265,other
2026-07-06,EUROB.AT,0.019883699085684856,0.0,bank,0.3949686796988067,other
2026-07-06,ALPHA.AT,0.024630669575564413,0.0,bank,0.7963878613911145,other
2026-07-06,TPEIR.AT,0.015083804211938626,0.0,bank,1.3177710426531568,other
2026-07-06,BCP.LS,0.003874561197914182,0.0,bank,1.9115242988785415,other
2026-07-06,NEXI.MI,-0.009127041720239258,0.0,payments,,other
2026-07-06,WLN.PA,-0.05011759515282957,0.0,payments,,other
2026-07-06,ADYEN.AS,0.01439703173029031,0.0,payments,,other
2026-07-06,WISE.L,0.010058336345335029,0.0,payments,,other
2026-07-06,SWED-A.ST,0.0032637888698101272,0.0,control_bank,-1.1418669440853995,other
2026-07-06,SHB-A.ST,0.007482417477048,0.0,control_bank,-1.476933828719851,other
2026-07-06,DANSKE.CO,0.012579282532582024,0.0,control_bank,-2.034052437497537,other
2026-07-06,DNB.OL,0.00210052279999866,0.0,control_bank,-0.9659534405231625,other
2026-07-06,LLOY.L,0.004259661897558964,0.0,control_bank,,other
2026-07-06,NWG.L,0.0056267104034779525,0.0,control_bank,,other
2026-07-06,UBSG.SW,0.01901145148450625,0.0,control_bank,,other
2026-07-09,DBK.DE,-0.0033537502655517637,1.0,bank,-1.5981878524090556,design
2026-07-09,CBK.DE,0.0028468134313576893,1.0,bank,-0.1969766074951668,design
2026-07-09,BNP.PA,0.005455452120815312,1.0,bank,-1.8277916820311226,design
2026-07-09,GLE.PA,0.015640714630625184,1.0,bank,-1.8810103807023557,design
2026-07-09,ACA.PA,0.007347293105921383,1.0,bank,-0.430377884945561,design
2026-07-09,SAN.MC,0.0046871214514125695,1.0,bank,-0.6865870300483472,design
2026-07-09,BBVA.MC,-0.0023997582118173016,1.0,bank,-0.5472047262920654,design
2026-07-09,CABK.MC,0.013001463232639312,1.0,bank,0.6318798811046288,design
2026-07-09,SAB.MC,0.015652485953105668,1.0,bank,0.2751144903870993,design
2026-07-09,BKT.MC,0.01324901421298355,1.0,bank,0.4179464676689923,design
2026-07-09,UNI.MC,0.018344921527463563,1.0,bank,0.15978485614852456,design
2026-07-09,ISP.MI,0.008804618909072085,1.0,bank,-0.3976038785149957,design
2026-07-09,UCG.MI,0.014228018657443595,1.0,bank,-0.6729346213298831,design
2026-07-09,BAMI.MI,0.003110484793918268,1.0,bank,-0.5474307600897961,design
2026-07-09,BPE.MI,-0.00022232167595349905,1.0,bank,0.4457023654474827,design
2026-07-09,MB.MI,0.01366721570492058,1.0,bank,-1.913665771560751,design
2026-07-09,INGA.AS,0.012544056931130485,1.0,bank,0.0804612861920478,design
2026-07-09,ABN.AS,0.003585776161406566,1.0,bank,-0.12757135640344586,design
2026-07-09,KBC.BR,0.006509395310401931,1.0,bank,0.48686960141089525,design
2026-07-09,EBS.VI,0.027651115398445225,1.0,bank,0.2976788742054292,design
2026-07-09,RBI.VI,0.004466434133062917,1.0,bank,-0.1603862510250389,design
2026-07-09,BG.VI,-0.007111798948054792,1.0,bank,-0.23359860729761434,design
2026-07-09,BIRG.IR,0.00017756454739347068,1.0,bank,1.1461139920025163,design
2026-07-09,A5G.IR,-0.0019894429719213317,1.0,bank,1.6694774266625145,design
2026-07-09,ETE.AT,0.012099193356889889,1.0,bank,1.1896462862934265,design
2026-07-09,EUROB.AT,0.0029792282693305687,1.0,bank,0.3949686796988067,design
2026-07-09,ALPHA.AT,-0.012166852084744372,1.0,bank,0.7963878613911145,design
2026-07-09,TPEIR.AT,0.005013266372399159,1.0,bank,1.3177710426531568,design
2026-07-09,BCP.LS,0.005494498560362552,1.0,bank,1.9115242988785415,design
2026-07-09,NEXI.MI,0.0042102679598660046,-1.0,payments,,design
2026-07-09,WLN.PA,-0.018841179426883008,-1.0,payments,,design
2026-07-09,ADYEN.AS,-0.007022912841471238,-1.0,payments,,design
2026-07-09,WISE.L,-0.018762457203702676,-1.0,payments,,design
2026-07-09,SWED-A.ST,0.008713558852491702,0.0,control_bank,-1.1418669440853995,design
2026-07-09,SHB-A.ST,0.010227018023626062,0.0,control_bank,-1.476933828719851,design
2026-07-09,DANSKE.CO,0.01742233975534996,0.0,control_bank,-2.034052437497537,design
2026-07-09,DNB.OL,-0.0012818680695951697,0.0,control_bank,-0.9659534405231625,design
2026-07-09,LLOY.L,0.000961837036256739,0.0,control_bank,,design
2026-07-09,NWG.L,0.009482412990777718,0.0,control_bank,,design
2026-07-09,UBSG.SW,0.010745529700210688,0.0,control_bank,,design
2026-07-09,MA,0.00329617304939913,-1.0,payments,,design
2026-07-09,V,-0.003144257154048178,-1.0,payments,,design
2026-07-09,AXP,0.021462448166089144,-1.0,payments,,design
2026-07-09,PYPL,0.011585670748196542,-1.0,payments,,design
2026-07-09,GPN,0.01040808560322277,-1.0,payments,,design
2026-07-09,AAPL,-0.0005361878596007678,0.0,gate,,design
2026-07-09,GOOGL,-0.017383363151742937,0.0,gate,,design
2026-07-09,AMZN,0.0038861744514711305,0.0,gate,,design
2026-07-09,META,0.033622859721874114,0.0,gate,,design
2026-07-14,DBK.DE,0.0010182002559132007,-1.0,bank,-1.5981878524090556,impl
2026-07-14,CBK.DE,-0.00873115979835978,-1.0,bank,-0.1969766074951668,impl
2026-07-14,BNP.PA,0.0030483178984242413,-1.0,bank,-1.8277916820311226,impl
2026-07-14,GLE.PA,-0.007421042010495836,-1.0,bank,-1.8810103807023557,impl
2026-07-14,ACA.PA,0.0071497217803216315,-1.0,bank,-0.430377884945561,impl
2026-07-14,SAN.MC,-0.014219934191057151,-1.0,bank,-0.6865870300483472,impl
2026-07-14,BBVA.MC,-0.0053431535439635285,-1.0,bank,-0.5472047262920654,impl
2026-07-14,CABK.MC,-0.005834441548089832,-1.0,bank,0.6318798811046288,impl
2026-07-14,SAB.MC,-0.01852530421681952,-1.0,bank,0.2751144903870993,impl
2026-07-14,BKT.MC,-0.005198175301109878,-1.0,bank,0.4179464676689923,impl
2026-07-14,UNI.MC,-0.012561585392376886,-1.0,bank,0.15978485614852456,impl
2026-07-14,ISP.MI,-0.006453241045228893,-1.0,bank,-0.3976038785149957,impl
2026-07-14,UCG.MI,-0.019241066499876565,-1.0,bank,-0.6729346213298831,impl
2026-07-14,BAMI.MI,-0.01639308828930991,-1.0,bank,-0.5474307600897961,impl
2026-07-14,BPE.MI,-0.024055673628080046,-1.0,bank,0.4457023654474827,impl
2026-07-14,MB.MI,-0.013981224272549136,-1.0,bank,-1.913665771560751,impl
2026-07-14,INGA.AS,0.0013446242424193736,-1.0,bank,0.0804612861920478,impl
2026-07-14,ABN.AS,-0.004214942638004319,-1.0,bank,-0.12757135640344586,impl
2026-07-14,KBC.BR,-0.0008691855861561494,-1.0,bank,0.48686960141089525,impl
2026-07-14,EBS.VI,-0.008525826820560802,-1.0,bank,0.2976788742054292,impl
2026-07-14,RBI.VI,0.02972705246965344,-1.0,bank,-0.1603862510250389,impl
2026-07-14,BG.VI,-0.016375843846489095,-1.0,bank,-0.23359860729761434,impl
2026-07-14,BIRG.IR,-0.008042836844108614,-1.0,bank,1.1461139920025163,impl
2026-07-14,A5G.IR,-0.007587661494779706,-1.0,bank,1.6694774266625145,impl
2026-07-14,ETE.AT,-0.024670021343060684,-1.0,bank,1.1896462862934265,impl
2026-07-14,EUROB.AT,-0.004210932072401427,-1.0,bank,0.3949686796988067,impl
2026-07-14,ALPHA.AT,-0.00544817796554592,-1.0,bank,0.7963878613911145,impl
2026-07-14,TPEIR.AT,-0.0008708382104145474,-1.0,bank,1.3177710426531568,impl
2026-07-14,BCP.LS,-0.0013521399224293677,-1.0,bank,1.9115242988785415,impl
2026-07-14,NEXI.MI,-0.002136198444744604,0.0,payments,,impl
2026-07-14,WLN.PA,-0.006740601453627288,0.0,payments,,impl
2026-07-14,ADYEN.AS,-0.013430745571268894,0.0,payments,,impl
2026-07-14,WISE.L,-0.00909072068793796,0.0,payments,,impl
2026-07-14,SWED-A.ST,0.0037243187836861185,0.0,control_bank,-1.1418669440853995,impl
2026-07-14,SHB-A.ST,0.0023969248078891236,0.0,control_bank,-1.476933828719851,impl
2026-07-14,DANSKE.CO,0.015016936738762138,0.0,control_bank,-2.034052437497537,impl
2026-07-14,DNB.OL,-0.014799200494990127,0.0,control_bank,-0.9659534405231625,impl
2026-07-14,LLOY.L,0.0016404313706563332,0.0,control_bank,,impl
2026-07-14,NWG.L,-0.019609187155668333,0.0,control_bank,,impl
2026-07-14,UBSG.SW,0.030992030406600715,0.0,control_bank,,impl
2026-07-14,MA,-0.0013155106546364533,0.0,payments,,impl
2026-07-14,V,-0.006963621775056509,0.0,payments,,impl
2026-07-14,AXP,-0.0015306829405573293,0.0,payments,,impl
2026-07-14,PYPL,-0.0067195329880412455,0.0,payments,,impl
2026-07-14,GPN,-0.015323112875880708,0.0,payments,,impl
2026-07-14,AAPL,-0.012047304990406335,0.0,gate,,impl
2026-07-14,GOOGL,0.015437466185430158,0.0,gate,,impl
2026-07-14,AMZN,-0.0034991317990215533,0.0,gate,,impl
2026-07-14,META,0.0003996249520176612,0.0,gate,,impl
