event_date,firm,car,group,grp,direction,z
2020-10-02,DBK.DE,0.015294145297380001,bank,bank,-1.0,-1.5981878524090556
2020-10-02,CBK.DE,0.010739839319095926,bank,bank,-1.0,-0.1969766074951668
2020-10-02,BNP.PA,-0.004035944915000963,bank,bank,-1.0,-1.8277916820311226
2020-10-02,GLE.PA,0.0004347241142714838,bank,bank,-1.0,-1.8810103807023557
2020-10-02,ACA.PA,-0.010372212987281741,bank,bank,-1.0,-0.430377884945561
2020-10-02,SAN.MC,0.0015118648660193898,bank,bank,-1.0,-0.6865870300483472
2020-10-02,BBVA.MC,0.0022048102767609533,bank,bank,-1.0,-0.5472047262920654
2020-10-02,CABK.MC,-0.00817803926210732,bank,bank,-1.0,0.6318798811046288
2020-10-02,SAB.MC,0.017962452148816452,bank,bank,-1.0,0.2751144903870993
2020-10-02,BKT.MC,0.0015437918085662635,bank,bank,-1.0,0.4179464676689923
2020-10-02,UNI.MC,0.022466458367731205,bank,bank,-1.0,0.15978485614852456
2020-10-02,ISP.MI,0.004473332308795286,bank,bank,-1.0,-0.3976038785149957
2020-10-02,UCG.MI,-0.001516224117372898,bank,bank,-1.0,-0.6729346213298831
2020-10-02,BAMI.MI,0.05338347888154822,bank,bank,-1.0,-0.5474307600897961
2020-10-02,BPE.MI,-0.025616774400596808,bank,bank,-1.0,0.4457023654474827
2020-10-02,MB.MI,0.01700594554951155,bank,bank,-1.0,-1.913665771560751
2020-10-02,INGA.AS,0.018062632414272556,bank,bank,-1.0,0.0804612861920478
2020-10-02,ABN.AS,0.028140255855813347,bank,bank,-1.0,-0.12757135640344586
2020-10-02,KBC.BR,0.004469998461015891,bank,bank,-1.0,0.48686960141089525
2020-10-02,EBS.VI,0.004901955554871602,bank,bank,-1.0,0.2976788742054292
2020-10-02,RBI.VI,0.007864001632877093,bank,bank,-1.0,-0.1603862510250389
2020-10-02,BG.VI,0.029405466361326314,bank,bank,-1.0,-0.23359860729761434
2020-10-02,BIRG.IR,-0.017722537488016415,bank,bank,-1.0,1.1461139920025163
2020-10-02,A5G.IR,-0.038867791882696456,bank,bank,-1.0,1.6694774266625145
2020-10-02,ETE.AT,-0.025704326332999874,bank,bank,-1.0,1.1896462862934265
2020-10-02,EUROB.AT,-0.03315551771146091,bank,bank,-1.0,0.3949686796988067
2020-10-02,TPEIR.AT,-0.019023183427162742,bank,bank,-1.0,1.3177710426531568
2020-10-02,BCP.LS,-0.02271798869128853,bank,bank,-1.0,1.9115242988785415
2020-10-02,NEXI.MI,-0.03137047163124463,payments,payments,-1.0,
2020-10-02,WLN.PA,-0.02732339149082419,payments,payments,-1.0,
2020-10-02,ADYEN.AS,-0.0008750765013373369,payments,payments,-1.0,
2020-10-02,SWED-A.ST,0.00017478423367540665,control_bank,control_bank,0.0,-1.1418669440853995
2020-10-02,SHB-A.ST,-0.006206370945758713,control_bank,control_bank,0.0,-1.476933828719851
2020-10-02,DANSKE.CO,0.00033658722441488745,control_bank,control_bank,0.0,-2.034052437497537
2020-10-02,DNB.OL,0.0018923831831051774,control_bank,control_bank,0.0,-0.9659534405231625
2020-10-02,LLOY.L,0.026327892978958437,control_bank,control_bank,0.0,
2020-10-02,NWG.L,0.023360725742248532,control_bank,control_bank,0.0,
2020-10-02,UBSG.SW,0.00986569651087464,control_bank,control_bank,0.0,
2020-10-02,MA,0.0006392123035228632,payments,payments,-1.0,
2020-10-02,V,0.0021335122746529867,payments,payments,-1.0,
2020-10-02,AXP,0.011346587126387378,payments,payments,-1.0,
2020-10-02,PYPL,-0.008199738677667517,payments,payments,-1.0,
2020-10-02,GPN,0.0076673176143805324,payments,payments,-1.0,
2020-10-02,AAPL,-0.0191996576221985,device,gate,0.0,
2020-10-02,GOOGL,-0.009316825410185324,device,gate,0.0,
2020-10-02,AMZN,-0.017752705019381462,bigtech,gate,0.0,
2020-10-02,META,-0.01083949011222626,bigtech,gate,0.0,
2020-10-12,DBK.DE,0.0062671640265895305,bank,bank,0.0,-1.5981878524090556
2020-10-12,CBK.DE,0.017109894765757368,bank,bank,0.0,-0.1969766074951668
2020-10-12,BNP.PA,0.008334138559544013,bank,bank,0.0,-1.8277916820311226
2020-10-12,GLE.PA,0.029129141863820825,bank,bank,0.0,-1.8810103807023557
2020-10-12,ACA.PA,0.009311250516229655,bank,bank,0.0,-0.430377884945561
2020-10-12,SAN.MC,-0.007623499621501524,bank,bank,0.0,-0.6865870300483472
2020-10-12,BBVA.MC,-0.007872766470150476,bank,bank,0.0,-0.5472047262920654
2020-10-12,CABK.MC,-0.014670205484575231,bank,bank,0.0,0.6318798811046288
2020-10-12,SAB.MC,-0.012898470207207923,bank,bank,0.0,0.2751144903870993
2020-10-12,BKT.MC,-0.006465032234389304,bank,bank,0.0,0.4179464676689923
2020-10-12,UNI.MC,-0.03830345071498824,bank,bank,0.0,0.15978485614852456
2020-10-12,ISP.MI,-0.005337512515026602,bank,bank,0.0,-0.3976038785149957
2020-10-12,UCG.MI,-0.008004087678718422,bank,bank,0.0,-0.6729346213298831
2020-10-12,BAMI.MI,-0.007248484566494231,bank,bank,0.0,-0.5474307600897961
2020-10-12,BPE.MI,-0.02282276283135551,bank,bank,0.0,0.4457023654474827
2020-10-12,MB.MI,-0.006269623543988463,bank,bank,0.0,-1.913665771560751
2020-10-12,INGA.AS,-0.005833861354648406,bank,bank,0.0,0.0804612861920478
2020-10-12,ABN.AS,-0.0009552428319414335,bank,bank,0.0,-0.12757135640344586
2020-10-12,KBC.BR,-0.019714965185648334,bank,bank,0.0,0.48686960141089525
2020-10-12,EBS.VI,-0.013028179061475282,bank,bank,0.0,0.2976788742054292
2020-10-12,RBI.VI,-0.01126817306794247,bank,bank,0.0,-0.1603862510250389
2020-10-12,BG.VI,-0.010632594708456301,bank,bank,0.0,-0.23359860729761434
2020-10-12,BIRG.IR,0.022949179607615413,bank,bank,0.0,1.1461139920025163
2020-10-12,A5G.IR,0.008787178191330127,bank,bank,0.0,1.6694774266625145
2020-10-12,ETE.AT,-0.06764538197370934,bank,bank,0.0,1.1896462862934265
2020-10-12,EUROB.AT,-0.06401642506771775,bank,bank,0.0,0.3949686796988067
2020-10-12,TPEIR.AT,-0.032136466843619135,bank,bank,0.0,1.3177710426531568
2020-10-12,BCP.LS,-0.011512603518899184,bank,bank,0.0,1.9115242988785415
2020-10-12,NEXI.MI,0.005300973421752751,payments,payments,0.0,
2020-10-12,WLN.PA,0.0031165677730129555,payments,payments,0.0,
2020-10-12,ADYEN.AS,0.0006314546795266329,payments,payments,0.0,
2020-10-12,SWED-A.ST,0.0016364704692875733,control_bank,control_bank,0.0,-1.1418669440853995
2020-10-12,SHB-A.ST,0.018988139236410736,control_bank,control_bank,0.0,-1.476933828719851
2020-10-12,DANSKE.CO,0.016262639628175934,control_bank,control_bank,0.0,-2.034052437497537
2020-10-12,DNB.OL,-0.006341233515849117,control_bank,control_bank,0.0,-0.9659534405231625
2020-10-12,LLOY.L,-2.401826707658372e-05,control_bank,control_bank,0.0,
2020-10-12,NWG.L,-7.508090080275785e-05,control_bank,control_bank,0.0,
2020-10-12,UBSG.SW,0.004265754074589015,control_bank,control_bank,0.0,
2020-10-12,MA,-0.022105512862346556,payments,payments,0.0,
2020-10-12,V,-0.01837988210947848,payments,payments,0.0,
2020-10-12,AXP,-0.014820717178387295,payments,payments,0.0,
2020-10-12,PYPL,-3.908307384967516e-05,payments,payments,0.0,
2020-10-12,GPN,-0.02004661666333811,payments,payments,0.0,
2020-10-12,AAPL,0.03780496872322538,device,gate,0.0,
2020-10-12,GOOGL,0.01549420912096091,device,gate,0.0,
2020-10-12,AMZN,0.029431474379876362,bigtech,gate,0.0,
2020-10-12,META,0.019740255866852716,bigtech,gate,0.0,
2021-01-13,DBK.DE,3.812210525573449e-05,bank,bank,0.0,-1.5981878524090556
2021-01-13,CBK.DE,0.004695401647652581,bank,bank,0.0,-0.1969766074951668
2021-01-13,BNP.PA,0.003015610041099414,bank,bank,0.0,-1.8277916820311226
2021-01-13,GLE.PA,0.011382096123181425,bank,bank,0.0,-1.8810103807023557
2021-01-13,ACA.PA,0.003872631184454054,bank,bank,0.0,-0.430377884945561
2021-01-13,SAN.MC,0.005659754120676557,bank,bank,0.0,-0.6865870300483472
2021-01-13,BBVA.MC,-0.003361600643599697,bank,bank,0.0,-0.5472047262920654
2021-01-13,CABK.MC,0.0022506006953486174,bank,bank,0.0,0.6318798811046288
2021-01-13,SAB.MC,-0.026636449213303357,bank,bank,0.0,0.2751144903870993
2021-01-13,BKT.MC,0.013802207541442702,bank,bank,0.0,0.4179464676689923
2021-01-13,UNI.MC,-0.007569867451647283,bank,bank,0.0,0.15978485614852456
2021-01-13,ISP.MI,0.0016276724333839582,bank,bank,0.0,-0.3976038785149957
2021-01-13,UCG.MI,-0.0020463271576132555,bank,bank,0.0,-0.6729346213298831
2021-01-13,BAMI.MI,-0.004702952302633031,bank,bank,0.0,-0.5474307600897961
2021-01-13,BPE.MI,-0.0034185294714211938,bank,bank,0.0,0.4457023654474827
2021-01-13,MB.MI,-0.0009947199382546986,bank,bank,0.0,-1.913665771560751
2021-01-13,INGA.AS,-0.009642154706547447,bank,bank,0.0,0.0804612861920478
2021-01-13,ABN.AS,-0.012375843846739077,bank,bank,0.0,-0.12757135640344586
2021-01-13,KBC.BR,-0.0013117983208157102,bank,bank,0.0,0.48686960141089525
2021-01-13,EBS.VI,-0.005760394455920847,bank,bank,0.0,0.2976788742054292
2021-01-13,RBI.VI,0.001653500435175058,bank,bank,0.0,-0.1603862510250389
2021-01-13,BG.VI,-0.010126962424496351,bank,bank,0.0,-0.23359860729761434
2021-01-13,BIRG.IR,0.015089444938297643,bank,bank,0.0,1.1461139920025163
2021-01-13,A5G.IR,0.012222315201074287,bank,bank,0.0,1.6694774266625145
2021-01-13,ETE.AT,0.02329254487254835,bank,bank,0.0,1.1896462862934265
2021-01-13,EUROB.AT,0.012693991229464774,bank,bank,0.0,0.3949686796988067
2021-01-13,TPEIR.AT,0.02564264413541696,bank,bank,0.0,1.3177710426531568
2021-01-13,BCP.LS,-0.018537043826183472,bank,bank,0.0,1.9115242988785415
2021-01-13,NEXI.MI,0.012746651358553098,payments,payments,0.0,
2021-01-13,WLN.PA,0.011567538278742243,payments,payments,0.0,
2021-01-13,ADYEN.AS,0.018206240348428035,payments,payments,0.0,
2021-01-13,SWED-A.ST,0.0016989109261471218,control_bank,control_bank,0.0,-1.1418669440853995
2021-01-13,SHB-A.ST,-0.0011198625583351317,control_bank,control_bank,0.0,-1.476933828719851
2021-01-13,DANSKE.CO,0.002703741532173117,control_bank,control_bank,0.0,-2.034052437497537
2021-01-13,DNB.OL,-0.020453638770080548,control_bank,control_bank,0.0,-0.9659534405231625
2021-01-13,LLOY.L,-0.004260621780390909,control_bank,control_bank,0.0,
2021-01-13,NWG.L,-0.009877485531928807,control_bank,control_bank,0.0,
2021-01-13,UBSG.SW,-0.007287492998933132,control_bank,control_bank,0.0,
2021-01-13,MA,0.00774326721639216,payments,payments,0.0,
2021-01-13,V,0.0006396171921256753,payments,payments,0.0,
2021-01-13,AXP,0.0030658399889713726,payments,payments,0.0,
2021-01-13,PYPL,0.02986645550694931,payments,payments,0.0,
2021-01-13,GPN,-0.00846603975274836,payments,payments,0.0,
2021-01-13,AAPL,0.012537708535574524,device,gate,0.0,
2021-01-13,GOOGL,0.0034095912779160114,device,gate,0.0,
2021-01-13,AMZN,0.013323945251087169,bigtech,gate,0.0,
2021-01-13,META,-8.176745954994926e-05,bigtech,gate,0.0,
2021-02-10,DBK.DE,0.01164767342078452,bank,bank,1.0,-1.5981878524090556
2021-02-10,CBK.DE,-0.01434652468842666,bank,bank,1.0,-0.1969766074951668
2021-02-10,BNP.PA,0.02190407055232617,bank,bank,1.0,-1.8277916820311226
2021-02-10,GLE.PA,0.021983666299195508,bank,bank,1.0,-1.8810103807023557
2021-02-10,ACA.PA,0.004057844649206972,bank,bank,1.0,-0.430377884945561
2021-02-10,SAN.MC,-0.0035403738617988748,bank,bank,1.0,-0.6865870300483472
2021-02-10,BBVA.MC,-0.002711857498573984,bank,bank,1.0,-0.5472047262920654
2021-02-10,CABK.MC,0.008437411143246813,bank,bank,1.0,0.6318798811046288
2021-02-10,SAB.MC,-0.02472930879711482,bank,bank,1.0,0.2751144903870993
2021-02-10,BKT.MC,0.010661317034104417,bank,bank,1.0,0.4179464676689923
2021-02-10,UNI.MC,0.028342813992218344,bank,bank,1.0,0.15978485614852456
2021-02-10,ISP.MI,-0.005591540733901921,bank,bank,1.0,-0.3976038785149957
2021-02-10,UCG.MI,0.002611760264917458,bank,bank,1.0,-0.6729346213298831
2021-02-10,BAMI.MI,-0.0036164292668495967,bank,bank,1.0,-0.5474307600897961
2021-02-10,BPE.MI,0.013653426508122384,bank,bank,1.0,0.4457023654474827
2021-02-10,MB.MI,0.02786613637892073,bank,bank,1.0,-1.913665771560751
2021-02-10,INGA.AS,0.0009769109838222963,bank,bank,1.0,0.0804612861920478
2021-02-10,ABN.AS,-0.021441411162384856,bank,bank,1.0,-0.12757135640344586
2021-02-10,KBC.BR,0.015585781498880994,bank,bank,1.0,0.48686960141089525
2021-02-10,EBS.VI,-0.011384947092413568,bank,bank,1.0,0.2976788742054292
2021-02-10,RBI.VI,0.002090888888046016,bank,bank,1.0,-0.1603862510250389
2021-02-10,BG.VI,0.03297677920649705,bank,bank,1.0,-0.23359860729761434
2021-02-10,BIRG.IR,0.0003663735651374903,bank,bank,1.0,1.1461139920025163
2021-02-10,A5G.IR,-0.02060903901726317,bank,bank,1.0,1.6694774266625145
2021-02-10,ETE.AT,-0.0011376340259300335,bank,bank,1.0,1.1896462862934265
2021-02-10,EUROB.AT,-0.01968765409651069,bank,bank,1.0,0.3949686796988067
2021-02-10,TPEIR.AT,-0.055331930324516145,bank,bank,1.0,1.3177710426531568
2021-02-10,BCP.LS,-0.04193705665753313,bank,bank,1.0,1.9115242988785415
2021-02-10,NEXI.MI,-0.007670693488517858,payments,payments,0.0,
2021-02-10,WLN.PA,0.028492913862110274,payments,payments,0.0,
2021-02-10,ADYEN.AS,0.09287276443362984,payments,payments,0.0,
2021-02-10,SWED-A.ST,0.005947468418184487,control_bank,control_bank,0.0,-1.1418669440853995
2021-02-10,SHB-A.ST,0.013314179952977415,control_bank,control_bank,0.0,-1.476933828719851
2021-02-10,DANSKE.CO,0.007231059755333497,control_bank,control_bank,0.0,-2.034052437497537
2021-02-10,DNB.OL,-0.02520608210762275,control_bank,control_bank,0.0,-0.9659534405231625
2021-02-10,LLOY.L,-0.006029031374536595,control_bank,control_bank,0.0,
2021-02-10,NWG.L,0.0042890914898764685,control_bank,control_bank,0.0,
2021-02-10,UBSG.SW,0.002479408840972526,control_bank,control_bank,0.0,
2021-02-10,MA,0.003698712907127491,payments,payments,0.0,
2021-02-10,V,0.0008086268587830954,payments,payments,0.0,
2021-02-10,AXP,0.011456626582577997,payments,payments,0.0,
2021-02-10,PYPL,0.00011721430007875745,payments,payments,0.0,
2021-02-10,GPN,-0.0032809658107648006,payments,payments,0.0,
2021-02-10,AAPL,-0.004348160947027464,device,gate,0.0,
2021-02-10,GOOGL,0.006372324978969882,device,gate,0.0,
2021-02-10,AMZN,-0.003607778986587429,bigtech,gate,0.0,
2021-02-10,META,0.010377979862287452,bigtech,gate,0.0,
2021-04-14,DBK.DE,0.009385308608917974,bank,bank,0.0,-1.5981878524090556
2021-04-14,CBK.DE,0.004218739900698017,bank,bank,0.0,-0.1969766074951668
2021-04-14,BNP.PA,0.0005683360580993778,bank,bank,0.0,-1.8277916820311226
2021-04-14,GLE.PA,0.0039082927778027,bank,bank,0.0,-1.8810103807023557
2021-04-14,ACA.PA,0.0008285203128026936,bank,bank,0.0,-0.430377884945561
2021-04-14,SAN.MC,0.00427093372742369,bank,bank,0.0,-0.6865870300483472
2021-04-14,BBVA.MC,0.008430459514023953,bank,bank,0.0,-0.5472047262920654
2021-04-14,CABK.MC,0.006668835525549265,bank,bank,0.0,0.6318798811046288
2021-04-14,SAB.MC,-0.0014553209398693503,bank,bank,0.0,0.2751144903870993
2021-04-14,BKT.MC,-0.00012349406975574115,bank,bank,0.0,0.4179464676689923
2021-04-14,UNI.MC,0.0058355056820716235,bank,bank,0.0,0.15978485614852456
2021-04-14,ISP.MI,-0.0015879038261604698,bank,bank,0.0,-0.3976038785149957
2021-04-14,UCG.MI,-0.01683234055837927,bank,bank,0.0,-0.6729346213298831
2021-04-14,BAMI.MI,-0.015765627279679444,bank,bank,0.0,-0.5474307600897961
2021-04-14,BPE.MI,-0.016190106790676086,bank,bank,0.0,0.4457023654474827
2021-04-14,MB.MI,-0.0057483373316960015,bank,bank,0.0,-1.913665771560751
2021-04-14,INGA.AS,0.016259265177800165,bank,bank,0.0,0.0804612861920478
2021-04-14,ABN.AS,0.012584631515849097,bank,bank,0.0,-0.12757135640344586
2021-04-14,KBC.BR,-0.0036351466618197385,bank,bank,0.0,0.48686960141089525
2021-04-14,EBS.VI,-0.01056636937301723,bank,bank,0.0,0.2976788742054292
2021-04-14,RBI.VI,-0.002191266045751957,bank,bank,0.0,-0.1603862510250389
2021-04-14,BG.VI,-0.0018880354370304393,bank,bank,0.0,-0.23359860729761434
2021-04-14,BIRG.IR,-0.016485240976056505,bank,bank,0.0,1.1461139920025163
2021-04-14,A5G.IR,-0.005859282453712403,bank,bank,0.0,1.6694774266625145
2021-04-14,ETE.AT,0.017027624776348785,bank,bank,0.0,1.1896462862934265
2021-04-14,EUROB.AT,0.007427393403336459,bank,bank,0.0,0.3949686796988067
2021-04-14,TPEIR.AT,0.0012133746018765943,bank,bank,0.0,1.3177710426531568
2021-04-14,BCP.LS,-0.0026296774638059264,bank,bank,0.0,1.9115242988785415
2021-04-14,NEXI.MI,-0.004929254708428744,payments,payments,0.0,
2021-04-14,WLN.PA,0.007312932081424552,payments,payments,0.0,
2021-04-14,ADYEN.AS,-0.005031042762861564,payments,payments,0.0,
2021-04-14,SWED-A.ST,-0.0070812356473270175,control_bank,control_bank,0.0,-1.1418669440853995
2021-04-14,SHB-A.ST,-0.007831600220644554,control_bank,control_bank,0.0,-1.476933828719851
2021-04-14,DANSKE.CO,-0.009026576028319562,control_bank,control_bank,0.0,-2.034052437497537
2021-04-14,DNB.OL,0.001144883608165257,control_bank,control_bank,0.0,-0.9659534405231625
2021-04-14,LLOY.L,-0.0035581756740177602,control_bank,control_bank,0.0,
2021-04-14,NWG.L,-0.009821087407831131,control_bank,control_bank,0.0,
2021-04-14,UBSG.SW,0.011213686899415473,control_bank,control_bank,0.0,
2021-04-14,MA,0.006970603802670037,payments,payments,0.0,
2021-04-14,V,0.009683947019122351,payments,payments,0.0,
2021-04-14,AXP,0.012799209688509788,payments,payments,0.0,
2021-04-14,PYPL,-0.02094252152520642,payments,payments,0.0,
2021-04-14,GPN,0.004843422894288327,payments,payments,0.0,
2021-04-14,AAPL,-0.012380029512980829,device,gate,0.0,
2021-04-14,GOOGL,0.00015842316686204196,device,gate,0.0,
2021-04-14,AMZN,-0.01363462390959095,bigtech,gate,0.0,
2021-04-14,META,-0.015912636039110934,bigtech,gate,0.0,
2021-07-14,DBK.DE,-0.0029439685129287506,bank,bank,-1.0,-1.5981878524090556
2021-07-14,CBK.DE,-0.0051694429874917505,bank,bank,-1.0,-0.1969766074951668
2021-07-14,BNP.PA,-0.0014472635870611435,bank,bank,-1.0,-1.8277916820311226
2021-07-14,GLE.PA,-0.003342297678960616,bank,bank,-1.0,-1.8810103807023557
2021-07-14,ACA.PA,-0.00015682543802828918,bank,bank,-1.0,-0.430377884945561
2021-07-14,SAN.MC,-0.00013801816978277828,bank,bank,-1.0,-0.6865870300483472
2021-07-14,BBVA.MC,-0.0018444037971395667,bank,bank,-1.0,-0.5472047262920654
2021-07-14,CABK.MC,-0.010683089059735494,bank,bank,-1.0,0.6318798811046288
2021-07-14,SAB.MC,-0.003343226318861076,bank,bank,-1.0,0.2751144903870993
2021-07-14,BKT.MC,0.019805317659576396,bank,bank,-1.0,0.4179464676689923
2021-07-14,UNI.MC,-0.012697463093869423,bank,bank,-1.0,0.15978485614852456
2021-07-14,ISP.MI,0.0003310190512369705,bank,bank,-1.0,-0.3976038785149957
2021-07-14,UCG.MI,-0.00038786287423698933,bank,bank,-1.0,-0.6729346213298831
2021-07-14,BAMI.MI,-0.020633015414515038,bank,bank,-1.0,-0.5474307600897961
2021-07-14,BPE.MI,-0.009757154137112069,bank,bank,-1.0,0.4457023654474827
2021-07-14,MB.MI,-0.0027657509110473287,bank,bank,-1.0,-1.913665771560751
2021-07-14,INGA.AS,-0.0007088299625740849,bank,bank,-1.0,0.0804612861920478
2021-07-14,ABN.AS,-0.0033938910193543233,bank,bank,-1.0,-0.12757135640344586
2021-07-14,KBC.BR,-0.007151901647502355,bank,bank,-1.0,0.48686960141089525
2021-07-14,EBS.VI,-0.001748924342245003,bank,bank,-1.0,0.2976788742054292
2021-07-14,RBI.VI,-0.0013244928212198283,bank,bank,-1.0,-0.1603862510250389
2021-07-14,BG.VI,0.00645550041513111,bank,bank,-1.0,-0.23359860729761434
2021-07-14,BIRG.IR,-0.005586425070822198,bank,bank,-1.0,1.1461139920025163
2021-07-14,A5G.IR,-0.006231383753237309,bank,bank,-1.0,1.6694774266625145
2021-07-14,ETE.AT,-0.02048517181383694,bank,bank,-1.0,1.1896462862934265
2021-07-14,EUROB.AT,-0.004225085145756647,bank,bank,-1.0,0.3949686796988067
2021-07-14,TPEIR.AT,0.013119146737146942,bank,bank,-1.0,1.3177710426531568
2021-07-14,BCP.LS,0.009648229665429449,bank,bank,-1.0,1.9115242988785415
2021-07-14,NEXI.MI,-0.008790966556818613,payments,payments,-1.0,
2021-07-14,WLN.PA,0.002314897185385729,payments,payments,-1.0,
2021-07-14,ADYEN.AS,0.006528863178358231,payments,payments,-1.0,
2021-07-14,WISE.L,0.009555229955240776,payments,payments,-1.0,
2021-07-14,SWED-A.ST,-0.006505319031070129,control_bank,control_bank,0.0,-1.1418669440853995
2021-07-14,SHB-A.ST,0.0012939795312890611,control_bank,control_bank,0.0,-1.476933828719851
2021-07-14,DANSKE.CO,-0.008573269512057594,control_bank,control_bank,0.0,-2.034052437497537
2021-07-14,DNB.OL,-0.013078324266334316,control_bank,control_bank,0.0,-0.9659534405231625
2021-07-14,LLOY.L,-0.0019805890057602946,control_bank,control_bank,0.0,
2021-07-14,NWG.L,0.01137031523837866,control_bank,control_bank,0.0,
2021-07-14,UBSG.SW,-0.003971605049028643,control_bank,control_bank,0.0,
2021-07-14,MA,0.017657954609621076,payments,payments,-1.0,
2021-07-14,V,0.01443247365835528,payments,payments,-1.0,
2021-07-14,AXP,-0.002796064341262185,payments,payments,-1.0,
2021-07-14,PYPL,-2.0354820626586638e-05,payments,payments,-1.0,
2021-07-14,GPN,0.010219392910583765,payments,payments,-1.0,
2021-07-14,AAPL,0.021856381501970223,device,gate,0.0,
2021-07-14,GOOGL,0.006165861520175622,device,gate,0.0,
2021-07-14,AMZN,0.0014301034063010018,bigtech,gate,0.0,
2021-07-14,META,-0.013448201714760433,bigtech,gate,0.0,
