event_date,firm,car,direction,grp,z,etype,d_bank,d_pay,d_gate
2023-06-28,DBK.DE,-0.009499854779023105,-1.0,bank,-1.5981878524090556,impl,-1.0,0.0,0.0
2023-06-28,CBK.DE,-0.009725286400117978,-1.0,bank,-0.1969766074951668,impl,-1.0,0.0,0.0
2023-06-28,BNP.PA,-0.007897014796211133,-1.0,bank,-1.8277916820311226,impl,-1.0,0.0,0.0
2023-06-28,GLE.PA,-0.010307923030922705,-1.0,bank,-1.8810103807023557,impl,-1.0,0.0,0.0
2023-06-28,ACA.PA,-0.0017624177125106126,-1.0,bank,-0.430377884945561,impl,-1.0,0.0,0.0
2023-06-28,SAN.MC,0.021716453699749047,-1.0,bank,-0.6865870300483472,impl,-1.0,0.0,0.0
2023-06-28,BBVA.MC,-0.0018154399618122308,-1.0,bank,-0.5472047262920654,impl,-1.0,0.0,0.0
2023-06-28,CABK.MC,-0.013502607756599639,-1.0,bank,0.6318798811046288,impl,-1.0,0.0,0.0
2023-06-28,SAB.MC,-0.006210249719343413,-1.0,bank,0.2751144903870993,impl,-1.0,0.0,0.0
2023-06-28,BKT.MC,-0.008469207463283886,-1.0,bank,0.4179464676689923,impl,-1.0,0.0,0.0
2023-06-28,UNI.MC,-0.0007639752150140379,-1.0,bank,0.15978485614852456,impl,-1.0,0.0,0.0
2023-06-28,ISP.MI,-0.00941909496903123,-1.0,bank,-0.3976038785149957,impl,-1.0,0.0,0.0
2023-06-28,UCG.MI,-0.013848985197003352,-1.0,bank,-0.6729346213298831,impl,-1.0,0.0,0.0
2023-06-28,BAMI.MI,-9.492516422100229e-05,-1.0,bank,-0.5474307600897961,impl,-1.0,0.0,0.0
2023-06-28,BPE.MI,-0.004312076809135844,-1.0,bank,0.4457023654474827,impl,-1.0,0.0,0.0
2023-06-28,MB.MI,-0.009728809553524566,-1.0,bank,-1.913665771560751,impl,-1.0,0.0,0.0
2023-06-28,INGA.AS,-0.0067968036238025865,-1.0,bank,0.0804612861920478,impl,-1.0,0.0,0.0
2023-06-28,ABN.AS,-0.012238636044764474,-1.0,bank,-0.12757135640344586,impl,-1.0,0.0,0.0
2023-06-28,KBC.BR,-0.011743577245441096,-1.0,bank,0.48686960141089525,impl,-1.0,0.0,0.0
2023-06-28,EBS.VI,-0.0029867703835339396,-1.0,bank,0.2976788742054292,impl,-1.0,0.0,0.0
2023-06-28,RBI.VI,-0.013688920047192566,-1.0,bank,-0.1603862510250389,impl,-1.0,0.0,0.0
2023-06-28,BG.VI,-0.006001372004807414,-1.0,bank,-0.23359860729761434,impl,-1.0,0.0,0.0
2023-06-28,BIRG.IR,-0.016452504950739622,-1.0,bank,1.1461139920025163,impl,-1.0,0.0,0.0
2023-06-28,A5G.IR,-0.03476760944901241,-1.0,bank,1.6694774266625145,impl,-1.0,0.0,0.0
2023-06-28,ETE.AT,0.01116023732975181,-1.0,bank,1.1896462862934265,impl,-1.0,0.0,0.0
2023-06-28,EUROB.AT,0.002539839070540898,-1.0,bank,0.3949686796988067,impl,-1.0,0.0,0.0
2023-06-28,TPEIR.AT,0.022565795468238666,-1.0,bank,1.3177710426531568,impl,-1.0,0.0,0.0
2023-06-28,BCP.LS,0.0032786691954154613,-1.0,bank,1.9115242988785415,impl,-1.0,0.0,0.0
2023-06-28,NEXI.MI,-0.007857843862045405,-1.0,payments,,impl,0.0,-1.0,0.0
2023-06-28,WLN.PA,0.00817588117072272,-1.0,payments,,impl,0.0,-1.0,0.0
2023-06-28,ADYEN.AS,0.02303348780872269,-1.0,payments,,impl,0.0,-1.0,0.0
2023-06-28,WISE.L,0.0429883211222238,-1.0,payments,,impl,0.0,-1.0,0.0
2023-06-28,SWED-A.ST,-0.014051070945653131,0.0,control_bank,-1.1418669440853995,impl,0.0,0.0,0.0
2023-06-28,SHB-A.ST,-0.006740725432224438,0.0,control_bank,-1.476933828719851,impl,0.0,0.0,0.0
2023-06-28,DANSKE.CO,0.001311796727542761,0.0,control_bank,-2.034052437497537,impl,0.0,0.0,0.0
2023-06-28,DNB.OL,0.011567443213962454,0.0,control_bank,-0.9659534405231625,impl,0.0,0.0,0.0
2023-06-28,LLOY.L,-0.006996584860535147,0.0,control_bank,,impl,0.0,0.0,0.0
2023-06-28,NWG.L,0.0028755822866370923,0.0,control_bank,,impl,0.0,0.0,0.0
2023-06-28,UBSG.SW,0.002064874298225267,0.0,control_bank,,impl,0.0,0.0,0.0
2023-06-28,MA,-0.0032982905051326676,-1.0,payments,,impl,0.0,-1.0,0.0
2023-06-28,V,0.0033909451007622217,-1.0,payments,,impl,0.0,-1.0,0.0
2023-06-28,AXP,0.01126341201419702,-1.0,payments,,impl,0.0,-1.0,0.0
2023-06-28,PYPL,0.0010244977220707717,-1.0,payments,,impl,0.0,-1.0,0.0
2023-06-28,GPN,0.0141809045123068,-1.0,payments,,impl,0.0,-1.0,0.0
2023-06-28,AAPL,0.006938795680342409,0.0,gate,,impl,0.0,0.0,0.0
2023-06-28,GOOGL,0.015763867178910932,0.0,gate,,impl,0.0,0.0,0.0
2023-06-28,AMZN,0.0001798936448964394,0.0,gate,,impl,0.0,0.0,0.0
2023-06-28,META,-0.006463750381377636,0.0,gate,,impl,0.0,0.0,0.0
2023-10-19,DBK.DE,0.014591245392789012,0.0,bank,-1.5981878524090556,other,0.0,0.0,0.0
2023-10-19,CBK.DE,0.0033402424751979645,0.0,bank,-0.1969766074951668,other,0.0,0.0,0.0
2023-10-19,BNP.PA,0.0047673320685991515,0.0,bank,-1.8277916820311226,other,0.0,0.0,0.0
2023-10-19,GLE.PA,0.006230497116056858,0.0,bank,-1.8810103807023557,other,0.0,0.0,0.0
2023-10-19,ACA.PA,0.004310120136953356,0.0,bank,-0.430377884945561,other,0.0,0.0,0.0
2023-10-19,SAN.MC,0.017645296771418437,0.0,bank,-0.6865870300483472,other,0.0,0.0,0.0
2023-10-19,BBVA.MC,0.00797529651339515,0.0,bank,-0.5472047262920654,other,0.0,0.0,0.0
2023-10-19,CABK.MC,0.03359122648278365,0.0,bank,0.6318798811046288,other,0.0,0.0,0.0
2023-10-19,SAB.MC,0.030273557070313838,0.0,bank,0.2751144903870993,other,0.0,0.0,0.0
2023-10-19,BKT.MC,0.05690447941247201,0.0,bank,0.4179464676689923,other,0.0,0.0,0.0
2023-10-19,UNI.MC,0.025996479608770134,0.0,bank,0.15978485614852456,other,0.0,0.0,0.0
2023-10-19,ISP.MI,0.005127367928987268,0.0,bank,-0.3976038785149957,other,0.0,0.0,0.0
2023-10-19,UCG.MI,0.00560384381081995,0.0,bank,-0.6729346213298831,other,0.0,0.0,0.0
2023-10-19,BAMI.MI,-0.01565045785573923,0.0,bank,-0.5474307600897961,other,0.0,0.0,0.0
2023-10-19,BPE.MI,-0.010315553652562103,0.0,bank,0.4457023654474827,other,0.0,0.0,0.0
2023-10-19,MB.MI,-0.0010240599461554482,0.0,bank,-1.913665771560751,other,0.0,0.0,0.0
2023-10-19,INGA.AS,0.008682874552765814,0.0,bank,0.0804612861920478,other,0.0,0.0,0.0
2023-10-19,ABN.AS,0.006824891484715096,0.0,bank,-0.12757135640344586,other,0.0,0.0,0.0
2023-10-19,KBC.BR,0.009312275930249884,0.0,bank,0.48686960141089525,other,0.0,0.0,0.0
2023-10-19,EBS.VI,0.0009485169934045964,0.0,bank,0.2976788742054292,other,0.0,0.0,0.0
2023-10-19,RBI.VI,0.007271455830278408,0.0,bank,-0.1603862510250389,other,0.0,0.0,0.0
2023-10-19,BG.VI,-0.0024523944125692237,0.0,bank,-0.23359860729761434,other,0.0,0.0,0.0
2023-10-19,BIRG.IR,0.010852494757737382,0.0,bank,1.1461139920025163,other,0.0,0.0,0.0
2023-10-19,A5G.IR,0.004603896859141211,0.0,bank,1.6694774266625145,other,0.0,0.0,0.0
2023-10-19,ETE.AT,0.005910873636318341,0.0,bank,1.1896462862934265,other,0.0,0.0,0.0
2023-10-19,EUROB.AT,0.023664491087758754,0.0,bank,0.3949686796988067,other,0.0,0.0,0.0
2023-10-19,TPEIR.AT,0.009097236672763496,0.0,bank,1.3177710426531568,other,0.0,0.0,0.0
2023-10-19,BCP.LS,0.007688559427460416,0.0,bank,1.9115242988785415,other,0.0,0.0,0.0
2023-10-19,NEXI.MI,0.006724061406740912,0.0,payments,,other,0.0,0.0,0.0
2023-10-19,WLN.PA,0.02663141713167555,0.0,payments,,other,0.0,0.0,0.0
2023-10-19,ADYEN.AS,0.019725114801854644,0.0,payments,,other,0.0,0.0,0.0
2023-10-19,WISE.L,0.007093705324949635,0.0,payments,,other,0.0,0.0,0.0
2023-10-19,SWED-A.ST,-0.002784681954815446,0.0,control_bank,-1.1418669440853995,other,0.0,0.0,0.0
2023-10-19,SHB-A.ST,-0.023392080273049246,0.0,control_bank,-1.476933828719851,other,0.0,0.0,0.0
2023-10-19,DANSKE.CO,0.007417808567737073,0.0,control_bank,-2.034052437497537,other,0.0,0.0,0.0
2023-10-19,DNB.OL,-0.06632044505659661,0.0,control_bank,-0.9659534405231625,other,0.0,0.0,0.0
2023-10-19,LLOY.L,-0.007976325862205282,0.0,control_bank,,other,0.0,0.0,0.0
2023-10-19,NWG.L,-0.0067726403127805895,0.0,control_bank,,other,0.0,0.0,0.0
2023-10-19,UBSG.SW,0.0014251202430549652,0.0,control_bank,,other,0.0,0.0,0.0
2023-10-19,MA,-0.007495476378544909,0.0,payments,,other,0.0,0.0,0.0
2023-10-19,V,-0.009330124981787707,0.0,payments,,other,0.0,0.0,0.0
2023-10-19,AXP,-0.0005685893501600689,0.0,payments,,other,0.0,0.0,0.0
2023-10-19,PYPL,-0.004158702418746895,0.0,payments,,other,0.0,0.0,0.0
2023-10-19,GPN,-0.010677108878793123,0.0,payments,,other,0.0,0.0,0.0
2023-10-19,AAPL,0.008266109133386658,0.0,gate,,other,0.0,0.0,0.0
2023-10-19,GOOGL,0.007627839209527124,0.0,gate,,other,0.0,0.0,0.0
2023-10-19,AMZN,0.014287916768264457,0.0,gate,,other,0.0,0.0,0.0
2023-10-19,META,-0.0019357495150801231,0.0,gate,,other,0.0,0.0,0.0
2023-10-31,DBK.DE,-0.019353920179331997,-1.0,bank,-1.5981878524090556,impl,-1.0,0.0,0.0
2023-10-31,CBK.DE,-0.005442947683274125,-1.0,bank,-0.1969766074951668,impl,-1.0,0.0,0.0
2023-10-31,BNP.PA,-0.008183873406023182,-1.0,bank,-1.8277916820311226,impl,-1.0,0.0,0.0
2023-10-31,GLE.PA,-0.005224540626652084,-1.0,bank,-1.8810103807023557,impl,-1.0,0.0,0.0
2023-10-31,ACA.PA,0.0029919399161115997,-1.0,bank,-0.430377884945561,impl,-1.0,0.0,0.0
2023-10-31,SAN.MC,-0.0213247259490233,-1.0,bank,-0.6865870300483472,impl,-1.0,0.0,0.0
2023-10-31,BBVA.MC,-0.010791697520051826,-1.0,bank,-0.5472047262920654,impl,-1.0,0.0,0.0
2023-10-31,CABK.MC,-0.03687305981920004,-1.0,bank,0.6318798811046288,impl,-1.0,0.0,0.0
2023-10-31,SAB.MC,-0.02715461257321265,-1.0,bank,0.2751144903870993,impl,-1.0,0.0,0.0
2023-10-31,BKT.MC,-0.02224625705414132,-1.0,bank,0.4179464676689923,impl,-1.0,0.0,0.0
2023-10-31,UNI.MC,-0.009595367243720265,-1.0,bank,0.15978485614852456,impl,-1.0,0.0,0.0
2023-10-31,ISP.MI,0.017853318652805508,-1.0,bank,-0.3976038785149957,impl,-1.0,0.0,0.0
2023-10-31,UCG.MI,-0.006597821629255834,-1.0,bank,-0.6729346213298831,impl,-1.0,0.0,0.0
2023-10-31,BAMI.MI,0.014293099569726632,-1.0,bank,-0.5474307600897961,impl,-1.0,0.0,0.0
2023-10-31,BPE.MI,0.03761232337507528,-1.0,bank,0.4457023654474827,impl,-1.0,0.0,0.0
2023-10-31,MB.MI,0.004377416359841799,-1.0,bank,-1.913665771560751,impl,-1.0,0.0,0.0
2023-10-31,INGA.AS,-0.01872380436385056,-1.0,bank,0.0804612861920478,impl,-1.0,0.0,0.0
2023-10-31,ABN.AS,-0.025149016665278114,-1.0,bank,-0.12757135640344586,impl,-1.0,0.0,0.0
2023-10-31,KBC.BR,-0.019502695636982086,-1.0,bank,0.48686960141089525,impl,-1.0,0.0,0.0
2023-10-31,EBS.VI,-0.02324458108257957,-1.0,bank,0.2976788742054292,impl,-1.0,0.0,0.0
2023-10-31,RBI.VI,-0.012848407923892018,-1.0,bank,-0.1603862510250389,impl,-1.0,0.0,0.0
2023-10-31,BG.VI,-0.0021425597095553316,-1.0,bank,-0.23359860729761434,impl,-1.0,0.0,0.0
2023-10-31,BIRG.IR,-0.03477049238803498,-1.0,bank,1.1461139920025163,impl,-1.0,0.0,0.0
2023-10-31,A5G.IR,-0.010376710186807586,-1.0,bank,1.6694774266625145,impl,-1.0,0.0,0.0
2023-10-31,ETE.AT,-0.02849589318245504,-1.0,bank,1.1896462862934265,impl,-1.0,0.0,0.0
2023-10-31,EUROB.AT,-0.045820737784020925,-1.0,bank,0.3949686796988067,impl,-1.0,0.0,0.0
2023-10-31,TPEIR.AT,-0.026221511817078443,-1.0,bank,1.3177710426531568,impl,-1.0,0.0,0.0
2023-10-31,BCP.LS,0.01571558903897114,-1.0,bank,1.9115242988785415,impl,-1.0,0.0,0.0
2023-10-31,NEXI.MI,0.03882022040805093,0.0,payments,,impl,0.0,0.0,0.0
2023-10-31,WLN.PA,0.060672679720821014,0.0,payments,,impl,0.0,0.0,0.0
2023-10-31,ADYEN.AS,0.013888804772463653,0.0,payments,,impl,0.0,0.0,0.0
2023-10-31,WISE.L,0.005138394550993006,0.0,payments,,impl,0.0,0.0,0.0
2023-10-31,SWED-A.ST,-0.00231878237862633,0.0,control_bank,-1.1418669440853995,impl,0.0,0.0,0.0
2023-10-31,SHB-A.ST,-0.010548048866125667,0.0,control_bank,-1.476933828719851,impl,0.0,0.0,0.0
2023-10-31,DANSKE.CO,-0.00021306280506686124,0.0,control_bank,-2.034052437497537,impl,0.0,0.0,0.0
2023-10-31,DNB.OL,-0.019003405625908576,0.0,control_bank,-0.9659534405231625,impl,0.0,0.0,0.0
2023-10-31,LLOY.L,-0.016531835328052347,0.0,control_bank,,impl,0.0,0.0,0.0
2023-10-31,NWG.L,-0.030475807050622576,0.0,control_bank,,impl,0.0,0.0,0.0
2023-10-31,UBSG.SW,0.00717054068944567,0.0,control_bank,,impl,0.0,0.0,0.0
2023-10-31,MA,0.004377608045747361,0.0,payments,,impl,0.0,0.0,0.0
2023-10-31,V,0.01271737594043226,0.0,payments,,impl,0.0,0.0,0.0
2023-10-31,AXP,0.0035237489701170303,0.0,payments,,impl,0.0,0.0,0.0
2023-10-31,PYPL,-0.0009350812263171741,0.0,payments,,impl,0.0,0.0,0.0
2023-10-31,GPN,0.0318460061599995,0.0,payments,,impl,0.0,0.0,0.0
2023-10-31,AAPL,0.001505603083784425,0.0,gate,,impl,0.0,0.0,0.0
2023-10-31,GOOGL,-0.0028369968605667616,0.0,gate,,impl,0.0,0.0,0.0
2023-10-31,AMZN,0.010788788781590824,0.0,gate,,impl,0.0,0.0,0.0
2023-10-31,META,0.004284806845731036,0.0,gate,,impl,0.0,0.0,0.0
2024-02-09,DBK.DE,0.01214374247279753,0.0,bank,-1.5981878524090556,other,0.0,0.0,0.0
2024-02-09,CBK.DE,0.017164794716242902,0.0,bank,-0.1969766074951668,other,0.0,0.0,0.0
2024-02-09,BNP.PA,-0.016225540961012266,0.0,bank,-1.8277916820311226,other,0.0,0.0,0.0
2024-02-09,GLE.PA,-0.02605230209584571,0.0,bank,-1.8810103807023557,other,0.0,0.0,0.0
2024-02-09,ACA.PA,-0.014981684247150863,0.0,bank,-0.430377884945561,other,0.0,0.0,0.0
2024-02-09,SAN.MC,0.0024103426491358044,0.0,bank,-0.6865870300483472,other,0.0,0.0,0.0
2024-02-09,BBVA.MC,0.004525048067129762,0.0,bank,-0.5472047262920654,other,0.0,0.0,0.0
2024-02-09,CABK.MC,-0.017960155462323546,0.0,bank,0.6318798811046288,other,0.0,0.0,0.0
2024-02-09,SAB.MC,0.016584448729206277,0.0,bank,0.2751144903870993,other,0.0,0.0,0.0
2024-02-09,BKT.MC,0.02845813257358161,0.0,bank,0.4179464676689923,other,0.0,0.0,0.0
2024-02-09,UNI.MC,0.015728537132015726,0.0,bank,0.15978485614852456,other,0.0,0.0,0.0
2024-02-09,ISP.MI,-0.00540003831165535,0.0,bank,-0.3976038785149957,other,0.0,0.0,0.0
2024-02-09,UCG.MI,0.014791511361708724,0.0,bank,-0.6729346213298831,other,0.0,0.0,0.0
2024-02-09,BAMI.MI,0.0335914198301853,0.0,bank,-0.5474307600897961,other,0.0,0.0,0.0
2024-02-09,BPE.MI,-0.002832046403887699,0.0,bank,0.4457023654474827,other,0.0,0.0,0.0
2024-02-09,MB.MI,-0.03338924517251127,0.0,bank,-1.913665771560751,other,0.0,0.0,0.0
2024-02-09,INGA.AS,0.01935972194844496,0.0,bank,0.0804612861920478,other,0.0,0.0,0.0
2024-02-09,ABN.AS,0.020098287917845042,0.0,bank,-0.12757135640344586,other,0.0,0.0,0.0
2024-02-09,KBC.BR,0.03805822253653123,0.0,bank,0.48686960141089525,other,0.0,0.0,0.0
2024-02-09,EBS.VI,0.01635297305072634,0.0,bank,0.2976788742054292,other,0.0,0.0,0.0
2024-02-09,RBI.VI,0.013948672510561826,0.0,bank,-0.1603862510250389,other,0.0,0.0,0.0
2024-02-09,BG.VI,0.015342798114793348,0.0,bank,-0.23359860729761434,other,0.0,0.0,0.0
2024-02-09,BIRG.IR,0.016910005208408473,0.0,bank,1.1461139920025163,other,0.0,0.0,0.0
2024-02-09,A5G.IR,-0.0002233445500183038,0.0,bank,1.6694774266625145,other,0.0,0.0,0.0
2024-02-09,ETE.AT,-0.023035496717575692,0.0,bank,1.1896462862934265,other,0.0,0.0,0.0
2024-02-09,EUROB.AT,-0.02144176114104921,0.0,bank,0.3949686796988067,other,0.0,0.0,0.0
2024-02-09,TPEIR.AT,-0.014198247237703247,0.0,bank,1.3177710426531568,other,0.0,0.0,0.0
2024-02-09,BCP.LS,0.009811414753410404,0.0,bank,1.9115242988785415,other,0.0,0.0,0.0
2024-02-09,NEXI.MI,0.012302167997802397,0.0,payments,,other,0.0,0.0,0.0
2024-02-09,WLN.PA,0.03728134300358058,0.0,payments,,other,0.0,0.0,0.0
2024-02-09,ADYEN.AS,0.04825336500349791,0.0,payments,,other,0.0,0.0,0.0
2024-02-09,WISE.L,0.008572478572844242,0.0,payments,,other,0.0,0.0,0.0
2024-02-09,SWED-A.ST,0.011315717463039728,0.0,control_bank,-1.1418669440853995,other,0.0,0.0,0.0
2024-02-09,SHB-A.ST,0.004589929740471298,0.0,control_bank,-1.476933828719851,other,0.0,0.0,0.0
2024-02-09,DANSKE.CO,0.013356874137133623,0.0,control_bank,-2.034052437497537,other,0.0,0.0,0.0
2024-02-09,DNB.OL,-0.0029905680096927872,0.0,control_bank,-0.9659534405231625,other,0.0,0.0,0.0
2024-02-09,LLOY.L,-0.011197814777977884,0.0,control_bank,,other,0.0,0.0,0.0
2024-02-09,NWG.L,-0.04537068294469525,0.0,control_bank,,other,0.0,0.0,0.0
2024-02-09,UBSG.SW,0.009890223485501629,0.0,control_bank,,other,0.0,0.0,0.0
2024-02-09,MA,-0.0010416595276057064,0.0,payments,,other,0.0,0.0,0.0
2024-02-09,V,-0.004961196767570383,0.0,payments,,other,0.0,0.0,0.0
2024-02-09,AXP,0.001773662893036761,0.0,payments,,other,0.0,0.0,0.0
2024-02-09,PYPL,0.06975923910009812,0.0,payments,,other,0.0,0.0,0.0
2024-02-09,GPN,0.006056690911689179,0.0,payments,,other,0.0,0.0,0.0
2024-02-09,AAPL,-0.010276796253113465,0.0,gate,,other,0.0,0.0,0.0
2024-02-09,GOOGL,0.005563671071586847,0.0,gate,,other,0.0,0.0,0.0
2024-02-09,AMZN,0.00980622133512635,0.0,gate,,other,0.0,0.0,0.0
2024-02-09,META,-0.010755548069332016,0.0,gate,,other,0.0,0.0,0.0
2024-02-20,DBK.DE,0.002870904710062309,0.0,bank,-1.5981878524090556,other,0.0,0.0,0.0
2024-02-20,CBK.DE,-0.016792919843531585,0.0,bank,-0.1969766074951668,other,0.0,0.0,0.0
2024-02-20,BNP.PA,0.02117730237115916,0.0,bank,-1.8277916820311226,other,0.0,0.0,0.0
2024-02-20,GLE.PA,0.014583750590189811,0.0,bank,-1.8810103807023557,other,0.0,0.0,0.0
2024-02-20,ACA.PA,0.012979602251144846,0.0,bank,-0.430377884945561,other,0.0,0.0,0.0
2024-02-20,SAN.MC,0.02192037414195592,0.0,bank,-0.6865870300483472,other,0.0,0.0,0.0
2024-02-20,BBVA.MC,0.03006162515540036,0.0,bank,-0.5472047262920654,other,0.0,0.0,0.0
2024-02-20,CABK.MC,0.015644624734342,0.0,bank,0.6318798811046288,other,0.0,0.0,0.0
2024-02-20,SAB.MC,-0.013113491241472664,0.0,bank,0.2751144903870993,other,0.0,0.0,0.0
2024-02-20,BKT.MC,0.013589207965269315,0.0,bank,0.4179464676689923,other,0.0,0.0,0.0
2024-02-20,UNI.MC,-6.563284386689773e-06,0.0,bank,0.15978485614852456,other,0.0,0.0,0.0
2024-02-20,ISP.MI,0.018435474426924073,0.0,bank,-0.3976038785149957,other,0.0,0.0,0.0
2024-02-20,UCG.MI,0.022073042622113005,0.0,bank,-0.6729346213298831,other,0.0,0.0,0.0
2024-02-20,BAMI.MI,0.012410500654150506,0.0,bank,-0.5474307600897961,other,0.0,0.0,0.0
2024-02-20,BPE.MI,0.015910705208555816,0.0,bank,0.4457023654474827,other,0.0,0.0,0.0
2024-02-20,MB.MI,0.044497451141335076,0.0,bank,-1.913665771560751,other,0.0,0.0,0.0
2024-02-20,INGA.AS,0.014595990724159298,0.0,bank,0.0804612861920478,other,0.0,0.0,0.0
2024-02-20,ABN.AS,-0.02358146349405266,0.0,bank,-0.12757135640344586,other,0.0,0.0,0.0
2024-02-20,KBC.BR,-0.0036939284818269837,0.0,bank,0.48686960141089525,other,0.0,0.0,0.0
2024-02-20,EBS.VI,0.0036954507437154302,0.0,bank,0.2976788742054292,other,0.0,0.0,0.0
2024-02-20,RBI.VI,0.008654062785799227,0.0,bank,-0.1603862510250389,other,0.0,0.0,0.0
2024-02-20,BG.VI,-0.001098283642699024,0.0,bank,-0.23359860729761434,other,0.0,0.0,0.0
2024-02-20,BIRG.IR,-0.004372408528826249,0.0,bank,1.1461139920025163,other,0.0,0.0,0.0
2024-02-20,A5G.IR,0.0033512947343132295,0.0,bank,1.6694774266625145,other,0.0,0.0,0.0
2024-02-20,ETE.AT,0.0010479537625569324,0.0,bank,1.1896462862934265,other,0.0,0.0,0.0
2024-02-20,EUROB.AT,-0.010566462334056287,0.0,bank,0.3949686796988067,other,0.0,0.0,0.0
2024-02-20,TPEIR.AT,-0.0015117858682937278,0.0,bank,1.3177710426531568,other,0.0,0.0,0.0
2024-02-20,BCP.LS,0.017878352730997478,0.0,bank,1.9115242988785415,other,0.0,0.0,0.0
2024-02-20,NEXI.MI,-0.0076300995904492784,0.0,payments,,other,0.0,0.0,0.0
2024-02-20,WLN.PA,-0.005861999590409884,0.0,payments,,other,0.0,0.0,0.0
2024-02-20,ADYEN.AS,-0.023145758124921926,0.0,payments,,other,0.0,0.0,0.0
2024-02-20,WISE.L,-0.0018734863420880564,0.0,payments,,other,0.0,0.0,0.0
2024-02-20,SWED-A.ST,-0.0012380088108633605,0.0,control_bank,-1.1418669440853995,other,0.0,0.0,0.0
2024-02-20,SHB-A.ST,0.0005352057005726819,0.0,control_bank,-1.476933828719851,other,0.0,0.0,0.0
2024-02-20,DANSKE.CO,-0.0062891261950500325,0.0,control_bank,-2.034052437497537,other,0.0,0.0,0.0
2024-02-20,DNB.OL,-0.009473657880036013,0.0,control_bank,-0.9659534405231625,other,0.0,0.0,0.0
2024-02-20,LLOY.L,0.010824296947211667,0.0,control_bank,,other,0.0,0.0,0.0
2024-02-20,NWG.L,0.018696832064712423,0.0,control_bank,,other,0.0,0.0,0.0
2024-02-20,UBSG.SW,0.00427364154728219,0.0,control_bank,,other,0.0,0.0,0.0
2024-02-21,DBK.DE,0.011054157810264517,0.0,bank,-1.5981878524090556,other,0.0,0.0,0.0
2024-02-21,CBK.DE,-0.005377399094421975,0.0,bank,-0.1969766074951668,other,0.0,0.0,0.0
2024-02-21,BNP.PA,0.000682043764024658,0.0,bank,-1.8277916820311226,other,0.0,0.0,0.0
2024-02-21,GLE.PA,-0.0007541157035695252,0.0,bank,-1.8810103807023557,other,0.0,0.0,0.0
2024-02-21,ACA.PA,0.004621367338422403,0.0,bank,-0.430377884945561,other,0.0,0.0,0.0
2024-02-21,SAN.MC,-0.004305352884809917,0.0,bank,-0.6865870300483472,other,0.0,0.0,0.0
2024-02-21,BBVA.MC,0.01234777851132986,0.0,bank,-0.5472047262920654,other,0.0,0.0,0.0
2024-02-21,CABK.MC,-0.014587343896025017,0.0,bank,0.6318798811046288,other,0.0,0.0,0.0
2024-02-21,SAB.MC,0.000871799942761143,0.0,bank,0.2751144903870993,other,0.0,0.0,0.0
2024-02-21,BKT.MC,0.0026578153515158147,0.0,bank,0.4179464676689923,other,0.0,0.0,0.0
2024-02-21,UNI.MC,0.0018636935949028666,0.0,bank,0.15978485614852456,other,0.0,0.0,0.0
2024-02-21,ISP.MI,0.0059422096221247115,0.0,bank,-0.3976038785149957,other,0.0,0.0,0.0
2024-02-21,UCG.MI,0.002503724207836143,0.0,bank,-0.6729346213298831,other,0.0,0.0,0.0
2024-02-21,BAMI.MI,0.03791488833221113,0.0,bank,-0.5474307600897961,other,0.0,0.0,0.0
2024-02-21,BPE.MI,0.037838673681024344,0.0,bank,0.4457023654474827,other,0.0,0.0,0.0
2024-02-21,MB.MI,0.022675505681715058,0.0,bank,-1.913665771560751,other,0.0,0.0,0.0
2024-02-21,INGA.AS,-0.01268872990498291,0.0,bank,0.0804612861920478,other,0.0,0.0,0.0
2024-02-21,ABN.AS,-0.005235332909908722,0.0,bank,-0.12757135640344586,other,0.0,0.0,0.0
2024-02-21,KBC.BR,0.00921175921255036,0.0,bank,0.48686960141089525,other,0.0,0.0,0.0
2024-02-21,EBS.VI,0.0017564982951484899,0.0,bank,0.2976788742054292,other,0.0,0.0,0.0
2024-02-21,RBI.VI,0.01800328371043993,0.0,bank,-0.1603862510250389,other,0.0,0.0,0.0
2024-02-21,BG.VI,-0.013824945106297755,0.0,bank,-0.23359860729761434,other,0.0,0.0,0.0
2024-02-21,BIRG.IR,0.035504748753247044,0.0,bank,1.1461139920025163,other,0.0,0.0,0.0
2024-02-21,A5G.IR,0.023707682525652113,0.0,bank,1.6694774266625145,other,0.0,0.0,0.0
2024-02-21,ETE.AT,-0.008114431617845,0.0,bank,1.1896462862934265,other,0.0,0.0,0.0
2024-02-21,EUROB.AT,-0.018397908812906746,0.0,bank,0.3949686796988067,other,0.0,0.0,0.0
2024-02-21,TPEIR.AT,-0.016188923918096735,0.0,bank,1.3177710426531568,other,0.0,0.0,0.0
2024-02-21,BCP.LS,-0.00017787500010596133,0.0,bank,1.9115242988785415,other,0.0,0.0,0.0
2024-02-21,NEXI.MI,-0.016867579955241508,0.0,payments,,other,0.0,0.0,0.0
2024-02-21,WLN.PA,0.008766991444048074,0.0,payments,,other,0.0,0.0,0.0
2024-02-21,ADYEN.AS,-0.013766732045620629,0.0,payments,,other,0.0,0.0,0.0
2024-02-21,WISE.L,0.011109901168837602,0.0,payments,,other,0.0,0.0,0.0
2024-02-21,SWED-A.ST,0.0124240439176649,0.0,control_bank,-1.1418669440853995,other,0.0,0.0,0.0
2024-02-21,SHB-A.ST,-0.02696030245281663,0.0,control_bank,-1.476933828719851,other,0.0,0.0,0.0
2024-02-21,DANSKE.CO,-0.016253069984766437,0.0,control_bank,-2.034052437497537,other,0.0,0.0,0.0
2024-02-21,DNB.OL,-0.02223016708487167,0.0,control_bank,-0.9659534405231625,other,0.0,0.0,0.0
2024-02-21,LLOY.L,0.04036728528442883,0.0,control_bank,,other,0.0,0.0,0.0
2024-02-21,NWG.L,-0.014194812715499439,0.0,control_bank,,other,0.0,0.0,0.0
2024-02-21,UBSG.SW,0.0019509315223770075,0.0,control_bank,,other,0.0,0.0,0.0
2024-02-21,MA,0.02943153349720021,0.0,payments,,other,0.0,0.0,0.0
2024-02-21,V,0.01660512695217234,0.0,payments,,other,0.0,0.0,0.0
2024-02-21,AXP,-0.01800735503566278,0.0,payments,,other,0.0,0.0,0.0
2024-02-21,PYPL,-0.02384654586934147,0.0,payments,,other,0.0,0.0,0.0
2024-02-21,GPN,-0.011238850087564492,0.0,payments,,other,0.0,0.0,0.0
2024-02-21,AAPL,-0.010829435680541386,0.0,gate,,other,0.0,0.0,0.0
2024-02-21,GOOGL,-0.0036072393821642307,0.0,gate,,other,0.0,0.0,0.0
2024-02-21,AMZN,0.01584911471117022,0.0,gate,,other,0.0,0.0,0.0
2024-02-21,META,-0.0020076372338006764,0.0,gate,,other,0.0,0.0,0.0
2024-11-13,DBK.DE,-0.013570330774055603,0.0,bank,-1.5981878524090556,other,0.0,0.0,0.0
2024-11-13,CBK.DE,-0.005467180843584132,0.0,bank,-0.1969766074951668,other,0.0,0.0,0.0
2024-11-13,BNP.PA,-0.004145724814849053,0.0,bank,-1.8277916820311226,other,0.0,0.0,0.0
2024-11-13,GLE.PA,-0.02278928348395757,0.0,bank,-1.8810103807023557,other,0.0,0.0,0.0
2024-11-13,ACA.PA,-0.006967139855146173,0.0,bank,-0.430377884945561,other,0.0,0.0,0.0
2024-11-13,SAN.MC,0.0005610263856533186,0.0,bank,-0.6865870300483472,other,0.0,0.0,0.0
2024-11-13,BBVA.MC,-0.003792050000069016,0.0,bank,-0.5472047262920654,other,0.0,0.0,0.0
2024-11-13,CABK.MC,0.01190204216357235,0.0,bank,0.6318798811046288,other,0.0,0.0,0.0
2024-11-13,SAB.MC,-0.002358805839969759,0.0,bank,0.2751144903870993,other,0.0,0.0,0.0
2024-11-13,BKT.MC,-0.010181188591960617,0.0,bank,0.4179464676689923,other,0.0,0.0,0.0
2024-11-13,UNI.MC,-0.002358335858169135,0.0,bank,0.15978485614852456,other,0.0,0.0,0.0
2024-11-13,ISP.MI,0.006077641046176789,0.0,bank,-0.3976038785149957,other,0.0,0.0,0.0
2024-11-13,UCG.MI,0.01370817457653804,0.0,bank,-0.6729346213298831,other,0.0,0.0,0.0
2024-11-13,BAMI.MI,-0.0029325399702016582,0.0,bank,-0.5474307600897961,other,0.0,0.0,0.0
2024-11-13,BPE.MI,0.019906591014159678,0.0,bank,0.4457023654474827,other,0.0,0.0,0.0
2024-11-13,MB.MI,0.0065055590738537505,0.0,bank,-1.913665771560751,other,0.0,0.0,0.0
2024-11-13,INGA.AS,-0.014099431656943114,0.0,bank,0.0804612861920478,other,0.0,0.0,0.0
2024-11-13,ABN.AS,-0.01294685816767211,0.0,bank,-0.12757135640344586,other,0.0,0.0,0.0
2024-11-13,KBC.BR,0.01313401102847349,0.0,bank,0.48686960141089525,other,0.0,0.0,0.0
2024-11-13,EBS.VI,-0.007756024096010122,0.0,bank,0.2976788742054292,other,0.0,0.0,0.0
2024-11-13,RBI.VI,-0.02233341014752626,0.0,bank,-0.1603862510250389,other,0.0,0.0,0.0
2024-11-13,BG.VI,-0.0036583933524068487,0.0,bank,-0.23359860729761434,other,0.0,0.0,0.0
2024-11-13,BIRG.IR,-0.014407277159327036,0.0,bank,1.1461139920025163,other,0.0,0.0,0.0
2024-11-13,A5G.IR,-0.01603342357820011,0.0,bank,1.6694774266625145,other,0.0,0.0,0.0
2024-11-13,ETE.AT,-0.033897996648777955,0.0,bank,1.1896462862934265,other,0.0,0.0,0.0
2024-11-13,EUROB.AT,-0.0149382943649471,0.0,bank,0.3949686796988067,other,0.0,0.0,0.0
2024-11-13,TPEIR.AT,-0.01588564064023084,0.0,bank,1.3177710426531568,other,0.0,0.0,0.0
2024-11-13,BCP.LS,-0.006700440124189883,0.0,bank,1.9115242988785415,other,0.0,0.0,0.0
2024-11-13,NEXI.MI,-0.005573428550937426,0.0,payments,,other,0.0,0.0,0.0
2024-11-13,WLN.PA,0.00516409507925792,0.0,payments,,other,0.0,0.0,0.0
2024-11-13,ADYEN.AS,0.010259868751303337,0.0,payments,,other,0.0,0.0,0.0
2024-11-13,WISE.L,-0.0036548277143795306,0.0,payments,,other,0.0,0.0,0.0
2024-11-13,SWED-A.ST,-0.0025730823821346373,0.0,control_bank,-1.1418669440853995,other,0.0,0.0,0.0
2024-11-13,SHB-A.ST,-0.005375891008123267,0.0,control_bank,-1.476933828719851,other,0.0,0.0,0.0
2024-11-13,DANSKE.CO,0.007080711005748138,0.0,control_bank,-2.034052437497537,other,0.0,0.0,0.0
2024-11-13,DNB.OL,-0.013617270326357666,0.0,control_bank,-0.9659534405231625,other,0.0,0.0,0.0
2024-11-13,LLOY.L,0.014171807913562321,0.0,control_bank,,other,0.0,0.0,0.0
2024-11-13,NWG.L,0.004531547720869951,0.0,control_bank,,other,0.0,0.0,0.0
2024-11-13,UBSG.SW,-0.004374436130529875,0.0,control_bank,,other,0.0,0.0,0.0
2024-11-13,MA,-0.013462283378535079,0.0,payments,,other,0.0,0.0,0.0
2024-11-13,V,-0.0009249740633745882,0.0,payments,,other,0.0,0.0,0.0
2024-11-13,AXP,-0.0019030431152755952,0.0,payments,,other,0.0,0.0,0.0
2024-11-13,PYPL,0.013830136098546802,0.0,payments,,other,0.0,0.0,0.0
2024-11-13,GPN,-0.0008624196651483883,0.0,payments,,other,0.0,0.0,0.0
2024-11-13,AAPL,0.003888763809767074,0.0,gate,,other,0.0,0.0,0.0
2024-11-13,GOOGL,-0.015590217787025728,0.0,gate,,other,0.0,0.0,0.0
2024-11-13,AMZN,0.025019804104100853,0.0,gate,,other,0.0,0.0,0.0
2024-11-13,META,-0.009422046041609454,0.0,gate,,other,0.0,0.0,0.0
2024-12-16,DBK.DE,0.006114606232704834,0.0,bank,-1.5981878524090556,other,0.0,0.0,0.0
2024-12-16,CBK.DE,0.0195248038559588,0.0,bank,-0.1969766074951668,other,0.0,0.0,0.0
2024-12-16,BNP.PA,-0.001899567409173029,0.0,bank,-1.8277916820311226,other,0.0,0.0,0.0
2024-12-16,GLE.PA,-0.004771780160702331,0.0,bank,-1.8810103807023557,other,0.0,0.0,0.0
2024-12-16,ACA.PA,-0.0001448944319243639,0.0,bank,-0.430377884945561,other,0.0,0.0,0.0
2024-12-16,SAN.MC,-0.0022491430151670554,0.0,bank,-0.6865870300483472,other,0.0,0.0,0.0
2024-12-16,BBVA.MC,0.006717044216426286,0.0,bank,-0.5472047262920654,other,0.0,0.0,0.0
2024-12-16,CABK.MC,0.0031806847917400065,0.0,bank,0.6318798811046288,other,0.0,0.0,0.0
2024-12-16,SAB.MC,0.009164806113503522,0.0,bank,0.2751144903870993,other,0.0,0.0,0.0
2024-12-16,BKT.MC,0.006386487459750092,0.0,bank,0.4179464676689923,other,0.0,0.0,0.0
2024-12-16,UNI.MC,0.022057584777823557,0.0,bank,0.15978485614852456,other,0.0,0.0,0.0
2024-12-16,ISP.MI,0.00505559228136221,0.0,bank,-0.3976038785149957,other,0.0,0.0,0.0
2024-12-16,UCG.MI,-0.001076922061358951,0.0,bank,-0.6729346213298831,other,0.0,0.0,0.0
2024-12-16,BAMI.MI,0.012338234048107825,0.0,bank,-0.5474307600897961,other,0.0,0.0,0.0
2024-12-16,BPE.MI,0.012051882874781603,0.0,bank,0.4457023654474827,other,0.0,0.0,0.0
2024-12-16,MB.MI,-0.001593725514275443,0.0,bank,-1.913665771560751,other,0.0,0.0,0.0
2024-12-16,INGA.AS,-0.0006185611839239066,0.0,bank,0.0804612861920478,other,0.0,0.0,0.0
2024-12-16,ABN.AS,-0.006891811374111742,0.0,bank,-0.12757135640344586,other,0.0,0.0,0.0
2024-12-16,KBC.BR,-0.0036159232086867095,0.0,bank,0.48686960141089525,other,0.0,0.0,0.0
2024-12-16,EBS.VI,-0.001447153556207629,0.0,bank,0.2976788742054292,other,0.0,0.0,0.0
2024-12-16,RBI.VI,-0.013121785254651602,0.0,bank,-0.1603862510250389,other,0.0,0.0,0.0
2024-12-16,BG.VI,0.0003328047262517829,0.0,bank,-0.23359860729761434,other,0.0,0.0,0.0
2024-12-16,BIRG.IR,-0.013932426957369726,0.0,bank,1.1461139920025163,other,0.0,0.0,0.0
2024-12-16,A5G.IR,-0.006475159815177304,0.0,bank,1.6694774266625145,other,0.0,0.0,0.0
2024-12-16,ETE.AT,-0.016375666297762208,0.0,bank,1.1896462862934265,other,0.0,0.0,0.0
2024-12-16,EUROB.AT,-0.0022676284578794985,0.0,bank,0.3949686796988067,other,0.0,0.0,0.0
2024-12-16,TPEIR.AT,-0.012054914480977777,0.0,bank,1.3177710426531568,other,0.0,0.0,0.0
2024-12-16,BCP.LS,0.02282282162071196,0.0,bank,1.9115242988785415,other,0.0,0.0,0.0
2024-12-16,NEXI.MI,0.0022945735950214417,0.0,payments,,other,0.0,0.0,0.0
2024-12-16,WLN.PA,0.08543155590703345,0.0,payments,,other,0.0,0.0,0.0
2024-12-16,ADYEN.AS,0.008009070536561282,0.0,payments,,other,0.0,0.0,0.0
2024-12-16,WISE.L,0.007034223233840567,0.0,payments,,other,0.0,0.0,0.0
2024-12-16,SWED-A.ST,-0.005801455456450066,0.0,control_bank,-1.1418669440853995,other,0.0,0.0,0.0
2024-12-16,SHB-A.ST,-0.002221757591013479,0.0,control_bank,-1.476933828719851,other,0.0,0.0,0.0
2024-12-16,DANSKE.CO,0.004426846806544155,0.0,control_bank,-2.034052437497537,other,0.0,0.0,0.0
2024-12-16,DNB.OL,-0.000461341201698898,0.0,control_bank,-0.9659534405231625,other,0.0,0.0,0.0
2024-12-16,LLOY.L,0.0004264269928109752,0.0,control_bank,,other,0.0,0.0,0.0
2024-12-16,NWG.L,0.0020388507394428663,0.0,control_bank,,other,0.0,0.0,0.0
2024-12-16,UBSG.SW,-0.0022986345682843596,0.0,control_bank,,other,0.0,0.0,0.0
2024-12-16,MA,0.0005361731144801533,0.0,payments,,other,0.0,0.0,0.0
2024-12-16,V,0.001503520330744178,0.0,payments,,other,0.0,0.0,0.0
2024-12-16,AXP,0.0013647243613518997,0.0,payments,,other,0.0,0.0,0.0
2024-12-16,PYPL,0.0021980093826583003,0.0,payments,,other,0.0,0.0,0.0
2024-12-16,GPN,-0.004994076513671774,0.0,payments,,other,0.0,0.0,0.0
2024-12-16,AAPL,0.00731500470529522,0.0,gate,,other,0.0,0.0,0.0
2024-12-16,GOOGL,0.03113079532444054,0.0,gate,,other,0.0,0.0,0.0
2024-12-16,AMZN,0.019482998270328566,0.0,gate,,other,0.0,0.0,0.0
2024-12-16,META,0.0008584574653955797,0.0,gate,,other,0.0,0.0,0.0
2025-07-03,DBK.DE,1.7936488534509368e-05,0.0,bank,-1.5981878524090556,other,0.0,0.0,0.0
2025-07-03,CBK.DE,0.014902956254585757,0.0,bank,-0.1969766074951668,other,0.0,0.0,0.0
2025-07-03,BNP.PA,-0.00884154313194672,0.0,bank,-1.8277916820311226,other,0.0,0.0,0.0
2025-07-03,GLE.PA,0.009254853628769046,0.0,bank,-1.8810103807023557,other,0.0,0.0,0.0
2025-07-03,ACA.PA,-0.012574345380272732,0.0,bank,-0.430377884945561,other,0.0,0.0,0.0
2025-07-03,SAN.MC,0.008047650578007005,0.0,bank,-0.6865870300483472,other,0.0,0.0,0.0
2025-07-03,BBVA.MC,0.007980158900170188,0.0,bank,-0.5472047262920654,other,0.0,0.0,0.0
2025-07-03,CABK.MC,0.015489615010727497,0.0,bank,0.6318798811046288,other,0.0,0.0,0.0
2025-07-03,SAB.MC,0.006218305086209337,0.0,bank,0.2751144903870993,other,0.0,0.0,0.0
2025-07-03,BKT.MC,0.010327681181157821,0.0,bank,0.4179464676689923,other,0.0,0.0,0.0
2025-07-03,UNI.MC,0.020415787850874077,0.0,bank,0.15978485614852456,other,0.0,0.0,0.0
2025-07-03,ISP.MI,-0.0010139683493250416,0.0,bank,-0.3976038785149957,other,0.0,0.0,0.0
2025-07-03,UCG.MI,-0.004579827895529259,0.0,bank,-0.6729346213298831,other,0.0,0.0,0.0
2025-07-03,BAMI.MI,0.0016680115846036203,0.0,bank,-0.5474307600897961,other,0.0,0.0,0.0
2025-07-03,BPE.MI,0.0012754245707041617,0.0,bank,0.4457023654474827,other,0.0,0.0,0.0
2025-07-03,MB.MI,-0.004611659342002999,0.0,bank,-1.913665771560751,other,0.0,0.0,0.0
2025-07-03,INGA.AS,0.0031497982953338985,0.0,bank,0.0804612861920478,other,0.0,0.0,0.0
2025-07-03,ABN.AS,0.016522930955720563,0.0,bank,-0.12757135640344586,other,0.0,0.0,0.0
2025-07-03,KBC.BR,-0.003588092563364481,0.0,bank,0.48686960141089525,other,0.0,0.0,0.0
2025-07-03,EBS.VI,-0.006270056950643253,0.0,bank,0.2976788742054292,other,0.0,0.0,0.0
2025-07-03,RBI.VI,0.0013908863676267737,0.0,bank,-0.1603862510250389,other,0.0,0.0,0.0
2025-07-03,BG.VI,0.01005481349310596,0.0,bank,-0.23359860729761434,other,0.0,0.0,0.0
2025-07-03,BIRG.IR,0.00881982965187332,0.0,bank,1.1461139920025163,other,0.0,0.0,0.0
2025-07-03,A5G.IR,0.004805050042220017,0.0,bank,1.6694774266625145,other,0.0,0.0,0.0
2025-07-03,ETE.AT,0.011075556578181722,0.0,bank,1.1896462862934265,other,0.0,0.0,0.0
2025-07-03,EUROB.AT,0.01635650060223043,0.0,bank,0.3949686796988067,other,0.0,0.0,0.0
2025-07-03,ALPHA.AT,0.0024429405699805864,0.0,bank,0.7963878613911145,other,0.0,0.0,0.0
2025-07-03,TPEIR.AT,0.019103449000496715,0.0,bank,1.3177710426531568,other,0.0,0.0,0.0
2025-07-03,BCP.LS,0.004129862831244974,0.0,bank,1.9115242988785415,other,0.0,0.0,0.0
2025-07-03,NEXI.MI,-0.013539246833017382,0.0,payments,,other,0.0,0.0,0.0
2025-07-03,WLN.PA,-0.020560098714348683,0.0,payments,,other,0.0,0.0,0.0
2025-07-03,ADYEN.AS,-0.00035434116614029964,0.0,payments,,other,0.0,0.0,0.0
2025-07-03,WISE.L,-0.01521389610838115,0.0,payments,,other,0.0,0.0,0.0
2025-07-03,SWED-A.ST,0.006078782329104148,0.0,control_bank,-1.1418669440853995,other,0.0,0.0,0.0
2025-07-03,SHB-A.ST,0.015144002208566924,0.0,control_bank,-1.476933828719851,other,0.0,0.0,0.0
2025-07-03,DANSKE.CO,0.006298914345257638,0.0,control_bank,-2.034052437497537,other,0.0,0.0,0.0
2025-07-03,DNB.OL,0.0010763860159701778,0.0,control_bank,-0.9659534405231625,other,0.0,0.0,0.0
2025-07-03,LLOY.L,0.023786385769338038,0.0,control_bank,,other,0.0,0.0,0.0
2025-07-03,NWG.L,0.024053247090899482,0.0,control_bank,,other,0.0,0.0,0.0
2025-07-03,UBSG.SW,0.001640048040660591,0.0,control_bank,,other,0.0,0.0,0.0
2025-07-03,MA,0.00874341120659553,0.0,payments,,other,0.0,0.0,0.0
2025-07-03,V,0.007811760165152751,0.0,payments,,other,0.0,0.0,0.0
2025-07-03,AXP,0.0012028788943648713,0.0,payments,,other,0.0,0.0,0.0
2025-07-03,PYPL,-0.002568283643120078,0.0,payments,,other,0.0,0.0,0.0
2025-07-03,GPN,-0.010133817999565243,0.0,payments,,other,0.0,0.0,0.0
2025-07-03,AAPL,-0.0045480401745648215,0.0,gate,,other,0.0,0.0,0.0
2025-07-03,GOOGL,-0.004218477186132106,0.0,gate,,other,0.0,0.0,0.0
2025-07-03,AMZN,0.005430201664015434,0.0,gate,,other,0.0,0.0,0.0
2025-07-03,META,-0.005008610277751466,0.0,gate,,other,0.0,0.0,0.0
2025-07-15,DBK.DE,0.01720795504188754,0.0,bank,-1.5981878524090556,other,0.0,0.0,0.0
2025-07-15,CBK.DE,-0.013992203023691195,0.0,bank,-0.1969766074951668,other,0.0,0.0,0.0
2025-07-15,BNP.PA,0.002314521742219337,0.0,bank,-1.8277916820311226,other,0.0,0.0,0.0
2025-07-15,GLE.PA,-0.014643830874199994,0.0,bank,-1.8810103807023557,other,0.0,0.0,0.0
2025-07-15,ACA.PA,-0.005287434614727538,0.0,bank,-0.430377884945561,other,0.0,0.0,0.0
2025-07-15,SAN.MC,0.004050894633011871,0.0,bank,-0.6865870300483472,other,0.0,0.0,0.0
2025-07-15,BBVA.MC,-0.012891682797138291,0.0,bank,-0.5472047262920654,other,0.0,0.0,0.0
2025-07-15,CABK.MC,-0.004773175206454814,0.0,bank,0.6318798811046288,other,0.0,0.0,0.0
2025-07-15,SAB.MC,-0.0124873827534398,0.0,bank,0.2751144903870993,other,0.0,0.0,0.0
2025-07-15,BKT.MC,0.0015429123336801248,0.0,bank,0.4179464676689923,other,0.0,0.0,0.0
2025-07-15,UNI.MC,-0.011542858158219108,0.0,bank,0.15978485614852456,other,0.0,0.0,0.0
2025-07-15,ISP.MI,0.002179837097449685,0.0,bank,-0.3976038785149957,other,0.0,0.0,0.0
2025-07-15,UCG.MI,-0.0034410454328242515,0.0,bank,-0.6729346213298831,other,0.0,0.0,0.0
2025-07-15,BAMI.MI,-0.01643242718613112,0.0,bank,-0.5474307600897961,other,0.0,0.0,0.0
2025-07-15,BPE.MI,-0.02305192842827193,0.0,bank,0.4457023654474827,other,0.0,0.0,0.0
2025-07-15,MB.MI,0.0044867017840316045,0.0,bank,-1.913665771560751,other,0.0,0.0,0.0
2025-07-15,INGA.AS,0.005839949682539786,0.0,bank,0.0804612861920478,other,0.0,0.0,0.0
2025-07-15,ABN.AS,-0.0037268373107394097,0.0,bank,-0.12757135640344586,other,0.0,0.0,0.0
2025-07-15,KBC.BR,-0.027416866101248744,0.0,bank,0.48686960141089525,other,0.0,0.0,0.0
2025-07-15,EBS.VI,0.01232578555661322,0.0,bank,0.2976788742054292,other,0.0,0.0,0.0
2025-07-15,RBI.VI,0.007404441481956471,0.0,bank,-0.1603862510250389,other,0.0,0.0,0.0
2025-07-15,BG.VI,-0.018188784919410308,0.0,bank,-0.23359860729761434,other,0.0,0.0,0.0
2025-07-15,BIRG.IR,0.010770537050291781,0.0,bank,1.1461139920025163,other,0.0,0.0,0.0
2025-07-15,A5G.IR,0.002415491319860654,0.0,bank,1.6694774266625145,other,0.0,0.0,0.0
2025-07-15,ETE.AT,0.011250930561618305,0.0,bank,1.1896462862934265,other,0.0,0.0,0.0
2025-07-15,EUROB.AT,0.01368670221721675,0.0,bank,0.3949686796988067,other,0.0,0.0,0.0
2025-07-15,ALPHA.AT,0.02149494771823148,0.0,bank,0.7963878613911145,other,0.0,0.0,0.0
2025-07-15,TPEIR.AT,0.036337192673151296,0.0,bank,1.3177710426531568,other,0.0,0.0,0.0
2025-07-15,BCP.LS,0.008039544678981872,0.0,bank,1.9115242988785415,other,0.0,0.0,0.0
2025-07-15,NEXI.MI,0.025194838917099092,0.0,payments,,other,0.0,0.0,0.0
2025-07-15,WLN.PA,0.015660861991530863,0.0,payments,,other,0.0,0.0,0.0
2025-07-15,ADYEN.AS,0.019753208519322503,0.0,payments,,other,0.0,0.0,0.0
2025-07-15,WISE.L,0.05127221123736196,0.0,payments,,other,0.0,0.0,0.0
2025-07-15,SWED-A.ST,-0.026281589509648665,0.0,control_bank,-1.1418669440853995,other,0.0,0.0,0.0
2025-07-15,SHB-A.ST,-0.09635780645543798,0.0,control_bank,-1.476933828719851,other,0.0,0.0,0.0
2025-07-15,DANSKE.CO,-0.00884628160599285,0.0,control_bank,-2.034052437497537,other,0.0,0.0,0.0
2025-07-15,DNB.OL,-0.00657597893903036,0.0,control_bank,-0.9659534405231625,other,0.0,0.0,0.0
2025-07-15,LLOY.L,0.0090128207609961,0.0,control_bank,,other,0.0,0.0,0.0
2025-07-15,NWG.L,-0.003659324160413541,0.0,control_bank,,other,0.0,0.0,0.0
2025-07-15,UBSG.SW,0.012086064893026967,0.0,control_bank,,other,0.0,0.0,0.0
2025-07-15,MA,0.00614688359492351,0.0,payments,,other,0.0,0.0,0.0
2025-07-15,V,-0.0003328109573986094,0.0,payments,,other,0.0,0.0,0.0
2025-07-15,AXP,-0.02471642258210048,0.0,payments,,other,0.0,0.0,0.0
2025-07-15,PYPL,-0.004351419259283986,0.0,payments,,other,0.0,0.0,0.0
2025-07-15,GPN,0.0439153888922363,0.0,payments,,other,0.0,0.0,0.0
2025-07-15,AAPL,0.00869804182689752,0.0,gate,,other,0.0,0.0,0.0
2025-07-15,GOOGL,0.008310471294267376,0.0,gate,,other,0.0,0.0,0.0
2025-07-15,AMZN,-0.0085204819948287,0.0,gate,,other,0.0,0.0,0.0
2025-07-15,META,-0.02583132507414775,0.0,gate,,other,0.0,0.0,0.0
2025-09-02,DBK.DE,-0.0003984732561652972,1.0,bank,-1.5981878524090556,design,1.0,0.0,0.0
2025-09-02,CBK.DE,-0.03779959398688552,1.0,bank,-0.1969766074951668,design,1.0,0.0,0.0
2025-09-02,BNP.PA,-0.0024496148676500136,1.0,bank,-1.8277916820311226,design,1.0,0.0,0.0
2025-09-02,GLE.PA,0.0019350271955365624,1.0,bank,-1.8810103807023557,design,1.0,0.0,0.0
2025-09-02,ACA.PA,-0.0007057442540815131,1.0,bank,-0.430377884945561,design,1.0,0.0,0.0
2025-09-02,SAN.MC,-0.0035523959189010905,1.0,bank,-0.6865870300483472,design,1.0,0.0,0.0
2025-09-02,BBVA.MC,-0.0015985520458006424,1.0,bank,-0.5472047262920654,design,1.0,0.0,0.0
2025-09-02,CABK.MC,0.0027296564981702945,1.0,bank,0.6318798811046288,design,1.0,0.0,0.0
2025-09-02,SAB.MC,-0.003365210753938987,1.0,bank,0.2751144903870993,design,1.0,0.0,0.0
2025-09-02,BKT.MC,0.0007534131456586107,1.0,bank,0.4179464676689923,design,1.0,0.0,0.0
2025-09-02,UNI.MC,-0.021522618326756136,1.0,bank,0.15978485614852456,design,1.0,0.0,0.0
2025-09-02,ISP.MI,-0.005309461623991011,1.0,bank,-0.3976038785149957,design,1.0,0.0,0.0
2025-09-02,UCG.MI,-0.0023478260382233437,1.0,bank,-0.6729346213298831,design,1.0,0.0,0.0
2025-09-02,BAMI.MI,0.0004416968874305146,1.0,bank,-0.5474307600897961,design,1.0,0.0,0.0
2025-09-02,BPE.MI,-0.006587156209035575,1.0,bank,0.4457023654474827,design,1.0,0.0,0.0
2025-09-02,MB.MI,-0.04442478730160684,1.0,bank,-1.913665771560751,design,1.0,0.0,0.0
2025-09-02,INGA.AS,0.013413414498708042,1.0,bank,0.0804612861920478,design,1.0,0.0,0.0
2025-09-02,ABN.AS,0.01832424994582476,1.0,bank,-0.12757135640344586,design,1.0,0.0,0.0
2025-09-02,KBC.BR,-0.00635230968397496,1.0,bank,0.48686960141089525,design,1.0,0.0,0.0
2025-09-02,EBS.VI,0.008985687833916544,1.0,bank,0.2976788742054292,design,1.0,0.0,0.0
2025-09-02,RBI.VI,0.02594491578732183,1.0,bank,-0.1603862510250389,design,1.0,0.0,0.0
2025-09-02,BG.VI,0.004171411048530609,1.0,bank,-0.23359860729761434,design,1.0,0.0,0.0
2025-09-02,BIRG.IR,0.012491366189521578,1.0,bank,1.1461139920025163,design,1.0,0.0,0.0
2025-09-02,A5G.IR,0.021254677771795516,1.0,bank,1.6694774266625145,design,1.0,0.0,0.0
2025-09-02,ETE.AT,0.042611602262536005,1.0,bank,1.1896462862934265,design,1.0,0.0,0.0
2025-09-02,EUROB.AT,0.034373459232397284,1.0,bank,0.3949686796988067,design,1.0,0.0,0.0
2025-09-02,ALPHA.AT,0.02202492611174642,1.0,bank,0.7963878613911145,design,1.0,0.0,0.0
2025-09-02,TPEIR.AT,0.02615075111953821,1.0,bank,1.3177710426531568,design,1.0,0.0,0.0
2025-09-02,BCP.LS,0.0018039862089089765,1.0,bank,1.9115242988785415,design,1.0,0.0,0.0
2025-09-02,NEXI.MI,-0.018947465252154932,1.0,payments,,design,0.0,1.0,0.0
2025-09-02,WLN.PA,-0.008506635174730243,1.0,payments,,design,0.0,1.0,0.0
2025-09-02,ADYEN.AS,-0.0029306896930171153,1.0,payments,,design,0.0,1.0,0.0
2025-09-02,WISE.L,0.05995991507631486,1.0,payments,,design,0.0,1.0,0.0
2025-09-02,SWED-A.ST,-0.008823596251333016,0.0,control_bank,-1.1418669440853995,design,0.0,0.0,0.0
2025-09-02,SHB-A.ST,-0.006241015677833626,0.0,control_bank,-1.476933828719851,design,0.0,0.0,0.0
2025-09-02,DANSKE.CO,-0.008511117195860092,0.0,control_bank,-2.034052437497537,design,0.0,0.0,0.0
2025-09-02,DNB.OL,-0.012856449548316237,0.0,control_bank,-0.9659534405231625,design,0.0,0.0,0.0
2025-09-02,LLOY.L,-0.00687746000395462,0.0,control_bank,,design,0.0,0.0,0.0
2025-09-02,NWG.L,-0.004213055964705981,0.0,control_bank,,design,0.0,0.0,0.0
2025-09-02,UBSG.SW,-0.004370833043910839,0.0,control_bank,,design,0.0,0.0,0.0
2025-09-19,DBK.DE,0.013363523695101876,0.0,bank,-1.5981878524090556,design,0.0,0.0,0.0
2025-09-19,CBK.DE,-0.015993060767410076,0.0,bank,-0.1969766074951668,design,0.0,0.0,0.0
2025-09-19,BNP.PA,0.004636663608518228,0.0,bank,-1.8277916820311226,design,0.0,0.0,0.0
2025-09-19,GLE.PA,-0.000634765284737519,0.0,bank,-1.8810103807023557,design,0.0,0.0,0.0
2025-09-19,ACA.PA,0.019778865045307792,0.0,bank,-0.430377884945561,design,0.0,0.0,0.0
2025-09-19,SAN.MC,0.003539421034090707,0.0,bank,-0.6865870300483472,design,0.0,0.0,0.0
2025-09-19,BBVA.MC,-0.014227314623876925,0.0,bank,-0.5472047262920654,design,0.0,0.0,0.0
2025-09-19,CABK.MC,-0.0019452919188104514,0.0,bank,0.6318798811046288,design,0.0,0.0,0.0
2025-09-19,SAB.MC,-0.004357552987276754,0.0,bank,0.2751144903870993,design,0.0,0.0,0.0
2025-09-19,BKT.MC,-0.02233402090428925,0.0,bank,0.4179464676689923,design,0.0,0.0,0.0
2025-09-19,UNI.MC,-0.013822842427249186,0.0,bank,0.15978485614852456,design,0.0,0.0,0.0
2025-09-19,ISP.MI,0.004028993095532443,0.0,bank,-0.3976038785149957,design,0.0,0.0,0.0
2025-09-19,UCG.MI,0.00797918414605624,0.0,bank,-0.6729346213298831,design,0.0,0.0,0.0
2025-09-19,BAMI.MI,-0.005803938634935536,0.0,bank,-0.5474307600897961,design,0.0,0.0,0.0
2025-09-19,BPE.MI,0.01905654634280353,0.0,bank,0.4457023654474827,design,0.0,0.0,0.0
2025-09-19,MB.MI,-0.02442323416451872,0.0,bank,-1.913665771560751,design,0.0,0.0,0.0
2025-09-19,INGA.AS,0.005495762281588914,0.0,bank,0.0804612861920478,design,0.0,0.0,0.0
2025-09-19,ABN.AS,0.030087698166838532,0.0,bank,-0.12757135640344586,design,0.0,0.0,0.0
2025-09-19,KBC.BR,-0.0026271259924658917,0.0,bank,0.48686960141089525,design,0.0,0.0,0.0
2025-09-19,EBS.VI,-0.025169894160556837,0.0,bank,0.2976788742054292,design,0.0,0.0,0.0
2025-09-19,RBI.VI,0.0060989535348137044,0.0,bank,-0.1603862510250389,design,0.0,0.0,0.0
2025-09-19,BG.VI,0.017903223919751413,0.0,bank,-0.23359860729761434,design,0.0,0.0,0.0
2025-09-19,BIRG.IR,0.007769210114735419,0.0,bank,1.1461139920025163,design,0.0,0.0,0.0
2025-09-19,A5G.IR,0.001358207591875122,0.0,bank,1.6694774266625145,design,0.0,0.0,0.0
2025-09-19,ETE.AT,0.005407516894194799,0.0,bank,1.1896462862934265,design,0.0,0.0,0.0
2025-09-19,EUROB.AT,0.030680030076517893,0.0,bank,0.3949686796988067,design,0.0,0.0,0.0
2025-09-19,ALPHA.AT,0.022457436986159457,0.0,bank,0.7963878613911145,design,0.0,0.0,0.0
2025-09-19,TPEIR.AT,0.03500205856592814,0.0,bank,1.3177710426531568,design,0.0,0.0,0.0
2025-09-19,BCP.LS,0.006360169246278488,0.0,bank,1.9115242988785415,design,0.0,0.0,0.0
2025-09-19,NEXI.MI,-0.009994173269913613,0.0,payments,,design,0.0,0.0,0.0
2025-09-19,WLN.PA,-0.011426632319935612,0.0,payments,,design,0.0,0.0,0.0
2025-09-19,ADYEN.AS,-0.0015782980383031182,0.0,payments,,design,0.0,0.0,0.0
2025-09-19,WISE.L,-0.014549707002510768,0.0,payments,,design,0.0,0.0,0.0
2025-09-19,SWED-A.ST,0.008939222163634339,0.0,control_bank,-1.1418669440853995,design,0.0,0.0,0.0
2025-09-19,SHB-A.ST,0.010331027220524824,0.0,control_bank,-1.476933828719851,design,0.0,0.0,0.0
2025-09-19,DANSKE.CO,0.006248978875638319,0.0,control_bank,-2.034052437497537,design,0.0,0.0,0.0
2025-09-19,DNB.OL,0.005076959907667071,0.0,control_bank,-0.9659534405231625,design,0.0,0.0,0.0
2025-09-19,LLOY.L,-0.020462462513530448,0.0,control_bank,,design,0.0,0.0,0.0
2025-09-19,NWG.L,-0.024163197263128766,0.0,control_bank,,design,0.0,0.0,0.0
2025-09-19,UBSG.SW,0.022270918246105723,0.0,control_bank,,design,0.0,0.0,0.0
2025-09-19,MA,-0.007653147545689982,0.0,payments,,design,0.0,0.0,0.0
2025-09-19,V,0.012677153296015986,0.0,payments,,design,0.0,0.0,0.0
2025-09-19,AXP,-0.010859364091344227,0.0,payments,,design,0.0,0.0,0.0
2025-09-19,PYPL,-0.016088130822002316,0.0,payments,,design,0.0,0.0,0.0
2025-09-19,GPN,0.002461709916385716,0.0,payments,,design,0.0,0.0,0.0
2025-09-19,AAPL,0.0630069818438439,0.0,gate,,design,0.0,0.0,0.0
2025-09-19,GOOGL,-0.008398705965831246,0.0,gate,,design,0.0,0.0,0.0
2025-09-19,AMZN,-0.026511806168382567,0.0,gate,,design,0.0,0.0,0.0
2025-09-19,META,-0.033650568393707184,0.0,gate,,design,0.0,0.0,0.0
2025-10-23,DBK.DE,0.0026166887266388826,-1.0,bank,-1.5981878524090556,impl,-1.0,0.0,0.0
2025-10-23,CBK.DE,0.010760499384434113,-1.0,bank,-0.1969766074951668,impl,-1.0,0.0,0.0
2025-10-23,BNP.PA,-0.008326303037609395,-1.0,bank,-1.8277916820311226,impl,-1.0,0.0,0.0
2025-10-23,GLE.PA,-0.004223301524850478,-1.0,bank,-1.8810103807023557,impl,-1.0,0.0,0.0
2025-10-23,ACA.PA,-0.006343686952276047,-1.0,bank,-0.430377884945561,impl,-1.0,0.0,0.0
2025-10-23,SAN.MC,-0.008489928620192384,-1.0,bank,-0.6865870300483472,impl,-1.0,0.0,0.0
2025-10-23,BBVA.MC,-0.00870973860362867,-1.0,bank,-0.5472047262920654,impl,-1.0,0.0,0.0
2025-10-23,CABK.MC,0.0032373666058358773,-1.0,bank,0.6318798811046288,impl,-1.0,0.0,0.0
2025-10-23,SAB.MC,-0.0029615457779396926,-1.0,bank,0.2751144903870993,impl,-1.0,0.0,0.0
2025-10-23,BKT.MC,-0.0031989416586449344,-1.0,bank,0.4179464676689923,impl,-1.0,0.0,0.0
2025-10-23,UNI.MC,0.006349741214587271,-1.0,bank,0.15978485614852456,impl,-1.0,0.0,0.0
2025-10-23,ISP.MI,-0.0017662112812996743,-1.0,bank,-0.3976038785149957,impl,-1.0,0.0,0.0
2025-10-23,UCG.MI,-0.02250710000132303,-1.0,bank,-0.6729346213298831,impl,-1.0,0.0,0.0
2025-10-23,BAMI.MI,-0.002616007944427461,-1.0,bank,-0.5474307600897961,impl,-1.0,0.0,0.0
2025-10-23,BPE.MI,0.015684780483455285,-1.0,bank,0.4457023654474827,impl,-1.0,0.0,0.0
2025-10-23,MB.MI,-0.0014952061009715868,-1.0,bank,-1.913665771560751,impl,-1.0,0.0,0.0
2025-10-23,INGA.AS,-0.0007369901567441483,-1.0,bank,0.0804612861920478,impl,-1.0,0.0,0.0
2025-10-23,ABN.AS,0.008744504557492552,-1.0,bank,-0.12757135640344586,impl,-1.0,0.0,0.0
2025-10-23,KBC.BR,-0.004964228470760796,-1.0,bank,0.48686960141089525,impl,-1.0,0.0,0.0
2025-10-23,EBS.VI,-0.009185613044324371,-1.0,bank,0.2976788742054292,impl,-1.0,0.0,0.0
2025-10-23,RBI.VI,-0.00694409146481313,-1.0,bank,-0.1603862510250389,impl,-1.0,0.0,0.0
2025-10-23,BG.VI,-0.0005540122892981275,-1.0,bank,-0.23359860729761434,impl,-1.0,0.0,0.0
2025-10-23,BIRG.IR,0.012573116993226044,-1.0,bank,1.1461139920025163,impl,-1.0,0.0,0.0
2025-10-23,A5G.IR,0.002872791960827142,-1.0,bank,1.6694774266625145,impl,-1.0,0.0,0.0
2025-10-23,ETE.AT,-0.0447269906555988,-1.0,bank,1.1896462862934265,impl,-1.0,0.0,0.0
2025-10-23,EUROB.AT,-0.03977663063707509,-1.0,bank,0.3949686796988067,impl,-1.0,0.0,0.0
2025-10-23,ALPHA.AT,-0.00693124918733329,-1.0,bank,0.7963878613911145,impl,-1.0,0.0,0.0
2025-10-23,TPEIR.AT,-0.014681173326342056,-1.0,bank,1.3177710426531568,impl,-1.0,0.0,0.0
2025-10-23,BCP.LS,0.0017681070201147932,-1.0,bank,1.9115242988785415,impl,-1.0,0.0,0.0
2025-10-23,NEXI.MI,0.009843495565728942,-1.0,payments,,impl,0.0,-1.0,0.0
2025-10-23,WLN.PA,0.05187496324519271,-1.0,payments,,impl,0.0,-1.0,0.0
2025-10-23,ADYEN.AS,0.012197522326717896,-1.0,payments,,impl,0.0,-1.0,0.0
2025-10-23,WISE.L,0.004677985393578129,-1.0,payments,,impl,0.0,-1.0,0.0
2025-10-23,SWED-A.ST,-0.010528273973089319,0.0,control_bank,-1.1418669440853995,impl,0.0,0.0,0.0
2025-10-23,SHB-A.ST,-0.0017281477993826896,0.0,control_bank,-1.476933828719851,impl,0.0,0.0,0.0
2025-10-23,DANSKE.CO,-0.011174775800644653,0.0,control_bank,-2.034052437497537,impl,0.0,0.0,0.0
2025-10-23,DNB.OL,-0.005059809543451343,0.0,control_bank,-0.9659534405231625,impl,0.0,0.0,0.0
2025-10-23,LLOY.L,0.00034755434154621484,0.0,control_bank,,impl,0.0,0.0,0.0
2025-10-23,NWG.L,0.04359278882054553,0.0,control_bank,,impl,0.0,0.0,0.0
2025-10-23,UBSG.SW,-0.002884782982356878,0.0,control_bank,,impl,0.0,0.0,0.0
2025-10-23,MA,-0.004800127185754837,-1.0,payments,,impl,0.0,-1.0,0.0
2025-10-23,V,-0.0008124764865616117,-1.0,payments,,impl,0.0,-1.0,0.0
2025-10-23,AXP,-0.0011015320083478334,-1.0,payments,,impl,0.0,-1.0,0.0
2025-10-23,PYPL,-0.004138941726830684,-1.0,payments,,impl,0.0,-1.0,0.0
2025-10-23,GPN,-0.009258201462435682,-1.0,payments,,impl,0.0,-1.0,0.0
2025-10-23,AAPL,0.0031650045024065026,0.0,gate,,impl,0.0,0.0,0.0
2025-10-23,GOOGL,0.017952154816922257,0.0,gate,,impl,0.0,0.0,0.0
2025-10-23,AMZN,0.004277737158285683,0.0,gate,,impl,0.0,0.0,0.0
2025-10-23,META,-0.0060662563923890925,0.0,gate,,impl,0.0,0.0,0.0
2025-10-30,DBK.DE,0.004513328289611181,-1.0,bank,-1.5981878524090556,impl,-1.0,0.0,0.0
2025-10-30,CBK.DE,0.015565109985402696,-1.0,bank,-0.1969766074951668,impl,-1.0,0.0,0.0
2025-10-30,BNP.PA,0.007258511897669812,-1.0,bank,-1.8277916820311226,impl,-1.0,0.0,0.0
2025-10-30,GLE.PA,0.0034640660460435665,-1.0,bank,-1.8810103807023557,impl,-1.0,0.0,0.0
2025-10-30,ACA.PA,-0.03529856867937417,-1.0,bank,-0.430377884945561,impl,-1.0,0.0,0.0
2025-10-30,SAN.MC,0.002204684471019472,-1.0,bank,-0.6865870300483472,impl,-1.0,0.0,0.0
2025-10-30,BBVA.MC,-0.0024567940109465787,-1.0,bank,-0.5472047262920654,impl,-1.0,0.0,0.0
2025-10-30,CABK.MC,0.017125663898702105,-1.0,bank,0.6318798811046288,impl,-1.0,0.0,0.0
2025-10-30,SAB.MC,0.014223401628590544,-1.0,bank,0.2751144903870993,impl,-1.0,0.0,0.0
2025-10-30,BKT.MC,0.006155222734240247,-1.0,bank,0.4179464676689923,impl,-1.0,0.0,0.0
2025-10-30,UNI.MC,0.0012677324684766164,-1.0,bank,0.15978485614852456,impl,-1.0,0.0,0.0
2025-10-30,ISP.MI,-0.010293926158331516,-1.0,bank,-0.3976038785149957,impl,-1.0,0.0,0.0
2025-10-30,UCG.MI,0.012193142230843407,-1.0,bank,-0.6729346213298831,impl,-1.0,0.0,0.0
2025-10-30,BAMI.MI,0.004267824633603385,-1.0,bank,-0.5474307600897961,impl,-1.0,0.0,0.0
2025-10-30,BPE.MI,0.016874812444049578,-1.0,bank,0.4457023654474827,impl,-1.0,0.0,0.0
2025-10-30,MB.MI,-0.008067719235127117,-1.0,bank,-1.913665771560751,impl,-1.0,0.0,0.0
2025-10-30,INGA.AS,0.04230460801498279,-1.0,bank,0.0804612861920478,impl,-1.0,0.0,0.0
2025-10-30,ABN.AS,0.015477500972082253,-1.0,bank,-0.12757135640344586,impl,-1.0,0.0,0.0
2025-10-30,KBC.BR,0.016271225764322352,-1.0,bank,0.48686960141089525,impl,-1.0,0.0,0.0
2025-10-30,EBS.VI,0.06718779337271016,-1.0,bank,0.2976788742054292,impl,-1.0,0.0,0.0
2025-10-30,RBI.VI,0.07468017130852855,-1.0,bank,-0.1603862510250389,impl,-1.0,0.0,0.0
2025-10-30,BG.VI,0.0353739281425343,-1.0,bank,-0.23359860729761434,impl,-1.0,0.0,0.0
2025-10-30,BIRG.IR,0.005813927253647343,-1.0,bank,1.1461139920025163,impl,-1.0,0.0,0.0
2025-10-30,A5G.IR,0.011735390431130024,-1.0,bank,1.6694774266625145,impl,-1.0,0.0,0.0
2025-10-30,ETE.AT,-0.010079685189088312,-1.0,bank,1.1896462862934265,impl,-1.0,0.0,0.0
2025-10-30,EUROB.AT,-0.03473295192520884,-1.0,bank,0.3949686796988067,impl,-1.0,0.0,0.0
2025-10-30,ALPHA.AT,-0.012138815050927934,-1.0,bank,0.7963878613911145,impl,-1.0,0.0,0.0
2025-10-30,TPEIR.AT,-0.023932695090222778,-1.0,bank,1.3177710426531568,impl,-1.0,0.0,0.0
2025-10-30,BCP.LS,-0.020326458479440306,-1.0,bank,1.9115242988785415,impl,-1.0,0.0,0.0
2025-10-30,NEXI.MI,-0.005658997481887752,-1.0,payments,,impl,0.0,-1.0,0.0
2025-10-30,WLN.PA,0.03634587828846824,-1.0,payments,,impl,0.0,-1.0,0.0
2025-10-30,ADYEN.AS,-0.0076861235732407305,-1.0,payments,,impl,0.0,-1.0,0.0
2025-10-30,WISE.L,-0.01068437547329153,-1.0,payments,,impl,0.0,-1.0,0.0
2025-10-30,SWED-A.ST,0.0007780692002914581,0.0,control_bank,-1.1418669440853995,impl,0.0,0.0,0.0
2025-10-30,SHB-A.ST,0.006977133706698727,0.0,control_bank,-1.476933828719851,impl,0.0,0.0,0.0
2025-10-30,DANSKE.CO,0.03758362084861568,0.0,control_bank,-2.034052437497537,impl,0.0,0.0,0.0
2025-10-30,DNB.OL,-0.010381576843987182,0.0,control_bank,-0.9659534405231625,impl,0.0,0.0,0.0
2025-10-30,LLOY.L,0.011451172000975724,0.0,control_bank,,impl,0.0,0.0,0.0
2025-10-30,NWG.L,0.0031267328334191958,0.0,control_bank,,impl,0.0,0.0,0.0
2025-10-30,UBSG.SW,0.012783050374238264,0.0,control_bank,,impl,0.0,0.0,0.0
2025-10-30,MA,0.0012823452463536743,-1.0,payments,,impl,0.0,-1.0,0.0
2025-10-30,V,0.004246794401477766,-1.0,payments,,impl,0.0,-1.0,0.0
2025-10-30,AXP,0.019025403661733154,-1.0,payments,,impl,0.0,-1.0,0.0
2025-10-30,PYPL,0.010069390864541547,-1.0,payments,,impl,0.0,-1.0,0.0
2025-10-30,GPN,-0.0054857907862375785,-1.0,payments,,impl,0.0,-1.0,0.0
2025-10-30,AAPL,0.011701654592185601,0.0,gate,,impl,0.0,0.0,0.0
2025-10-30,GOOGL,0.031554223977017126,0.0,gate,,impl,0.0,0.0,0.0
2025-10-30,AMZN,0.07008316984845198,0.0,gate,,impl,0.0,0.0,0.0
2025-10-30,META,-0.13908167752950573,0.0,gate,,impl,0.0,0.0,0.0
2025-11-03,DBK.DE,0.021661285838673563,1.0,bank,-1.5981878524090556,design,1.0,0.0,0.0
2025-11-03,CBK.DE,0.030365794893033062,1.0,bank,-0.1969766074951668,design,1.0,0.0,0.0
2025-11-03,BNP.PA,-0.015850071065710406,1.0,bank,-1.8277916820311226,design,1.0,0.0,0.0
2025-11-03,GLE.PA,-0.0060488876169349625,1.0,bank,-1.8810103807023557,design,1.0,0.0,0.0
2025-11-03,ACA.PA,0.0003780778573742741,1.0,bank,-0.430377884945561,design,1.0,0.0,0.0
2025-11-03,SAN.MC,-0.002101749437081353,1.0,bank,-0.6865870300483472,design,1.0,0.0,0.0
2025-11-03,BBVA.MC,0.006077084870427041,1.0,bank,-0.5472047262920654,design,1.0,0.0,0.0
2025-11-03,CABK.MC,0.0019990074440561292,1.0,bank,0.6318798811046288,design,1.0,0.0,0.0
2025-11-03,SAB.MC,0.015090565554217478,1.0,bank,0.2751144903870993,design,1.0,0.0,0.0
2025-11-03,BKT.MC,0.004964949155700147,1.0,bank,0.4179464676689923,design,1.0,0.0,0.0
2025-11-03,UNI.MC,0.0228895758180166,1.0,bank,0.15978485614852456,design,1.0,0.0,0.0
2025-11-03,ISP.MI,0.0011806047142507905,1.0,bank,-0.3976038785149957,design,1.0,0.0,0.0
2025-11-03,UCG.MI,0.0037534418261205107,1.0,bank,-0.6729346213298831,design,1.0,0.0,0.0
2025-11-03,BAMI.MI,-0.0003218734531810065,1.0,bank,-0.5474307600897961,design,1.0,0.0,0.0
2025-11-03,BPE.MI,0.0007510160442272627,1.0,bank,0.4457023654474827,design,1.0,0.0,0.0
2025-11-03,MB.MI,-0.0030537223083978576,1.0,bank,-1.913665771560751,design,1.0,0.0,0.0
2025-11-03,INGA.AS,0.014920369410708144,1.0,bank,0.0804612861920478,design,1.0,0.0,0.0
2025-11-03,ABN.AS,0.016805847876988623,1.0,bank,-0.12757135640344586,design,1.0,0.0,0.0
2025-11-03,KBC.BR,0.004646481097458457,1.0,bank,0.48686960141089525,design,1.0,0.0,0.0
2025-11-03,EBS.VI,0.0004234234253086269,1.0,bank,0.2976788742054292,design,1.0,0.0,0.0
2025-11-03,RBI.VI,-0.04046116251730166,1.0,bank,-0.1603862510250389,design,1.0,0.0,0.0
2025-11-03,BG.VI,0.014309884807132016,1.0,bank,-0.23359860729761434,design,1.0,0.0,0.0
2025-11-03,BIRG.IR,0.027305296959960083,1.0,bank,1.1461139920025163,design,1.0,0.0,0.0
2025-11-03,A5G.IR,0.04640209938688784,1.0,bank,1.6694774266625145,design,1.0,0.0,0.0
2025-11-03,ETE.AT,0.027204499965697893,1.0,bank,1.1896462862934265,design,1.0,0.0,0.0
2025-11-03,EUROB.AT,-0.009242651034632328,1.0,bank,0.3949686796988067,design,1.0,0.0,0.0
2025-11-03,ALPHA.AT,0.02088655008853745,1.0,bank,0.7963878613911145,design,1.0,0.0,0.0
2025-11-03,TPEIR.AT,0.020974467673121985,1.0,bank,1.3177710426531568,design,1.0,0.0,0.0
2025-11-03,BCP.LS,0.005683161149048036,1.0,bank,1.9115242988785415,design,1.0,0.0,0.0
2025-11-03,NEXI.MI,-0.017446853346042658,1.0,payments,,design,0.0,1.0,0.0
2025-11-03,WLN.PA,-0.08108022229250245,1.0,payments,,design,0.0,1.0,0.0
2025-11-03,ADYEN.AS,-0.04397197205944403,1.0,payments,,design,0.0,1.0,0.0
2025-11-03,WISE.L,0.0007742979709007523,1.0,payments,,design,0.0,1.0,0.0
2025-11-03,SWED-A.ST,0.010640217640196714,0.0,control_bank,-1.1418669440853995,design,0.0,0.0,0.0
2025-11-03,SHB-A.ST,0.005386843563355389,0.0,control_bank,-1.476933828719851,design,0.0,0.0,0.0
2025-11-03,DANSKE.CO,-4.355624640114833e-05,0.0,control_bank,-2.034052437497537,design,0.0,0.0,0.0
2025-11-03,DNB.OL,0.013262698485780032,0.0,control_bank,-0.9659534405231625,design,0.0,0.0,0.0
2025-11-03,LLOY.L,-0.0013511757178981368,0.0,control_bank,,design,0.0,0.0,0.0
2025-11-03,NWG.L,0.004211239084888236,0.0,control_bank,,design,0.0,0.0,0.0
2025-11-03,UBSG.SW,-0.0025203548981319207,0.0,control_bank,,design,0.0,0.0,0.0
2025-11-03,MA,0.009150267142224468,1.0,payments,,design,0.0,1.0,0.0
2025-11-03,V,0.0064005385789279515,1.0,payments,,design,0.0,1.0,0.0
2025-11-03,AXP,0.01483035091826065,1.0,payments,,design,0.0,1.0,0.0
2025-11-03,PYPL,-0.02791311260472352,1.0,payments,,design,0.0,1.0,0.0
2025-11-03,GPN,0.0443118893552604,1.0,payments,,design,0.0,1.0,0.0
2025-11-03,AAPL,0.01129615659684019,0.0,gate,,design,0.0,0.0,0.0
2025-11-03,GOOGL,-0.002340743249646716,0.0,gate,,design,0.0,0.0,0.0
2025-11-03,AMZN,0.03573824869891981,0.0,gate,,design,0.0,0.0,0.0
2025-11-03,META,-0.020289462802399592,0.0,gate,,design,0.0,0.0,0.0
2025-12-19,DBK.DE,0.002221132061375063,0.0,bank,-1.5981878524090556,design,0.0,0.0,0.0
2025-12-19,CBK.DE,-0.002010230866949868,0.0,bank,-0.1969766074951668,design,0.0,0.0,0.0
2025-12-19,BNP.PA,-0.006383019256173493,0.0,bank,-1.8277916820311226,design,0.0,0.0,0.0
2025-12-19,GLE.PA,-0.006770759686172975,0.0,bank,-1.8810103807023557,design,0.0,0.0,0.0
2025-12-19,ACA.PA,0.0023714655701467828,0.0,bank,-0.430377884945561,design,0.0,0.0,0.0
2025-12-19,SAN.MC,-0.013341938318647613,0.0,bank,-0.6865870300483472,design,0.0,0.0,0.0
2025-12-19,BBVA.MC,0.003960744866168538,0.0,bank,-0.5472047262920654,design,0.0,0.0,0.0
2025-12-19,CABK.MC,-0.01091574000902551,0.0,bank,0.6318798811046288,design,0.0,0.0,0.0
2025-12-19,SAB.MC,-0.0038292458861979087,0.0,bank,0.2751144903870993,design,0.0,0.0,0.0
2025-12-19,BKT.MC,-0.01056419964212307,0.0,bank,0.4179464676689923,design,0.0,0.0,0.0
2025-12-19,UNI.MC,-0.0006595435451273264,0.0,bank,0.15978485614852456,design,0.0,0.0,0.0
2025-12-19,ISP.MI,-0.005209901547730956,0.0,bank,-0.3976038785149957,design,0.0,0.0,0.0
2025-12-19,UCG.MI,-0.022713363581186224,0.0,bank,-0.6729346213298831,design,0.0,0.0,0.0
2025-12-19,BAMI.MI,-0.002904338843037187,0.0,bank,-0.5474307600897961,design,0.0,0.0,0.0
2025-12-19,BPE.MI,-0.003322537829840203,0.0,bank,0.4457023654474827,design,0.0,0.0,0.0
2025-12-19,MB.MI,-0.004484350753966431,0.0,bank,-1.913665771560751,design,0.0,0.0,0.0
2025-12-19,INGA.AS,0.0007290282251502472,0.0,bank,0.0804612861920478,design,0.0,0.0,0.0
2025-12-19,ABN.AS,-0.005541502324247671,0.0,bank,-0.12757135640344586,design,0.0,0.0,0.0
2025-12-19,KBC.BR,-0.004220570592781396,0.0,bank,0.48686960141089525,design,0.0,0.0,0.0
2025-12-19,EBS.VI,-0.0005608796408963458,0.0,bank,0.2976788742054292,design,0.0,0.0,0.0
2025-12-19,RBI.VI,0.019126649270884206,0.0,bank,-0.1603862510250389,design,0.0,0.0,0.0
2025-12-19,BG.VI,0.023458728478261782,0.0,bank,-0.23359860729761434,design,0.0,0.0,0.0
2025-12-19,BIRG.IR,-0.009249797245160125,0.0,bank,1.1461139920025163,design,0.0,0.0,0.0
2025-12-19,A5G.IR,-0.002303528675680821,0.0,bank,1.6694774266625145,design,0.0,0.0,0.0
2025-12-19,ETE.AT,0.017292572257901657,0.0,bank,1.1896462862934265,design,0.0,0.0,0.0
2025-12-19,ALPHA.AT,0.044141218270962276,0.0,bank,0.7963878613911145,design,0.0,0.0,0.0
2025-12-19,BCP.LS,0.002203729447431489,0.0,bank,1.9115242988785415,design,0.0,0.0,0.0
2025-12-19,NEXI.MI,0.018426101198763305,-1.0,payments,,design,0.0,-1.0,0.0
2025-12-19,WLN.PA,-0.019687202762205966,-1.0,payments,,design,0.0,-1.0,0.0
2025-12-19,ADYEN.AS,0.006104430316151429,-1.0,payments,,design,0.0,-1.0,0.0
2025-12-19,WISE.L,-0.0025163915466537732,-1.0,payments,,design,0.0,-1.0,0.0
2025-12-19,SWED-A.ST,0.007340362121904358,0.0,control_bank,-1.1418669440853995,design,0.0,0.0,0.0
2025-12-19,SHB-A.ST,0.0046040002184779254,0.0,control_bank,-1.476933828719851,design,0.0,0.0,0.0
2025-12-19,DANSKE.CO,0.010179155260359205,0.0,control_bank,-2.034052437497537,design,0.0,0.0,0.0
2025-12-19,DNB.OL,0.014292290161463828,0.0,control_bank,-0.9659534405231625,design,0.0,0.0,0.0
2025-12-19,LLOY.L,0.0020189476348324033,0.0,control_bank,,design,0.0,0.0,0.0
2025-12-19,NWG.L,0.002327870189541159,0.0,control_bank,,design,0.0,0.0,0.0
2025-12-19,UBSG.SW,-9.16437439829863e-05,0.0,control_bank,,design,0.0,0.0,0.0
2025-12-19,MA,0.0077308577811153745,-1.0,payments,,design,0.0,-1.0,0.0
2025-12-19,V,0.007972764497433466,-1.0,payments,,design,0.0,-1.0,0.0
2025-12-19,AXP,-0.0021862666001272336,-1.0,payments,,design,0.0,-1.0,0.0
2025-12-19,PYPL,-0.003742054285659106,-1.0,payments,,design,0.0,-1.0,0.0
2025-12-19,GPN,-0.025247316495981543,-1.0,payments,,design,0.0,-1.0,0.0
2025-12-19,AAPL,-0.02231479485412672,-1.0,gate,,design,0.0,0.0,-1.0
2025-12-19,GOOGL,0.007077735604458297,-1.0,gate,,design,0.0,0.0,-1.0
2025-12-19,AMZN,-0.01140141822247653,-1.0,gate,,design,0.0,0.0,-1.0
2025-12-19,META,-0.027650223064831753,-1.0,gate,,design,0.0,0.0,-1.0
2026-03-05,DBK.DE,-0.020964781524039643,-1.0,bank,-1.5981878524090556,impl,-1.0,0.0,0.0
2026-03-05,CBK.DE,-0.022885487139032542,-1.0,bank,-0.1969766074951668,impl,-1.0,0.0,0.0
2026-03-05,BNP.PA,-0.004379623910818978,-1.0,bank,-1.8277916820311226,impl,-1.0,0.0,0.0
2026-03-05,GLE.PA,-0.023446453661706723,-1.0,bank,-1.8810103807023557,impl,-1.0,0.0,0.0
2026-03-05,ACA.PA,-0.027618680571278836,-1.0,bank,-0.430377884945561,impl,-1.0,0.0,0.0
2026-03-05,SAN.MC,-0.005586485039455144,-1.0,bank,-0.6865870300483472,impl,-1.0,0.0,0.0
2026-03-05,BBVA.MC,0.006435912315933054,-1.0,bank,-0.5472047262920654,impl,-1.0,0.0,0.0
2026-03-05,CABK.MC,0.0013500044654240605,-1.0,bank,0.6318798811046288,impl,-1.0,0.0,0.0
2026-03-05,SAB.MC,0.0059621810066675975,-1.0,bank,0.2751144903870993,impl,-1.0,0.0,0.0
2026-03-05,BKT.MC,0.003930982350010553,-1.0,bank,0.4179464676689923,impl,-1.0,0.0,0.0
2026-03-05,UNI.MC,0.001967380326042203,-1.0,bank,0.15978485614852456,impl,-1.0,0.0,0.0
2026-03-05,ISP.MI,-0.010950569558692447,-1.0,bank,-0.3976038785149957,impl,-1.0,0.0,0.0
2026-03-05,UCG.MI,-0.004600171275743336,-1.0,bank,-0.6729346213298831,impl,-1.0,0.0,0.0
2026-03-05,BAMI.MI,-0.011235074290202566,-1.0,bank,-0.5474307600897961,impl,-1.0,0.0,0.0
2026-03-05,BPE.MI,-0.033167974786926055,-1.0,bank,0.4457023654474827,impl,-1.0,0.0,0.0
2026-03-05,MB.MI,-0.04477345406406585,-1.0,bank,-1.913665771560751,impl,-1.0,0.0,0.0
2026-03-05,INGA.AS,0.0009537209368293779,-1.0,bank,0.0804612861920478,impl,-1.0,0.0,0.0
2026-03-05,ABN.AS,-0.007874819954799817,-1.0,bank,-0.12757135640344586,impl,-1.0,0.0,0.0
2026-03-05,KBC.BR,0.01409025345794419,-1.0,bank,0.48686960141089525,impl,-1.0,0.0,0.0
2026-03-05,EBS.VI,-0.007110408284949694,-1.0,bank,0.2976788742054292,impl,-1.0,0.0,0.0
2026-03-05,RBI.VI,-0.0205224126808376,-1.0,bank,-0.1603862510250389,impl,-1.0,0.0,0.0
2026-03-05,BG.VI,0.0024904528771387165,-1.0,bank,-0.23359860729761434,impl,-1.0,0.0,0.0
2026-03-05,BIRG.IR,0.0054013008160566384,-1.0,bank,1.1461139920025163,impl,-1.0,0.0,0.0
2026-03-05,A5G.IR,0.03183822406931272,-1.0,bank,1.6694774266625145,impl,-1.0,0.0,0.0
2026-03-05,ETE.AT,0.0012131330858707531,-1.0,bank,1.1896462862934265,impl,-1.0,0.0,0.0
2026-03-05,EUROB.AT,0.006356339556989742,-1.0,bank,0.3949686796988067,impl,-1.0,0.0,0.0
2026-03-05,ALPHA.AT,0.029710673576390883,-1.0,bank,0.7963878613911145,impl,-1.0,0.0,0.0
2026-03-05,TPEIR.AT,0.00013384149016476554,-1.0,bank,1.3177710426531568,impl,-1.0,0.0,0.0
2026-03-05,BCP.LS,-0.015945474006038206,-1.0,bank,1.9115242988785415,impl,-1.0,0.0,0.0
2026-03-05,NEXI.MI,-0.16591955915344064,0.0,payments,,impl,0.0,0.0,0.0
2026-03-05,WLN.PA,-0.011191106939567666,0.0,payments,,impl,0.0,0.0,0.0
2026-03-05,ADYEN.AS,0.00812655304288768,0.0,payments,,impl,0.0,0.0,0.0
2026-03-05,WISE.L,0.012116455079006177,0.0,payments,,impl,0.0,0.0,0.0
2026-03-05,SWED-A.ST,-0.00329947879080986,0.0,control_bank,-1.1418669440853995,impl,0.0,0.0,0.0
2026-03-05,SHB-A.ST,-0.006107777515202908,0.0,control_bank,-1.476933828719851,impl,0.0,0.0,0.0
2026-03-05,DANSKE.CO,-0.008324368460605743,0.0,control_bank,-2.034052437497537,impl,0.0,0.0,0.0
2026-03-05,DNB.OL,-0.01366413806038751,0.0,control_bank,-0.9659534405231625,impl,0.0,0.0,0.0
2026-03-05,LLOY.L,-0.0007812917122786353,0.0,control_bank,,impl,0.0,0.0,0.0
2026-03-05,NWG.L,-0.0047216811543380165,0.0,control_bank,,impl,0.0,0.0,0.0
2026-03-05,UBSG.SW,-0.007628114345459085,0.0,control_bank,,impl,0.0,0.0,0.0
2026-03-05,MA,0.012558563592356183,0.0,payments,,impl,0.0,0.0,0.0
2026-03-05,V,0.004002176407600226,0.0,payments,,impl,0.0,0.0,0.0
2026-03-05,AXP,-0.006623564746867419,0.0,payments,,impl,0.0,0.0,0.0
2026-03-05,PYPL,0.03454286049323872,0.0,payments,,impl,0.0,0.0,0.0
2026-03-05,GPN,0.012355513023340706,0.0,payments,,impl,0.0,0.0,0.0
2026-03-05,AAPL,0.003784532674905484,0.0,gate,,impl,0.0,0.0,0.0
2026-03-05,GOOGL,0.005146974232866927,0.0,gate,,impl,0.0,0.0,0.0
2026-03-05,AMZN,0.010237719919896443,0.0,gate,,impl,0.0,0.0,0.0
2026-03-05,META,-0.009475044894791985,0.0,gate,,impl,0.0,0.0,0.0
2026-06-23,DBK.DE,-0.005149611025118331,1.0,bank,-1.5981878524090556,design,1.0,0.0,0.0
2026-06-23,CBK.DE,0.0013544672908201317,1.0,bank,-0.1969766074951668,design,1.0,0.0,0.0
2026-06-23,BNP.PA,0.004749909502897363,1.0,bank,-1.8277916820311226,design,1.0,0.0,0.0
2026-06-23,GLE.PA,-0.011095683469078452,1.0,bank,-1.8810103807023557,design,1.0,0.0,0.0
2026-06-23,ACA.PA,0.0015655879437134297,1.0,bank,-0.430377884945561,design,1.0,0.0,0.0
2026-06-23,SAN.MC,0.004750448215381682,1.0,bank,-0.6865870300483472,design,1.0,0.0,0.0
2026-06-23,BBVA.MC,0.006509441224228419,1.0,bank,-0.5472047262920654,design,1.0,0.0,0.0
2026-06-23,CABK.MC,-0.001417844345080561,1.0,bank,0.6318798811046288,design,1.0,0.0,0.0
2026-06-23,SAB.MC,0.002941134868757078,1.0,bank,0.2751144903870993,design,1.0,0.0,0.0
2026-06-23,BKT.MC,-0.0069978077606606464,1.0,bank,0.4179464676689923,design,1.0,0.0,0.0
2026-06-23,UNI.MC,0.002145080030606172,1.0,bank,0.15978485614852456,design,1.0,0.0,0.0
2026-06-23,ISP.MI,-0.007484650236442219,1.0,bank,-0.3976038785149957,design,1.0,0.0,0.0
2026-06-23,UCG.MI,-0.004259977677472507,1.0,bank,-0.6729346213298831,design,1.0,0.0,0.0
2026-06-23,BAMI.MI,0.0017869812228932993,1.0,bank,-0.5474307600897961,design,1.0,0.0,0.0
2026-06-23,BPE.MI,0.002370540021446303,1.0,bank,0.4457023654474827,design,1.0,0.0,0.0
2026-06-23,MB.MI,-0.003003864803891922,1.0,bank,-1.913665771560751,design,1.0,0.0,0.0
2026-06-23,INGA.AS,-0.0008968392302426166,1.0,bank,0.0804612861920478,design,1.0,0.0,0.0
2026-06-23,ABN.AS,-0.010876710901543005,1.0,bank,-0.12757135640344586,design,1.0,0.0,0.0
2026-06-23,KBC.BR,-0.018491372910868303,1.0,bank,0.48686960141089525,design,1.0,0.0,0.0
2026-06-23,EBS.VI,0.0021695947714600846,1.0,bank,0.2976788742054292,design,1.0,0.0,0.0
2026-06-23,RBI.VI,0.0050257834269940155,1.0,bank,-0.1603862510250389,design,1.0,0.0,0.0
2026-06-23,BG.VI,0.010994773257077376,1.0,bank,-0.23359860729761434,design,1.0,0.0,0.0
2026-06-23,BIRG.IR,-0.014022657273033909,1.0,bank,1.1461139920025163,design,1.0,0.0,0.0
2026-06-23,A5G.IR,-0.004354056375210018,1.0,bank,1.6694774266625145,design,1.0,0.0,0.0
2026-06-23,ETE.AT,-0.005175127353477099,1.0,bank,1.1896462862934265,design,1.0,0.0,0.0
2026-06-23,EUROB.AT,-0.013764510290531051,1.0,bank,0.3949686796988067,design,1.0,0.0,0.0
2026-06-23,ALPHA.AT,-0.012858438268526874,1.0,bank,0.7963878613911145,design,1.0,0.0,0.0
2026-06-23,TPEIR.AT,-0.01750452821701667,1.0,bank,1.3177710426531568,design,1.0,0.0,0.0
2026-06-23,BCP.LS,-0.006382408185689027,1.0,bank,1.9115242988785415,design,1.0,0.0,0.0
2026-06-23,NEXI.MI,-0.007468222385006594,-1.0,payments,,design,0.0,-1.0,0.0
2026-06-23,WLN.PA,0.002598658872570412,-1.0,payments,,design,0.0,-1.0,0.0
2026-06-23,ADYEN.AS,-0.03551919543622219,-1.0,payments,,design,0.0,-1.0,0.0
2026-06-23,WISE.L,0.007600774767856626,-1.0,payments,,design,0.0,-1.0,0.0
2026-06-23,SWED-A.ST,-0.005793764635646438,0.0,control_bank,-1.1418669440853995,design,0.0,0.0,0.0
2026-06-23,SHB-A.ST,-0.0010779214769318741,0.0,control_bank,-1.476933828719851,design,0.0,0.0,0.0
2026-06-23,DANSKE.CO,-0.007377369409150565,0.0,control_bank,-2.034052437497537,design,0.0,0.0,0.0
2026-06-23,DNB.OL,-0.010557287937132419,0.0,control_bank,-0.9659534405231625,design,0.0,0.0,0.0
2026-06-23,LLOY.L,0.007229318165752525,0.0,control_bank,,design,0.0,0.0,0.0
2026-06-23,NWG.L,-0.00042266828076862814,0.0,control_bank,,design,0.0,0.0,0.0
2026-06-23,UBSG.SW,-0.0017866457762425701,0.0,control_bank,,design,0.0,0.0,0.0
2026-06-23,MA,0.018286777839611933,-1.0,payments,,design,0.0,-1.0,0.0
2026-06-23,V,0.015974310333884793,-1.0,payments,,design,0.0,-1.0,0.0
2026-06-23,AXP,0.01873360818880407,-1.0,payments,,design,0.0,-1.0,0.0
2026-06-23,PYPL,0.005572906094186278,-1.0,payments,,design,0.0,-1.0,0.0
2026-06-23,GPN,0.007425440949249124,-1.0,payments,,design,0.0,-1.0,0.0
2026-06-23,AAPL,0.00840092978436942,0.0,gate,,design,0.0,0.0,0.0
2026-06-23,GOOGL,0.005430871219237944,0.0,gate,,design,0.0,0.0,0.0
2026-06-23,AMZN,0.025791349973154024,0.0,gate,,design,0.0,0.0,0.0
2026-06-23,META,0.01678701110966203,0.0,gate,,design,0.0,0.0,0.0
2026-06-26,DBK.DE,-0.02223617568129583,0.0,bank,-1.5981878524090556,other,0.0,0.0,0.0
2026-06-26,CBK.DE,-0.005384785139900806,0.0,bank,-0.1969766074951668,other,0.0,0.0,0.0
2026-06-26,BNP.PA,-0.02005890976497717,0.0,bank,-1.8277916820311226,other,0.0,0.0,0.0
2026-06-26,GLE.PA,-0.011103248517878183,0.0,bank,-1.8810103807023557,other,0.0,0.0,0.0
2026-06-26,ACA.PA,-0.008368221153607844,0.0,bank,-0.430377884945561,other,0.0,0.0,0.0
2026-06-26,SAN.MC,0.00731074135880897,0.0,bank,-0.6865870300483472,other,0.0,0.0,0.0
2026-06-26,BBVA.MC,-0.00017990444704203473,0.0,bank,-0.5472047262920654,other,0.0,0.0,0.0
2026-06-26,CABK.MC,-0.007150502996812847,0.0,bank,0.6318798811046288,other,0.0,0.0,0.0
2026-06-26,SAB.MC,-0.0017441184601819275,0.0,bank,0.2751144903870993,other,0.0,0.0,0.0
2026-06-26,BKT.MC,0.011922326784099352,0.0,bank,0.4179464676689923,other,0.0,0.0,0.0
2026-06-26,UNI.MC,-0.0005433186102214221,0.0,bank,0.15978485614852456,other,0.0,0.0,0.0
2026-06-26,ISP.MI,-0.014592401735177524,0.0,bank,-0.3976038785149957,other,0.0,0.0,0.0
2026-06-26,UCG.MI,-0.011378978615504225,0.0,bank,-0.6729346213298831,other,0.0,0.0,0.0
2026-06-26,BAMI.MI,-0.019060137833243618,0.0,bank,-0.5474307600897961,other,0.0,0.0,0.0
2026-06-26,BPE.MI,-0.011996906235660573,0.0,bank,0.4457023654474827,other,0.0,0.0,0.0
2026-06-26,MB.MI,-0.01887284482056374,0.0,bank,-1.913665771560751,other,0.0,0.0,0.0
2026-06-26,INGA.AS,-0.0013604700205531205,0.0,bank,0.0804612861920478,other,0.0,0.0,0.0
2026-06-26,ABN.AS,-0.004699670233777722,0.0,bank,-0.12757135640344586,other,0.0,0.0,0.0
2026-06-26,KBC.BR,0.0047831117687001734,0.0,bank,0.48686960141089525,other,0.0,0.0,0.0
2026-06-26,EBS.VI,-0.015621880759520368,0.0,bank,0.2976788742054292,other,0.0,0.0,0.0
2026-06-26,RBI.VI,-0.003205218705009354,0.0,bank,-0.1603862510250389,other,0.0,0.0,0.0
2026-06-26,BG.VI,0.004367685345616124,0.0,bank,-0.23359860729761434,other,0.0,0.0,0.0
2026-06-26,BIRG.IR,-0.015390212469179945,0.0,bank,1.1461139920025163,other,0.0,0.0,0.0
2026-06-26,A5G.IR,-0.008636913026030646,0.0,bank,1.6694774266625145,other,0.0,0.0,0.0
2026-06-26,ETE.AT,0.015394676290891328,0.0,bank,1.1896462862934265,other,0.0,0.0,0.0
2026-06-26,EUROB.AT,0.030918222912609674,0.0,bank,0.3949686796988067,other,0.0,0.0,0.0
2026-06-26,ALPHA.AT,0.012409602236059181,0.0,bank,0.7963878613911145,other,0.0,0.0,0.0
2026-06-26,TPEIR.AT,0.005707605862745506,0.0,bank,1.3177710426531568,other,0.0,0.0,0.0
2026-06-26,BCP.LS,0.004354271394108217,0.0,bank,1.9115242988785415,other,0.0,0.0,0.0
2026-06-26,NEXI.MI,-0.004721022875280426,0.0,payments,,other,0.0,0.0,0.0
2026-06-26,WLN.PA,0.04047948514137883,0.0,payments,,other,0.0,0.0,0.0
2026-06-26,ADYEN.AS,0.023256144100349402,0.0,payments,,other,0.0,0.0,0.0
2026-06-26,WISE.L,0.10049347411823498,0.0,payments,,other,0.0,0.0,0.0
2026-06-26,SWED-A.ST,0.00900932470208295,0.0,control_bank,-1.1418669440853995,other,0.0,0.0,0.0
2026-06-26,SHB-A.ST,0.005586570803805662,0.0,control_bank,-1.476933828719851,other,0.0,0.0,0.0
2026-06-26,DANSKE.CO,0.002514399148009869,0.0,control_bank,-2.034052437497537,other,0.0,0.0,0.0
2026-06-26,DNB.OL,0.0017423515441030634,0.0,control_bank,-0.9659534405231625,other,0.0,0.0,0.0
2026-06-26,LLOY.L,-0.0051821357822258145,0.0,control_bank,,other,0.0,0.0,0.0
2026-06-26,NWG.L,-0.0013549482835362846,0.0,control_bank,,other,0.0,0.0,0.0
2026-06-26,UBSG.SW,-0.01136472759052833,0.0,control_bank,,other,0.0,0.0,0.0
2026-06-26,MA,0.035241894205520694,0.0,payments,,other,0.0,0.0,0.0
2026-06-26,V,0.026375106440606207,0.0,payments,,other,0.0,0.0,0.0
2026-06-26,AXP,-0.015895395364101127,0.0,payments,,other,0.0,0.0,0.0
2026-06-26,PYPL,0.0400608728657872,0.0,payments,,other,0.0,0.0,0.0
2026-06-26,GPN,0.032387895204223915,0.0,payments,,other,0.0,0.0,0.0
2026-06-26,AAPL,0.010628516750405829,0.0,gate,,other,0.0,0.0,0.0
2026-06-26,GOOGL,0.01601848565692697,0.0,gate,,other,0.0,0.0,0.0
2026-06-26,AMZN,0.04281871052994411,0.0,gate,,other,0.0,0.0,0.0
2026-06-26,META,0.01815539831460785,0.0,gate,,other,0.0,0.0,0.0
2026-07-06,DBK.DE,0.019790709671645052,0.0,bank,-1.5981878524090556,other,0.0,0.0,0.0
2026-07-06,CBK.DE,0.013834564668202034,0.0,bank,-0.1969766074951668,other,0.0,0.0,0.0
2026-07-06,BNP.PA,0.012254833524383769,0.0,bank,-1.8277916820311226,other,0.0,0.0,0.0
2026-07-06,GLE.PA,0.008754104770728473,0.0,bank,-1.8810103807023557,other,0.0,0.0,0.0
2026-07-06,ACA.PA,0.009640256478264797,0.0,bank,-0.430377884945561,other,0.0,0.0,0.0
2026-07-06,SAN.MC,0.01124986796828487,0.0,bank,-0.6865870300483472,other,0.0,0.0,0.0
2026-07-06,BBVA.MC,0.005313138998154158,0.0,bank,-0.5472047262920654,other,0.0,0.0,0.0
2026-07-06,CABK.MC,0.009778999800551398,0.0,bank,0.6318798811046288,other,0.0,0.0,0.0
2026-07-06,SAB.MC,0.017844472050144333,0.0,bank,0.2751144903870993,other,0.0,0.0,0.0
2026-07-06,BKT.MC,0.01619344024889742,0.0,bank,0.4179464676689923,other,0.0,0.0,0.0
2026-07-06,UNI.MC,0.006947115305243733,0.0,bank,0.15978485614852456,other,0.0,0.0,0.0
2026-07-06,ISP.MI,0.015096970181405382,0.0,bank,-0.3976038785149957,other,0.0,0.0,0.0
2026-07-06,UCG.MI,0.0022827192357032836,0.0,bank,-0.6729346213298831,other,0.0,0.0,0.0
2026-07-06,BAMI.MI,0.024192993747458775,0.0,bank,-0.5474307600897961,other,0.0,0.0,0.0
2026-07-06,BPE.MI,0.011459489889496889,0.0,bank,0.4457023654474827,other,0.0,0.0,0.0
2026-07-06,MB.MI,0.005067546934457398,0.0,bank,-1.913665771560751,other,0.0,0.0,0.0
2026-07-06,INGA.AS,0.018507091980233942,0.0,bank,0.0804612861920478,other,0.0,0.0,0.0
2026-07-06,ABN.AS,0.011529204439861312,0.0,bank,-0.12757135640344586,other,0.0,0.0,0.0
2026-07-06,KBC.BR,0.007094783955870945,0.0,bank,0.48686960141089525,other,0.0,0.0,0.0
2026-07-06,EBS.VI,0.009660303449109368,0.0,bank,0.2976788742054292,other,0.0,0.0,0.0
2026-07-06,RBI.VI,0.02024005325275966,0.0,bank,-0.1603862510250389,other,0.0,0.0,0.0
2026-07-06,BG.VI,0.005638617596465143,0.0,bank,-0.23359860729761434,other,0.0,0.0,0.0
2026-07-06,BIRG.IR,0.01651783532108566,0.0,bank,1.1461139920025163,other,0.0,0.0,0.0
2026-07-06,A5G.IR,-0.002368747478780542,0.0,bank,1.6694774266625145,other,0.0,0.0,0.0
2026-07-06,ETE.AT,0.015045323244790201,0.0,bank,1.1896462862934265,other,0.0,0.0,0.0
2026-07-06,EUROB.AT,0.021882999598014007,0.0,bank,0.3949686796988067,other,0.0,0.0,0.0
2026-07-06,ALPHA.AT,0.027513418323369336,0.0,bank,0.7963878613911145,other,0.0,0.0,0.0
2026-07-06,TPEIR.AT,0.017708719671678183,0.0,bank,1.3177710426531568,other,0.0,0.0,0.0
2026-07-06,BCP.LS,0.007183034276200337,0.0,bank,1.9115242988785415,other,0.0,0.0,0.0
2026-07-06,NEXI.MI,-0.007018242382413527,0.0,payments,,other,0.0,0.0,0.0
2026-07-06,WLN.PA,-0.04558318591560408,0.0,payments,,other,0.0,0.0,0.0
2026-07-06,ADYEN.AS,0.014968359048295108,0.0,payments,,other,0.0,0.0,0.0
2026-07-06,WISE.L,0.011498808828844095,0.0,payments,,other,0.0,0.0,0.0
2026-07-06,SWED-A.ST,0.005092255972726975,0.0,control_bank,-1.1418669440853995,other,0.0,0.0,0.0
2026-07-06,SHB-A.ST,0.009054251517467856,0.0,control_bank,-1.476933828719851,other,0.0,0.0,0.0
2026-07-06,DANSKE.CO,0.015726303660470606,0.0,control_bank,-2.034052437497537,other,0.0,0.0,0.0
2026-07-06,DNB.OL,0.004068613356545042,0.0,control_bank,-0.9659534405231625,other,0.0,0.0,0.0
2026-07-06,LLOY.L,0.006089914309689078,0.0,control_bank,,other,0.0,0.0,0.0
2026-07-06,NWG.L,0.008584641252154898,0.0,control_bank,,other,0.0,0.0,0.0
2026-07-06,UBSG.SW,0.02190404973587663,0.0,control_bank,,other,0.0,0.0,0.0
2026-07-09,DBK.DE,-0.007214526931867526,1.0,bank,-1.5981878524090556,design,1.0,0.0,0.0
2026-07-09,CBK.DE,-0.0003176474191787966,1.0,bank,-0.1969766074951668,design,1.0,0.0,0.0
2026-07-09,BNP.PA,0.0031450436000287733,1.0,bank,-1.8277916820311226,design,1.0,0.0,0.0
2026-07-09,GLE.PA,0.011485578182582501,1.0,bank,-1.8810103807023557,design,1.0,0.0,0.0
2026-07-09,ACA.PA,0.005010611125977652,1.0,bank,-0.430377884945561,design,1.0,0.0,0.0
2026-07-09,SAN.MC,0.0014694277660440968,1.0,bank,-0.6865870300483472,design,1.0,0.0,0.0
2026-07-09,BBVA.MC,-0.005658845697462079,1.0,bank,-0.5472047262920654,design,1.0,0.0,0.0
2026-07-09,CABK.MC,0.009277470119309227,1.0,bank,0.6318798811046288,design,1.0,0.0,0.0
2026-07-09,SAB.MC,0.011991417302193698,1.0,bank,0.2751144903870993,design,1.0,0.0,0.0
2026-07-09,BKT.MC,0.009772721942742285,1.0,bank,0.4179464676689923,design,1.0,0.0,0.0
2026-07-09,UNI.MC,0.015403749510249032,1.0,bank,0.15978485614852456,design,1.0,0.0,0.0
2026-07-09,ISP.MI,0.006172583981509145,1.0,bank,-0.3976038785149957,design,1.0,0.0,0.0
2026-07-09,UCG.MI,0.010671794063189993,1.0,bank,-0.6729346213298831,design,1.0,0.0,0.0
2026-07-09,BAMI.MI,-7.98254739931871e-05,1.0,bank,-0.5474307600897961,design,1.0,0.0,0.0
2026-07-09,BPE.MI,-0.00390794692524357,1.0,bank,0.4457023654474827,design,1.0,0.0,0.0
2026-07-09,MB.MI,0.010977259637386858,1.0,bank,-1.913665771560751,design,1.0,0.0,0.0
2026-07-09,INGA.AS,0.0091936507828636,1.0,bank,0.0804612861920478,design,1.0,0.0,0.0
2026-07-09,ABN.AS,-0.000512863020567916,1.0,bank,-0.12757135640344586,design,1.0,0.0,0.0
2026-07-09,KBC.BR,0.0034483589919531675,1.0,bank,0.48686960141089525,design,1.0,0.0,0.0
2026-07-09,EBS.VI,0.02369178401219084,1.0,bank,0.2976788742054292,design,1.0,0.0,0.0
2026-07-09,RBI.VI,-9.940534138903195e-06,1.0,bank,-0.1603862510250389,design,1.0,0.0,0.0
2026-07-09,BG.VI,-0.009294490408677861,1.0,bank,-0.23359860729761434,design,1.0,0.0,0.0
2026-07-09,BIRG.IR,-0.004875161282006678,1.0,bank,1.1461139920025163,design,1.0,0.0,0.0
2026-07-09,A5G.IR,-0.0057013987111032,1.0,bank,1.6694774266625145,design,1.0,0.0,0.0
2026-07-09,ETE.AT,0.00934731620760379,1.0,bank,1.1896462862934265,design,1.0,0.0,0.0
2026-07-09,EUROB.AT,0.0019828591040635356,1.0,bank,0.3949686796988067,design,1.0,0.0,0.0
2026-07-09,ALPHA.AT,-0.010759185180459416,1.0,bank,0.7963878613911145,design,1.0,0.0,0.0
2026-07-09,TPEIR.AT,0.0025295891060924877,1.0,bank,1.3177710426531568,design,1.0,0.0,0.0
2026-07-09,BCP.LS,0.0022801441466021675,1.0,bank,1.9115242988785415,design,1.0,0.0,0.0
2026-07-09,NEXI.MI,0.004226393805943515,-1.0,payments,,design,0.0,-1.0,0.0
2026-07-09,WLN.PA,-0.016634588676121338,-1.0,payments,,design,0.0,-1.0,0.0
2026-07-09,ADYEN.AS,-0.0020264401394975316,-1.0,payments,,design,0.0,-1.0,0.0
2026-07-09,WISE.L,-0.01656761923308275,-1.0,payments,,design,0.0,-1.0,0.0
2026-07-09,SWED-A.ST,0.006085810703384957,0.0,control_bank,-1.1418669440853995,design,0.0,0.0,0.0
2026-07-09,SHB-A.ST,0.008549640759961915,0.0,control_bank,-1.476933828719851,design,0.0,0.0,0.0
2026-07-09,DANSKE.CO,0.014199414254057319,0.0,control_bank,-2.034052437497537,design,0.0,0.0,0.0
2026-07-09,DNB.OL,-0.003309780795657804,0.0,control_bank,-0.9659534405231625,design,0.0,0.0,0.0
2026-07-09,LLOY.L,-0.0008649891475932224,0.0,control_bank,,design,0.0,0.0,0.0
2026-07-09,NWG.L,0.00606277448193351,0.0,control_bank,,design,0.0,0.0,0.0
2026-07-09,UBSG.SW,0.009311797748265056,0.0,control_bank,,design,0.0,0.0,0.0
2026-07-09,MA,0.00329617304939913,-1.0,payments,,design,0.0,-1.0,0.0
2026-07-09,V,-0.003144257154048178,-1.0,payments,,design,0.0,-1.0,0.0
2026-07-09,AXP,0.021462448166089144,-1.0,payments,,design,0.0,-1.0,0.0
2026-07-09,PYPL,0.011585670748196542,-1.0,payments,,design,0.0,-1.0,0.0
2026-07-09,GPN,0.01040808560322277,-1.0,payments,,design,0.0,-1.0,0.0
2026-07-09,AAPL,-0.0005361878596007678,0.0,gate,,design,0.0,0.0,0.0
2026-07-09,GOOGL,-0.017383363151742937,0.0,gate,,design,0.0,0.0,0.0
2026-07-09,AMZN,0.0038861744514711305,0.0,gate,,design,0.0,0.0,0.0
2026-07-09,META,0.033622859721874114,0.0,gate,,design,0.0,0.0,0.0
2026-07-14,DBK.DE,0.018872352631236156,-1.0,bank,-1.5981878524090556,impl,-1.0,0.0,0.0
2026-07-14,CBK.DE,-0.030461072836704572,-1.0,bank,-0.1969766074951668,impl,-1.0,0.0,0.0
2026-07-14,BNP.PA,0.01003457267588858,-1.0,bank,-1.8277916820311226,impl,-1.0,0.0,0.0
2026-07-14,GLE.PA,0.014355403031405124,-1.0,bank,-1.8810103807023557,impl,-1.0,0.0,0.0
2026-07-14,ACA.PA,0.008303689303501897,-1.0,bank,-0.430377884945561,impl,-1.0,0.0,0.0
2026-07-14,SAN.MC,-0.011650600507200477,-1.0,bank,-0.6865870300483472,impl,-1.0,0.0,0.0
2026-07-14,BBVA.MC,-0.015420650472302393,-1.0,bank,-0.5472047262920654,impl,-1.0,0.0,0.0
2026-07-14,CABK.MC,-0.01208699497119667,-1.0,bank,0.6318798811046288,impl,-1.0,0.0,0.0
2026-07-14,SAB.MC,-0.008385869559796573,-1.0,bank,0.2751144903870993,impl,-1.0,0.0,0.0
2026-07-14,BKT.MC,0.0005699860494707493,-1.0,bank,0.4179464676689923,impl,-1.0,0.0,0.0
2026-07-14,UNI.MC,-0.015472742663544667,-1.0,bank,0.15978485614852456,impl,-1.0,0.0,0.0
2026-07-14,ISP.MI,-0.0028492123021317123,-1.0,bank,-0.3976038785149957,impl,-1.0,0.0,0.0
2026-07-14,UCG.MI,-0.02369336157968963,-1.0,bank,-0.6729346213298831,impl,-1.0,0.0,0.0
2026-07-14,BAMI.MI,-0.014454501394269228,-1.0,bank,-0.5474307600897961,impl,-1.0,0.0,0.0
2026-07-14,BPE.MI,-0.023985685935745807,-1.0,bank,0.4457023654474827,impl,-1.0,0.0,0.0
2026-07-14,MB.MI,-0.018836478050101788,-1.0,bank,-1.913665771560751,impl,-1.0,0.0,0.0
2026-07-14,INGA.AS,0.013656649649657704,-1.0,bank,0.0804612861920478,impl,-1.0,0.0,0.0
2026-07-14,ABN.AS,0.002249850112104889,-1.0,bank,-0.12757135640344586,impl,-1.0,0.0,0.0
2026-07-14,KBC.BR,-0.003781485899388707,-1.0,bank,0.48686960141089525,impl,-1.0,0.0,0.0
2026-07-14,EBS.VI,-0.017158567588474682,-1.0,bank,0.2976788742054292,impl,-1.0,0.0,0.0
2026-07-14,RBI.VI,0.0020512466463269707,-1.0,bank,-0.1603862510250389,impl,-1.0,0.0,0.0
2026-07-14,BG.VI,-0.013877129169312295,-1.0,bank,-0.23359860729761434,impl,-1.0,0.0,0.0
2026-07-14,BIRG.IR,0.0004927997223572967,-1.0,bank,1.1461139920025163,impl,-1.0,0.0,0.0
2026-07-14,A5G.IR,0.0012103612321671007,-1.0,bank,1.6694774266625145,impl,-1.0,0.0,0.0
2026-07-14,ETE.AT,-0.04847646556154983,-1.0,bank,1.1896462862934265,impl,-1.0,0.0,0.0
2026-07-14,EUROB.AT,-0.038895636850299946,-1.0,bank,0.3949686796988067,impl,-1.0,0.0,0.0
2026-07-14,ALPHA.AT,-0.024751558015384714,-1.0,bank,0.7963878613911145,impl,-1.0,0.0,0.0
2026-07-14,TPEIR.AT,-0.013465562397737607,-1.0,bank,1.3177710426531568,impl,-1.0,0.0,0.0
2026-07-14,BCP.LS,0.0010501723041742217,-1.0,bank,1.9115242988785415,impl,-1.0,0.0,0.0
2026-07-14,NEXI.MI,0.04695641971049499,0.0,payments,,impl,0.0,0.0,0.0
2026-07-14,WLN.PA,0.058190839674965876,0.0,payments,,impl,0.0,0.0,0.0
2026-07-14,ADYEN.AS,0.03555123161082411,0.0,payments,,impl,0.0,0.0,0.0
2026-07-14,WISE.L,0.00548179598505181,0.0,payments,,impl,0.0,0.0,0.0
2026-07-14,SWED-A.ST,0.006207504484248568,0.0,control_bank,-1.1418669440853995,impl,0.0,0.0,0.0
2026-07-14,SHB-A.ST,-0.03246615574002421,0.0,control_bank,-1.476933828719851,impl,0.0,0.0,0.0
2026-07-14,DANSKE.CO,0.009411652039992443,0.0,control_bank,-2.034052437497537,impl,0.0,0.0,0.0
2026-07-14,DNB.OL,-0.01261809118287026,0.0,control_bank,-0.9659534405231625,impl,0.0,0.0,0.0
2026-07-14,LLOY.L,0.009250863059671148,0.0,control_bank,,impl,0.0,0.0,0.0
2026-07-14,NWG.L,0.0066509010470633696,0.0,control_bank,,impl,0.0,0.0,0.0
2026-07-14,UBSG.SW,0.04457166328331502,0.0,control_bank,,impl,0.0,0.0,0.0
2026-07-14,MA,-0.008502031228514173,0.0,payments,,impl,0.0,0.0,0.0
2026-07-14,V,-0.01159521095477438,0.0,payments,,impl,0.0,0.0,0.0
2026-07-14,AXP,0.0045618683966928515,0.0,payments,,impl,0.0,0.0,0.0
2026-07-14,PYPL,0.15113765423209677,0.0,payments,,impl,0.0,0.0,0.0
2026-07-14,GPN,0.0120899438047052,0.0,payments,,impl,0.0,0.0,0.0
2026-07-14,AAPL,0.0229445341777128,0.0,gate,,impl,0.0,0.0,0.0
2026-07-14,GOOGL,0.042390996346942,0.0,gate,,impl,0.0,0.0,0.0
2026-07-14,AMZN,0.02193047965133015,0.0,gate,,impl,0.0,0.0,0.0
2026-07-14,META,0.024375893478506598,0.0,gate,,impl,0.0,0.0,0.0
