event_date,firm,car,direction,grp,z,d_bank,d_pay,d_gate
2023-06-28,DBK.DE,0.004350348513530183,-1.0,bank,-1.5981878524090556,-1.0,0.0,0.0
2023-06-28,CBK.DE,0.001971059513224661,-1.0,bank,-0.1969766074951668,-1.0,0.0,0.0
2023-06-28,BNP.PA,0.0022311773040823487,-1.0,bank,-1.8277916820311226,-1.0,0.0,0.0
2023-06-28,GLE.PA,0.0029977867511117445,-1.0,bank,-1.8810103807023557,-1.0,0.0,0.0
2023-06-28,ACA.PA,0.006194415417743323,-1.0,bank,-0.430377884945561,-1.0,0.0,0.0
2023-06-28,SAN.MC,0.03450084315126821,-1.0,bank,-0.6865870300483472,-1.0,0.0,0.0
2023-06-28,BBVA.MC,0.010285899498218691,-1.0,bank,-0.5472047262920654,-1.0,0.0,0.0
2023-06-28,CABK.MC,-0.0015494866486453502,-1.0,bank,0.6318798811046288,-1.0,0.0,0.0
2023-06-28,SAB.MC,0.005463611804034365,-1.0,bank,0.2751144903870993,-1.0,0.0,0.0
2023-06-28,BKT.MC,0.00242610091883961,-1.0,bank,0.4179464676689923,-1.0,0.0,0.0
2023-06-28,UNI.MC,0.008836247511769549,-1.0,bank,0.15978485614852456,-1.0,0.0,0.0
2023-06-28,ISP.MI,0.0011955088344476332,-1.0,bank,-0.3976038785149957,-1.0,0.0,0.0
2023-06-28,UCG.MI,-0.0008865238501183535,-1.0,bank,-0.6729346213298831,-1.0,0.0,0.0
2023-06-28,BAMI.MI,0.01042984751412703,-1.0,bank,-0.5474307600897961,-1.0,0.0,0.0
2023-06-28,BPE.MI,0.008376072636043492,-1.0,bank,0.4457023654474827,-1.0,0.0,0.0
2023-06-28,MB.MI,0.00015991922075018128,-1.0,bank,-1.913665771560751,-1.0,0.0,0.0
2023-06-28,INGA.AS,0.004161574047575812,-1.0,bank,0.0804612861920478,-1.0,0.0,0.0
2023-06-28,ABN.AS,-0.0013642256435418081,-1.0,bank,-0.12757135640344586,-1.0,0.0,0.0
2023-06-28,KBC.BR,-0.0016891145635801082,-1.0,bank,0.48686960141089525,-1.0,0.0,0.0
2023-06-28,EBS.VI,0.00786302924084784,-1.0,bank,0.2976788742054292,-1.0,0.0,0.0
2023-06-28,RBI.VI,-0.000505904852006196,-1.0,bank,-0.1603862510250389,-1.0,0.0,0.0
2023-06-28,BG.VI,0.003559784703814472,-1.0,bank,-0.23359860729761434,-1.0,0.0,0.0
2023-06-28,BIRG.IR,-0.0034096942134128755,-1.0,bank,1.1461139920025163,-1.0,0.0,0.0
2023-06-28,A5G.IR,-0.023122652763971206,-1.0,bank,1.6694774266625145,-1.0,0.0,0.0
2023-06-28,ETE.AT,0.019938984507002402,-1.0,bank,1.1896462862934265,-1.0,0.0,0.0
2023-06-28,EUROB.AT,0.011485704082766729,-1.0,bank,0.3949686796988067,-1.0,0.0,0.0
2023-06-28,TPEIR.AT,0.03327155387555675,-1.0,bank,1.3177710426531568,-1.0,0.0,0.0
2023-06-28,BCP.LS,0.014158917284084012,-1.0,bank,1.9115242988785415,-1.0,0.0,0.0
2023-06-28,NEXI.MI,-0.0016205169782031543,-1.0,payments,,0.0,-1.0,0.0
2023-06-28,WLN.PA,0.011033838317682376,-1.0,payments,,0.0,-1.0,0.0
2023-06-28,ADYEN.AS,0.02370321217595041,-1.0,payments,,0.0,-1.0,0.0
2023-06-28,WISE.L,0.04463968847632509,-1.0,payments,,0.0,-1.0,0.0
2023-06-28,SWED-A.ST,-0.0060432537651066084,0.0,control_bank,-1.1418669440853995,0.0,0.0,0.0
2023-06-28,SHB-A.ST,-0.0007363853625508327,0.0,control_bank,-1.476933828719851,0.0,0.0,0.0
2023-06-28,DANSKE.CO,0.010528369957909609,0.0,control_bank,-2.034052437497537,0.0,0.0,0.0
2023-06-28,DNB.OL,0.016980432640873882,0.0,control_bank,-0.9659534405231625,0.0,0.0,0.0
2023-06-28,LLOY.L,0.0024675382795729074,0.0,control_bank,,0.0,0.0,0.0
2023-06-28,NWG.L,0.013927816334798981,0.0,control_bank,,0.0,0.0,0.0
2023-06-28,UBSG.SW,0.009373242645302806,0.0,control_bank,,0.0,0.0,0.0
2023-06-28,MA,-0.0032057417194271327,-1.0,payments,,0.0,-1.0,0.0
2023-06-28,V,0.0034571746817700713,-1.0,payments,,0.0,-1.0,0.0
2023-06-28,AXP,0.011464984591746044,-1.0,payments,,0.0,-1.0,0.0
2023-06-28,PYPL,0.0010601509442288927,-1.0,payments,,0.0,-1.0,0.0
2023-06-28,GPN,0.0141699577566832,-1.0,payments,,0.0,-1.0,0.0
2023-06-28,AAPL,0.006961771504934131,0.0,gate,,0.0,0.0,0.0
2023-06-28,GOOGL,0.015627824703308292,0.0,gate,,0.0,0.0,0.0
2023-06-28,AMZN,0.00016373248654362547,0.0,gate,,0.0,0.0,0.0
2023-06-28,META,-0.006424239634654931,0.0,gate,,0.0,0.0,0.0
2023-10-19,DBK.DE,0.008090687263069395,0.0,bank,-1.5981878524090556,0.0,0.0,0.0
2023-10-19,CBK.DE,0.0006641081124692787,0.0,bank,-0.1969766074951668,0.0,0.0,0.0
2023-10-19,BNP.PA,-0.0009134213603736903,0.0,bank,-1.8277916820311226,0.0,0.0,0.0
2023-10-19,GLE.PA,0.0008037666691493601,0.0,bank,-1.8810103807023557,0.0,0.0,0.0
2023-10-19,ACA.PA,0.002201041961078151,0.0,bank,-0.430377884945561,0.0,0.0,0.0
2023-10-19,SAN.MC,0.011795799396176934,0.0,bank,-0.6865870300483472,0.0,0.0,0.0
2023-10-19,BBVA.MC,0.0034048926436398962,0.0,bank,-0.5472047262920654,0.0,0.0,0.0
2023-10-19,CABK.MC,0.031430831660782345,0.0,bank,0.6318798811046288,0.0,0.0,0.0
2023-10-19,SAB.MC,0.027144463559216025,0.0,bank,0.2751144903870993,0.0,0.0,0.0
2023-10-19,BKT.MC,0.054589533209645574,0.0,bank,0.4179464676689923,0.0,0.0,0.0
2023-10-19,UNI.MC,0.021973340617602876,0.0,bank,0.15978485614852456,0.0,0.0,0.0
2023-10-19,ISP.MI,0.000877483821664013,0.0,bank,-0.3976038785149957,0.0,0.0,0.0
2023-10-19,UCG.MI,-0.00016680562840660357,0.0,bank,-0.6729346213298831,0.0,0.0,0.0
2023-10-19,BAMI.MI,-0.019869297171794635,0.0,bank,-0.5474307600897961,0.0,0.0,0.0
2023-10-19,BPE.MI,-0.012865712064248792,0.0,bank,0.4457023654474827,0.0,0.0,0.0
2023-10-19,MB.MI,-0.005471951901283412,0.0,bank,-1.913665771560751,0.0,0.0,0.0
2023-10-19,INGA.AS,0.005236325348584137,0.0,bank,0.0804612861920478,0.0,0.0,0.0
2023-10-19,ABN.AS,0.003996382925516058,0.0,bank,-0.12757135640344586,0.0,0.0,0.0
2023-10-19,KBC.BR,0.005046890783951647,0.0,bank,0.48686960141089525,0.0,0.0,0.0
2023-10-19,EBS.VI,-0.005253836054238679,0.0,bank,0.2976788742054292,0.0,0.0,0.0
2023-10-19,RBI.VI,0.001342278034724212,0.0,bank,-0.1603862510250389,0.0,0.0,0.0
2023-10-19,BG.VI,-0.008536607555250141,0.0,bank,-0.23359860729761434,0.0,0.0,0.0
2023-10-19,BIRG.IR,0.009793119205756992,0.0,bank,1.1461139920025163,0.0,0.0,0.0
2023-10-19,A5G.IR,0.0025502861429900717,0.0,bank,1.6694774266625145,0.0,0.0,0.0
2023-10-19,ETE.AT,0.000600481239997769,0.0,bank,1.1896462862934265,0.0,0.0,0.0
2023-10-19,EUROB.AT,0.016394171463880787,0.0,bank,0.3949686796988067,0.0,0.0,0.0
2023-10-19,TPEIR.AT,0.0016523696715938715,0.0,bank,1.3177710426531568,0.0,0.0,0.0
2023-10-19,BCP.LS,0.0036693698487076038,0.0,bank,1.9115242988785415,0.0,0.0,0.0
2023-10-19,NEXI.MI,0.00046692776151999356,0.0,payments,,0.0,0.0,0.0
2023-10-19,WLN.PA,0.012870862052732208,0.0,payments,,0.0,0.0,0.0
2023-10-19,ADYEN.AS,0.006002151853929893,0.0,payments,,0.0,0.0,0.0
2023-10-19,WISE.L,-0.0011428843018501896,0.0,payments,,0.0,0.0,0.0
2023-10-19,SWED-A.ST,-0.0051832304375093756,0.0,control_bank,-1.1418669440853995,0.0,0.0,0.0
2023-10-19,SHB-A.ST,-0.026875708393940316,0.0,control_bank,-1.476933828719851,0.0,0.0,0.0
2023-10-19,DANSKE.CO,0.003625440884274235,0.0,control_bank,-2.034052437497537,0.0,0.0,0.0
2023-10-19,DNB.OL,-0.06884233965964305,0.0,control_bank,-0.9659534405231625,0.0,0.0,0.0
2023-10-19,LLOY.L,-0.013127277793257643,0.0,control_bank,,0.0,0.0,0.0
2023-10-19,NWG.L,-0.010630719197166861,0.0,control_bank,,0.0,0.0,0.0
2023-10-19,UBSG.SW,-0.006532555860429081,0.0,control_bank,,0.0,0.0,0.0
2023-10-19,MA,-0.007437518437692508,0.0,payments,,0.0,0.0,0.0
2023-10-19,V,-0.00929307071269549,0.0,payments,,0.0,0.0,0.0
2023-10-19,AXP,-0.00036386952915294646,0.0,payments,,0.0,0.0,0.0
2023-10-19,PYPL,-0.004161026941404668,0.0,payments,,0.0,0.0,0.0
2023-10-19,GPN,-0.010624338533691931,0.0,payments,,0.0,0.0,0.0
2023-10-19,AAPL,0.008312702343075929,0.0,gate,,0.0,0.0,0.0
2023-10-19,GOOGL,0.0073615340376208226,0.0,gate,,0.0,0.0,0.0
2023-10-19,AMZN,0.014252861709636178,0.0,gate,,0.0,0.0,0.0
2023-10-19,META,-0.0019394991198447287,0.0,gate,,0.0,0.0,0.0
2023-10-31,DBK.DE,-0.0068784248743549,-1.0,bank,-1.5981878524090556,-1.0,0.0,0.0
2023-10-31,CBK.DE,0.000663246835001219,-1.0,bank,-0.1969766074951668,-1.0,0.0,0.0
2023-10-31,BNP.PA,0.009064613734122996,-1.0,bank,-1.8277916820311226,-1.0,0.0,0.0
2023-10-31,GLE.PA,0.012745499429896754,-1.0,bank,-1.8810103807023557,-1.0,0.0,0.0
2023-10-31,ACA.PA,0.012890547621161584,-1.0,bank,-0.430377884945561,-1.0,0.0,0.0
2023-10-31,SAN.MC,-0.007705914051650721,-1.0,bank,-0.6865870300483472,-1.0,0.0,0.0
2023-10-31,BBVA.MC,-0.01367334173154813,-1.0,bank,-0.5472047262920654,-1.0,0.0,0.0
2023-10-31,CABK.MC,-0.005773702926870989,-1.0,bank,0.6318798811046288,-1.0,0.0,0.0
2023-10-31,SAB.MC,-0.013857024632760687,-1.0,bank,0.2751144903870993,-1.0,0.0,0.0
2023-10-31,BKT.MC,0.0008679242179150492,-1.0,bank,0.4179464676689923,-1.0,0.0,0.0
2023-10-31,UNI.MC,0.006582666452727997,-1.0,bank,0.15978485614852456,-1.0,0.0,0.0
2023-10-31,ISP.MI,0.023329898816860064,-1.0,bank,-0.3976038785149957,-1.0,0.0,0.0
2023-10-31,UCG.MI,0.003448300146344844,-1.0,bank,-0.6729346213298831,-1.0,0.0,0.0
2023-10-31,BAMI.MI,0.01956245798870678,-1.0,bank,-0.5474307600897961,-1.0,0.0,0.0
2023-10-31,BPE.MI,0.037138011834241584,-1.0,bank,0.4457023654474827,-1.0,0.0,0.0
2023-10-31,MB.MI,0.01684862717595027,-1.0,bank,-1.913665771560751,-1.0,0.0,0.0
2023-10-31,INGA.AS,0.0013237076782898526,-1.0,bank,0.0804612861920478,-1.0,0.0,0.0
2023-10-31,ABN.AS,-0.008397560663280276,-1.0,bank,-0.12757135640344586,-1.0,0.0,0.0
2023-10-31,KBC.BR,-0.003038450215836559,-1.0,bank,0.48686960141089525,-1.0,0.0,0.0
2023-10-31,EBS.VI,-0.004796949932173037,-1.0,bank,0.2976788742054292,-1.0,0.0,0.0
2023-10-31,RBI.VI,-0.003159954168161731,-1.0,bank,-0.1603862510250389,-1.0,0.0,0.0
2023-10-31,BG.VI,0.008009381084951778,-1.0,bank,-0.23359860729761434,-1.0,0.0,0.0
2023-10-31,BIRG.IR,-0.014789322977555856,-1.0,bank,1.1461139920025163,-1.0,0.0,0.0
2023-10-31,A5G.IR,0.00037484731409091385,-1.0,bank,1.6694774266625145,-1.0,0.0,0.0
2023-10-31,ETE.AT,-0.0058588653735352,-1.0,bank,1.1896462862934265,-1.0,0.0,0.0
2023-10-31,EUROB.AT,-0.010966000831592515,-1.0,bank,0.3949686796988067,-1.0,0.0,0.0
2023-10-31,TPEIR.AT,-0.006998935938051653,-1.0,bank,1.3177710426531568,-1.0,0.0,0.0
2023-10-31,BCP.LS,-0.0019489855150778524,-1.0,bank,1.9115242988785415,-1.0,0.0,0.0
2023-10-31,NEXI.MI,0.009995539883582528,0.0,payments,,0.0,0.0,0.0
2023-10-31,WLN.PA,0.031225531794738415,0.0,payments,,0.0,0.0,0.0
2023-10-31,ADYEN.AS,-0.0013701047181035866,0.0,payments,,0.0,0.0,0.0
2023-10-31,WISE.L,0.004158973988435698,0.0,payments,,0.0,0.0,0.0
2023-10-31,SWED-A.ST,0.022750190409925417,0.0,control_bank,-1.1418669440853995,0.0,0.0,0.0
2023-10-31,SHB-A.ST,0.010640559580659039,0.0,control_bank,-1.476933828719851,0.0,0.0,0.0
2023-10-31,DANSKE.CO,0.001768252841902942,0.0,control_bank,-2.034052437497537,0.0,0.0,0.0
2023-10-31,DNB.OL,8.625312857895293e-05,0.0,control_bank,-0.9659534405231625,0.0,0.0,0.0
2023-10-31,LLOY.L,-0.0031359891423773283,0.0,control_bank,,0.0,0.0,0.0
2023-10-31,NWG.L,-0.000181034005519261,0.0,control_bank,,0.0,0.0,0.0
2023-10-31,UBSG.SW,-0.002607270456347213,0.0,control_bank,,0.0,0.0,0.0
2023-10-31,MA,0.006926909327615442,0.0,payments,,0.0,0.0,0.0
2023-10-31,V,0.004771889499438979,0.0,payments,,0.0,0.0,0.0
2023-10-31,AXP,0.012577446607802828,0.0,payments,,0.0,0.0,0.0
2023-10-31,PYPL,0.010617920564828846,0.0,payments,,0.0,0.0,0.0
2023-10-31,GPN,0.016862813285428394,0.0,payments,,0.0,0.0,0.0
2023-10-31,AAPL,-0.004720755886486666,0.0,gate,,0.0,0.0,0.0
2023-10-31,GOOGL,-0.01025655307683942,0.0,gate,,0.0,0.0,0.0
2023-10-31,AMZN,-0.004981457147121284,0.0,gate,,0.0,0.0,0.0
2023-10-31,META,-0.014504811233836026,0.0,gate,,0.0,0.0,0.0
2024-02-09,DBK.DE,0.0012688277589823678,0.0,bank,-1.5981878524090556,0.0,0.0,0.0
2024-02-09,CBK.DE,0.010483106580354886,0.0,bank,-0.1969766074951668,0.0,0.0,0.0
2024-02-09,BNP.PA,-0.020737677108615547,0.0,bank,-1.8277916820311226,0.0,0.0,0.0
2024-02-09,GLE.PA,-0.011099100494445532,0.0,bank,-1.8810103807023557,0.0,0.0,0.0
2024-02-09,ACA.PA,-0.010311314233457066,0.0,bank,-0.430377884945561,0.0,0.0,0.0
2024-02-09,SAN.MC,0.006012740582627418,0.0,bank,-0.6865870300483472,0.0,0.0,0.0
2024-02-09,BBVA.MC,0.005626345438419731,0.0,bank,-0.5472047262920654,0.0,0.0,0.0
2024-02-09,CABK.MC,-0.006797550604689069,0.0,bank,0.6318798811046288,0.0,0.0,0.0
2024-02-09,SAB.MC,0.00042003067740485514,0.0,bank,0.2751144903870993,0.0,0.0,0.0
2024-02-09,BKT.MC,0.013491293363124499,0.0,bank,0.4179464676689923,0.0,0.0,0.0
2024-02-09,UNI.MC,-0.008307308573239301,0.0,bank,0.15978485614852456,0.0,0.0,0.0
2024-02-09,ISP.MI,-0.010751288761703226,0.0,bank,-0.3976038785149957,0.0,0.0,0.0
2024-02-09,UCG.MI,0.009146103818645534,0.0,bank,-0.6729346213298831,0.0,0.0,0.0
2024-02-09,BAMI.MI,0.02120831181300402,0.0,bank,-0.5474307600897961,0.0,0.0,0.0
2024-02-09,BPE.MI,-0.004122695516572992,0.0,bank,0.4457023654474827,0.0,0.0,0.0
2024-02-09,MB.MI,-0.018717494275866133,0.0,bank,-1.913665771560751,0.0,0.0,0.0
2024-02-09,INGA.AS,0.01210386443349713,0.0,bank,0.0804612861920478,0.0,0.0,0.0
2024-02-09,ABN.AS,0.0006121727496773413,0.0,bank,-0.12757135640344586,0.0,0.0,0.0
2024-02-09,KBC.BR,0.009424465875312238,0.0,bank,0.48686960141089525,0.0,0.0,0.0
2024-02-09,EBS.VI,0.013501912492446751,0.0,bank,0.2976788742054292,0.0,0.0,0.0
2024-02-09,RBI.VI,0.011352511600887816,0.0,bank,-0.1603862510250389,0.0,0.0,0.0
2024-02-09,BG.VI,0.0005115768098293335,0.0,bank,-0.23359860729761434,0.0,0.0,0.0
2024-02-09,BIRG.IR,0.02678294224474066,0.0,bank,1.1461139920025163,0.0,0.0,0.0
2024-02-09,A5G.IR,0.005839628852724894,0.0,bank,1.6694774266625145,0.0,0.0,0.0
2024-02-09,ETE.AT,-0.01189551125153593,0.0,bank,1.1896462862934265,0.0,0.0,0.0
2024-02-09,EUROB.AT,-0.01016758281655027,0.0,bank,0.3949686796988067,0.0,0.0,0.0
2024-02-09,TPEIR.AT,0.00773911311502633,0.0,bank,1.3177710426531568,0.0,0.0,0.0
2024-02-09,BCP.LS,-0.002218504584687645,0.0,bank,1.9115242988785415,0.0,0.0,0.0
2024-02-09,NEXI.MI,0.002560868420653882,0.0,payments,,0.0,0.0,0.0
2024-02-09,WLN.PA,0.026676407102740066,0.0,payments,,0.0,0.0,0.0
2024-02-09,ADYEN.AS,0.02619723579354086,0.0,payments,,0.0,0.0,0.0
2024-02-09,WISE.L,0.019733327777587063,0.0,payments,,0.0,0.0,0.0
2024-02-09,SWED-A.ST,-0.005090268250366591,0.0,control_bank,-1.1418669440853995,0.0,0.0,0.0
2024-02-09,SHB-A.ST,0.005437263563546258,0.0,control_bank,-1.476933828719851,0.0,0.0,0.0
2024-02-09,DANSKE.CO,0.014541117886600029,0.0,control_bank,-2.034052437497537,0.0,0.0,0.0
2024-02-09,DNB.OL,-0.002220463901814581,0.0,control_bank,-0.9659534405231625,0.0,0.0,0.0
2024-02-09,LLOY.L,-0.00276919246098773,0.0,control_bank,,0.0,0.0,0.0
2024-02-09,NWG.L,-0.021814292328150485,0.0,control_bank,,0.0,0.0,0.0
2024-02-09,UBSG.SW,0.0060039884837889525,0.0,control_bank,,0.0,0.0,0.0
2024-02-09,MA,-0.003922940862521523,0.0,payments,,0.0,0.0,0.0
2024-02-09,V,-0.0010121067094344149,0.0,payments,,0.0,0.0,0.0
2024-02-09,AXP,0.00035954580610821334,0.0,payments,,0.0,0.0,0.0
2024-02-09,PYPL,0.04523484120862018,0.0,payments,,0.0,0.0,0.0
2024-02-09,GPN,-0.009892366321947451,0.0,payments,,0.0,0.0,0.0
2024-02-09,AAPL,-0.002574107452947073,0.0,gate,,0.0,0.0,0.0
2024-02-09,GOOGL,0.014540018253579937,0.0,gate,,0.0,0.0,0.0
2024-02-09,AMZN,0.01991275977734808,0.0,gate,,0.0,0.0,0.0
2024-02-09,META,-0.01290139436545348,0.0,gate,,0.0,0.0,0.0
2024-02-20,DBK.DE,-0.007222745635319584,0.0,bank,-1.5981878524090556,0.0,0.0,0.0
2024-02-20,CBK.DE,-0.020129001365888348,0.0,bank,-0.1969766074951668,0.0,0.0,0.0
2024-02-20,BNP.PA,0.007275854648019745,0.0,bank,-1.8277916820311226,0.0,0.0,0.0
2024-02-20,GLE.PA,0.0041337324909063965,0.0,bank,-1.8810103807023557,0.0,0.0,0.0
2024-02-20,ACA.PA,0.001056888934135817,0.0,bank,-0.430377884945561,0.0,0.0,0.0
2024-02-20,SAN.MC,0.010687677921785259,0.0,bank,-0.6865870300483472,0.0,0.0,0.0
2024-02-20,BBVA.MC,0.0037207500771660436,0.0,bank,-0.5472047262920654,0.0,0.0,0.0
2024-02-20,CABK.MC,0.006582385156325544,0.0,bank,0.6318798811046288,0.0,0.0,0.0
2024-02-20,SAB.MC,-0.008450462951529677,0.0,bank,0.2751144903870993,0.0,0.0,0.0
2024-02-20,BKT.MC,0.0077799503505429106,0.0,bank,0.4179464676689923,0.0,0.0,0.0
2024-02-20,UNI.MC,-0.0006375476490192559,0.0,bank,0.15978485614852456,0.0,0.0,0.0
2024-02-20,ISP.MI,-0.0024435949010460185,0.0,bank,-0.3976038785149957,0.0,0.0,0.0
2024-02-20,UCG.MI,-0.001388959400289891,0.0,bank,-0.6729346213298831,0.0,0.0,0.0
2024-02-20,BAMI.MI,-0.002448582799666706,0.0,bank,-0.5474307600897961,0.0,0.0,0.0
2024-02-20,BPE.MI,-0.03260051778389618,0.0,bank,0.4457023654474827,0.0,0.0,0.0
2024-02-20,MB.MI,-0.0004301693457012465,0.0,bank,-1.913665771560751,0.0,0.0,0.0
2024-02-20,INGA.AS,0.014796509829560996,0.0,bank,0.0804612861920478,0.0,0.0,0.0
2024-02-20,ABN.AS,-0.02603277118498374,0.0,bank,-0.12757135640344586,0.0,0.0,0.0
2024-02-20,KBC.BR,-0.0161803906514856,0.0,bank,0.48686960141089525,0.0,0.0,0.0
2024-02-20,EBS.VI,0.0005475478806079145,0.0,bank,0.2976788742054292,0.0,0.0,0.0
2024-02-20,RBI.VI,-0.010896882526184629,0.0,bank,-0.1603862510250389,0.0,0.0,0.0
2024-02-20,BG.VI,-0.004773961750662706,0.0,bank,-0.23359860729761434,0.0,0.0,0.0
2024-02-20,BIRG.IR,-0.017214058214391703,0.0,bank,1.1461139920025163,0.0,0.0,0.0
2024-02-20,A5G.IR,-0.022521516457425166,0.0,bank,1.6694774266625145,0.0,0.0,0.0
2024-02-20,ETE.AT,-0.0027874130950362227,0.0,bank,1.1896462862934265,0.0,0.0,0.0
2024-02-20,EUROB.AT,-0.0030817033426079107,0.0,bank,0.3949686796988067,0.0,0.0,0.0
2024-02-20,TPEIR.AT,-0.0015392742745182944,0.0,bank,1.3177710426531568,0.0,0.0,0.0
2024-02-20,BCP.LS,0.003592982949078424,0.0,bank,1.9115242988785415,0.0,0.0,0.0
2024-02-20,NEXI.MI,-0.0019068713658247744,0.0,payments,,0.0,0.0,0.0
2024-02-20,WLN.PA,-0.011038501350697295,0.0,payments,,0.0,0.0,0.0
2024-02-20,ADYEN.AS,-0.0008435555805218304,0.0,payments,,0.0,0.0,0.0
2024-02-20,WISE.L,-0.006293502908563342,0.0,payments,,0.0,0.0,0.0
2024-02-20,SWED-A.ST,-0.005503010653290214,0.0,control_bank,-1.1418669440853995,0.0,0.0,0.0
2024-02-20,SHB-A.ST,0.003709060471311295,0.0,control_bank,-1.476933828719851,0.0,0.0,0.0
2024-02-20,DANSKE.CO,-0.006438806914266468,0.0,control_bank,-2.034052437497537,0.0,0.0,0.0
2024-02-20,DNB.OL,0.0064743404602405595,0.0,control_bank,-0.9659534405231625,0.0,0.0,0.0
2024-02-20,LLOY.L,0.012954357060831749,0.0,control_bank,,0.0,0.0,0.0
2024-02-20,NWG.L,0.010609089915164568,0.0,control_bank,,0.0,0.0,0.0
2024-02-20,UBSG.SW,-0.006853561298102025,0.0,control_bank,,0.0,0.0,0.0
2024-02-21,DBK.DE,-0.0013376733446858894,0.0,bank,-1.5981878524090556,0.0,0.0,0.0
2024-02-21,CBK.DE,-0.010117670519327377,0.0,bank,-0.1969766074951668,0.0,0.0,0.0
2024-02-21,BNP.PA,0.0020314318781388587,0.0,bank,-1.8277916820311226,0.0,0.0,0.0
2024-02-21,GLE.PA,-0.0028170354335494566,0.0,bank,-1.8810103807023557,0.0,0.0,0.0
2024-02-21,ACA.PA,0.0019414124347908214,0.0,bank,-0.430377884945561,0.0,0.0,0.0
2024-02-21,SAN.MC,-0.0008567252804918078,0.0,bank,-0.6865870300483472,0.0,0.0,0.0
2024-02-21,BBVA.MC,0.015844032347735466,0.0,bank,-0.5472047262920654,0.0,0.0,0.0
2024-02-21,CABK.MC,-0.006600970437205363,0.0,bank,0.6318798811046288,0.0,0.0,0.0
2024-02-21,SAB.MC,-0.014973134690738757,0.0,bank,0.2751144903870993,0.0,0.0,0.0
2024-02-21,BKT.MC,-0.003914769572361469,0.0,bank,0.4179464676689923,0.0,0.0,0.0
2024-02-21,UNI.MC,-0.007553185729530661,0.0,bank,0.15978485614852456,0.0,0.0,0.0
2024-02-21,ISP.MI,0.008187465941065238,0.0,bank,-0.3976038785149957,0.0,0.0,0.0
2024-02-21,UCG.MI,0.010080571309098693,0.0,bank,-0.6729346213298831,0.0,0.0,0.0
2024-02-21,BAMI.MI,0.004524273571647716,0.0,bank,-0.5474307600897961,0.0,0.0,0.0
2024-02-21,BPE.MI,0.03174193970220966,0.0,bank,0.4457023654474827,0.0,0.0,0.0
2024-02-21,MB.MI,0.03533499244885205,0.0,bank,-1.913665771560751,0.0,0.0,0.0
2024-02-21,INGA.AS,-0.009627288040737314,0.0,bank,0.0804612861920478,0.0,0.0,0.0
2024-02-21,ABN.AS,-0.007358606923951655,0.0,bank,-0.12757135640344586,0.0,0.0,0.0
2024-02-21,KBC.BR,0.005397699724098954,0.0,bank,0.48686960141089525,0.0,0.0,0.0
2024-02-21,EBS.VI,-0.004398238129694006,0.0,bank,0.2976788742054292,0.0,0.0,0.0
2024-02-21,RBI.VI,0.010050201004747537,0.0,bank,-0.1603862510250389,0.0,0.0,0.0
2024-02-21,BG.VI,-0.005660622129301574,0.0,bank,-0.23359860729761434,0.0,0.0,0.0
2024-02-21,BIRG.IR,-0.00029960988691636516,0.0,bank,1.1461139920025163,0.0,0.0,0.0
2024-02-21,A5G.IR,0.013844737263280733,0.0,bank,1.6694774266625145,0.0,0.0,0.0
2024-02-21,ETE.AT,-0.0029668294732141066,0.0,bank,1.1896462862934265,0.0,0.0,0.0
2024-02-21,EUROB.AT,-0.014786041940584143,0.0,bank,0.3949686796988067,0.0,0.0,0.0
2024-02-21,TPEIR.AT,-0.006362901297971621,0.0,bank,1.3177710426531568,0.0,0.0,0.0
2024-02-21,BCP.LS,0.004767849068875885,0.0,bank,1.9115242988785415,0.0,0.0,0.0
2024-02-21,NEXI.MI,-0.00932922412923905,0.0,payments,,0.0,0.0,0.0
2024-02-21,WLN.PA,0.012589142438112249,0.0,payments,,0.0,0.0,0.0
2024-02-21,ADYEN.AS,-0.018937990086090137,0.0,payments,,0.0,0.0,0.0
2024-02-21,WISE.L,0.005256166228942033,0.0,payments,,0.0,0.0,0.0
2024-02-21,SWED-A.ST,-0.0028271732438201894,0.0,control_bank,-1.1418669440853995,0.0,0.0,0.0
2024-02-21,SHB-A.ST,-0.00875088543153048,0.0,control_bank,-1.476933828719851,0.0,0.0,0.0
2024-02-21,DANSKE.CO,-0.007648623699766896,0.0,control_bank,-2.034052437497537,0.0,0.0,0.0
2024-02-21,DNB.OL,-0.020413805591826525,0.0,control_bank,-0.9659534405231625,0.0,0.0,0.0
2024-02-21,LLOY.L,-0.012084447360442258,0.0,control_bank,,0.0,0.0,0.0
2024-02-21,NWG.L,-0.0045263653009662485,0.0,control_bank,,0.0,0.0,0.0
2024-02-21,UBSG.SW,0.0019159346831951825,0.0,control_bank,,0.0,0.0,0.0
2024-02-21,MA,0.015859444624102586,0.0,payments,,0.0,0.0,0.0
2024-02-21,V,0.0054772429282574945,0.0,payments,,0.0,0.0,0.0
2024-02-21,AXP,-0.0075363479598895,0.0,payments,,0.0,0.0,0.0
2024-02-21,PYPL,-0.017637742726928952,0.0,payments,,0.0,0.0,0.0
2024-02-21,GPN,0.012935615108127503,0.0,payments,,0.0,0.0,0.0
2024-02-21,AAPL,0.002885687930109343,0.0,gate,,0.0,0.0,0.0
2024-02-21,GOOGL,0.008459280942926129,0.0,gate,,0.0,0.0,0.0
2024-02-21,AMZN,0.008085671932024757,0.0,gate,,0.0,0.0,0.0
2024-02-21,META,-0.00941777261546916,0.0,gate,,0.0,0.0,0.0
2024-11-13,DBK.DE,-0.001967313300608035,0.0,bank,-1.5981878524090556,0.0,0.0,0.0
2024-11-13,CBK.DE,0.0025349412748081456,0.0,bank,-0.1969766074951668,0.0,0.0,0.0
2024-11-13,BNP.PA,0.002816695034406674,0.0,bank,-1.8277916820311226,0.0,0.0,0.0
2024-11-13,GLE.PA,-0.012263695806895732,0.0,bank,-1.8810103807023557,0.0,0.0,0.0
2024-11-13,ACA.PA,-0.0019052141621799697,0.0,bank,-0.430377884945561,0.0,0.0,0.0
2024-11-13,SAN.MC,0.010173937495014239,0.0,bank,-0.6865870300483472,0.0,0.0,0.0
2024-11-13,BBVA.MC,0.006764990033664251,0.0,bank,-0.5472047262920654,0.0,0.0,0.0
2024-11-13,CABK.MC,0.018831953565897886,0.0,bank,0.6318798811046288,0.0,0.0,0.0
2024-11-13,SAB.MC,0.006786250835734377,0.0,bank,0.2751144903870993,0.0,0.0,0.0
2024-11-13,BKT.MC,-0.0013353188823011404,0.0,bank,0.4179464676689923,0.0,0.0,0.0
2024-11-13,UNI.MC,0.005425215656340538,0.0,bank,0.15978485614852456,0.0,0.0,0.0
2024-11-13,ISP.MI,0.012930862389242938,0.0,bank,-0.3976038785149957,0.0,0.0,0.0
2024-11-13,UCG.MI,0.023720927898445897,0.0,bank,-0.6729346213298831,0.0,0.0,0.0
2024-11-13,BAMI.MI,0.004815195489118398,0.0,bank,-0.5474307600897961,0.0,0.0,0.0
2024-11-13,BPE.MI,0.02758677836268468,0.0,bank,0.4457023654474827,0.0,0.0,0.0
2024-11-13,MB.MI,0.013898433509825418,0.0,bank,-1.913665771560751,0.0,0.0,0.0
2024-11-13,INGA.AS,-0.005642332815361502,0.0,bank,0.0804612861920478,0.0,0.0,0.0
2024-11-13,ABN.AS,-0.005334588499873615,0.0,bank,-0.12757135640344586,0.0,0.0,0.0
2024-11-13,KBC.BR,0.021765073472937012,0.0,bank,0.48686960141089525,0.0,0.0,0.0
2024-11-13,EBS.VI,0.0015577725042703692,0.0,bank,0.2976788742054292,0.0,0.0,0.0
2024-11-13,RBI.VI,-0.010580550522559053,0.0,bank,-0.1603862510250389,0.0,0.0,0.0
2024-11-13,BG.VI,0.003683216489592412,0.0,bank,-0.23359860729761434,0.0,0.0,0.0
2024-11-13,BIRG.IR,-0.005712200524401896,0.0,bank,1.1461139920025163,0.0,0.0,0.0
2024-11-13,A5G.IR,-0.008454350919799666,0.0,bank,1.6694774266625145,0.0,0.0,0.0
2024-11-13,ETE.AT,-0.027207366675750192,0.0,bank,1.1896462862934265,0.0,0.0,0.0
2024-11-13,EUROB.AT,-0.006896735224199247,0.0,bank,0.3949686796988067,0.0,0.0,0.0
2024-11-13,TPEIR.AT,-0.005970606170294294,0.0,bank,1.3177710426531568,0.0,0.0,0.0
2024-11-13,BCP.LS,0.0022788157281262373,0.0,bank,1.9115242988785415,0.0,0.0,0.0
2024-11-13,NEXI.MI,0.0016812315505046783,0.0,payments,,0.0,0.0,0.0
2024-11-13,WLN.PA,0.014762963452839289,0.0,payments,,0.0,0.0,0.0
2024-11-13,ADYEN.AS,0.014900622841328448,0.0,payments,,0.0,0.0,0.0
2024-11-13,WISE.L,0.0003896520032309883,0.0,payments,,0.0,0.0,0.0
2024-11-13,SWED-A.ST,0.0036051462031851346,0.0,control_bank,-1.1418669440853995,0.0,0.0,0.0
2024-11-13,SHB-A.ST,-0.0009070877614202498,0.0,control_bank,-1.476933828719851,0.0,0.0,0.0
2024-11-13,DANSKE.CO,0.014579617743304811,0.0,control_bank,-2.034052437497537,0.0,0.0,0.0
2024-11-13,DNB.OL,-0.00934236103534931,0.0,control_bank,-0.9659534405231625,0.0,0.0,0.0
2024-11-13,LLOY.L,0.02115522643786101,0.0,control_bank,,0.0,0.0,0.0
2024-11-13,NWG.L,0.011942700603905725,0.0,control_bank,,0.0,0.0,0.0
2024-11-13,UBSG.SW,1.2539984292434664e-06,0.0,control_bank,,0.0,0.0,0.0
2024-11-13,MA,-0.013367250542959293,0.0,payments,,0.0,0.0,0.0
2024-11-13,V,-0.000856649334645245,0.0,payments,,0.0,0.0,0.0
2024-11-13,AXP,-0.0017016965486764902,0.0,payments,,0.0,0.0,0.0
2024-11-13,PYPL,0.013868516591821976,0.0,payments,,0.0,0.0,0.0
2024-11-13,GPN,-0.000877942095533915,0.0,payments,,0.0,0.0,0.0
2024-11-13,AAPL,0.003910043614425305,0.0,gate,,0.0,0.0,0.0
2024-11-13,GOOGL,-0.01571690579224103,0.0,gate,,0.0,0.0,0.0
2024-11-13,AMZN,0.02500499976113451,0.0,gate,,0.0,0.0,0.0
2024-11-13,META,-0.009379428667368532,0.0,gate,,0.0,0.0,0.0
2024-12-16,DBK.DE,0.01136417432877695,0.0,bank,-1.5981878524090556,0.0,0.0,0.0
2024-12-16,CBK.DE,0.024418153912434428,0.0,bank,-0.1969766074951668,0.0,0.0,0.0
2024-12-16,BNP.PA,0.001207434769970009,0.0,bank,-1.8277916820311226,0.0,0.0,0.0
2024-12-16,GLE.PA,0.00041742848127931595,0.0,bank,-1.8810103807023557,0.0,0.0,0.0
2024-12-16,ACA.PA,0.0030133249499806314,0.0,bank,-0.430377884945561,0.0,0.0,0.0
2024-12-16,SAN.MC,0.002355825095974902,0.0,bank,-0.6865870300483472,0.0,0.0,0.0
2024-12-16,BBVA.MC,0.011745267210068081,0.0,bank,-0.5472047262920654,0.0,0.0,0.0
2024-12-16,CABK.MC,0.00811610509240929,0.0,bank,0.6318798811046288,0.0,0.0,0.0
2024-12-16,SAB.MC,0.014249204724142043,0.0,bank,0.2751144903870993,0.0,0.0,0.0
2024-12-16,BKT.MC,0.011398096472145233,0.0,bank,0.4179464676689923,0.0,0.0,0.0
2024-12-16,UNI.MC,0.025817037485892487,0.0,bank,0.15978485614852456,0.0,0.0,0.0
2024-12-16,ISP.MI,0.008778413120519767,0.0,bank,-0.3976038785149957,0.0,0.0,0.0
2024-12-16,UCG.MI,0.0037031782868925,0.0,bank,-0.6729346213298831,0.0,0.0,0.0
2024-12-16,BAMI.MI,0.016327108500166086,0.0,bank,-0.5474307600897961,0.0,0.0,0.0
2024-12-16,BPE.MI,0.017255068747029343,0.0,bank,0.4457023654474827,0.0,0.0,0.0
2024-12-16,MB.MI,0.0019889962828973855,0.0,bank,-1.913665771560751,0.0,0.0,0.0
2024-12-16,INGA.AS,0.003953068372459684,0.0,bank,0.0804612861920478,0.0,0.0,0.0
2024-12-16,ABN.AS,-0.0022715117714506962,0.0,bank,-0.12757135640344586,0.0,0.0,0.0
2024-12-16,KBC.BR,0.00042428174930137647,0.0,bank,0.48686960141089525,0.0,0.0,0.0
2024-12-16,EBS.VI,0.0024582549431084615,0.0,bank,0.2976788742054292,0.0,0.0,0.0
2024-12-16,RBI.VI,-0.007789432836414031,0.0,bank,-0.1603862510250389,0.0,0.0,0.0
2024-12-16,BG.VI,0.0032186216004560907,0.0,bank,-0.23359860729761434,0.0,0.0,0.0
2024-12-16,BIRG.IR,-0.007731110510869206,0.0,bank,1.1461139920025163,0.0,0.0,0.0
2024-12-16,A5G.IR,-0.0014192337670780866,0.0,bank,1.6694774266625145,0.0,0.0,0.0
2024-12-16,ETE.AT,-0.01356056890693785,0.0,bank,1.1896462862934265,0.0,0.0,0.0
2024-12-16,EUROB.AT,9.782720947240989e-05,0.0,bank,0.3949686796988067,0.0,0.0,0.0
2024-12-16,TPEIR.AT,-0.00859863783806089,0.0,bank,1.3177710426531568,0.0,0.0,0.0
2024-12-16,BCP.LS,0.027294925261065316,0.0,bank,1.9115242988785415,0.0,0.0,0.0
2024-12-16,NEXI.MI,0.003871488617483521,0.0,payments,,0.0,0.0,0.0
2024-12-16,WLN.PA,0.08390363840216132,0.0,payments,,0.0,0.0,0.0
2024-12-16,ADYEN.AS,0.004343883872118953,0.0,payments,,0.0,0.0,0.0
2024-12-16,WISE.L,0.005582938801020093,0.0,payments,,0.0,0.0,0.0
2024-12-16,SWED-A.ST,-0.0024176530258857095,0.0,control_bank,-1.1418669440853995,0.0,0.0,0.0
2024-12-16,SHB-A.ST,-0.00030611254007691666,0.0,control_bank,-1.476933828719851,0.0,0.0,0.0
2024-12-16,DANSKE.CO,0.008099597546116829,0.0,control_bank,-2.034052437497537,0.0,0.0,0.0
2024-12-16,DNB.OL,0.001581691177929769,0.0,control_bank,-0.9659534405231625,0.0,0.0,0.0
2024-12-16,LLOY.L,0.003463933912083869,0.0,control_bank,,0.0,0.0,0.0
2024-12-16,NWG.L,0.006236560730344064,0.0,control_bank,,0.0,0.0,0.0
2024-12-16,UBSG.SW,-0.0014965202886109553,0.0,control_bank,,0.0,0.0,0.0
2024-12-16,MA,0.0006462878165140347,0.0,payments,,0.0,0.0,0.0
2024-12-16,V,0.00158456571316247,0.0,payments,,0.0,0.0,0.0
2024-12-16,AXP,0.001564698706319886,0.0,payments,,0.0,0.0,0.0
2024-12-16,PYPL,0.0022529484560469344,0.0,payments,,0.0,0.0,0.0
2024-12-16,GPN,-0.005037380075403136,0.0,payments,,0.0,0.0,0.0
2024-12-16,AAPL,0.007325987153828065,0.0,gate,,0.0,0.0,0.0
2024-12-16,GOOGL,0.031060902826778307,0.0,gate,,0.0,0.0,0.0
2024-12-16,AMZN,0.019476431808860554,0.0,gate,,0.0,0.0,0.0
2024-12-16,META,0.0009199366756752576,0.0,gate,,0.0,0.0,0.0
2025-07-03,DBK.DE,0.008768884402330215,0.0,bank,-1.5981878524090556,0.0,0.0,0.0
2025-07-03,CBK.DE,0.023727769560110443,0.0,bank,-0.1969766074951668,0.0,0.0,0.0
2025-07-03,BNP.PA,-0.001502819089925708,0.0,bank,-1.8277916820311226,0.0,0.0,0.0
2025-07-03,GLE.PA,0.016738293111201504,0.0,bank,-1.8810103807023557,0.0,0.0,0.0
2025-07-03,ACA.PA,-0.006951302792424896,0.0,bank,-0.430377884945561,0.0,0.0,0.0
2025-07-03,SAN.MC,0.01742632725944501,0.0,bank,-0.6865870300483472,0.0,0.0,0.0
2025-07-03,BBVA.MC,0.015061639969718208,0.0,bank,-0.5472047262920654,0.0,0.0,0.0
2025-07-03,CABK.MC,0.024634052138894448,0.0,bank,0.6318798811046288,0.0,0.0,0.0
2025-07-03,SAB.MC,0.013900826258173812,0.0,bank,0.2751144903870993,0.0,0.0,0.0
2025-07-03,BKT.MC,0.017074938015709803,0.0,bank,0.4179464676689923,0.0,0.0,0.0
2025-07-03,UNI.MC,0.026301617243566923,0.0,bank,0.15978485614852456,0.0,0.0,0.0
2025-07-03,ISP.MI,0.007383388719215747,0.0,bank,-0.3976038785149957,0.0,0.0,0.0
2025-07-03,UCG.MI,0.003737303819718575,0.0,bank,-0.6729346213298831,0.0,0.0,0.0
2025-07-03,BAMI.MI,0.008711482446204073,0.0,bank,-0.5474307600897961,0.0,0.0,0.0
2025-07-03,BPE.MI,0.010779541895641672,0.0,bank,0.4457023654474827,0.0,0.0,0.0
2025-07-03,MB.MI,0.0023680008321126044,0.0,bank,-1.913665771560751,0.0,0.0,0.0
2025-07-03,INGA.AS,0.010722496705276106,0.0,bank,0.0804612861920478,0.0,0.0,0.0
2025-07-03,ABN.AS,0.023855993665467413,0.0,bank,-0.12757135640344586,0.0,0.0,0.0
2025-07-03,KBC.BR,0.0027452209438652924,0.0,bank,0.48686960141089525,0.0,0.0,0.0
2025-07-03,EBS.VI,-0.0008816556914459058,0.0,bank,0.2976788742054292,0.0,0.0,0.0
2025-07-03,RBI.VI,0.008079122934024055,0.0,bank,-0.1603862510250389,0.0,0.0,0.0
2025-07-03,BG.VI,0.01675264206695033,0.0,bank,-0.23359860729761434,0.0,0.0,0.0
2025-07-03,BIRG.IR,0.017910255110267826,0.0,bank,1.1461139920025163,0.0,0.0,0.0
2025-07-03,A5G.IR,0.014074924642988963,0.0,bank,1.6694774266625145,0.0,0.0,0.0
2025-07-03,ETE.AT,0.01713066224691555,0.0,bank,1.1896462862934265,0.0,0.0,0.0
2025-07-03,EUROB.AT,0.02299929900802095,0.0,bank,0.3949686796988067,0.0,0.0,0.0
2025-07-03,ALPHA.AT,0.008576832887370862,0.0,bank,0.7963878613911145,0.0,0.0,0.0
2025-07-03,TPEIR.AT,0.02606193889843138,0.0,bank,1.3177710426531568,0.0,0.0,0.0
2025-07-03,BCP.LS,0.010552038479040078,0.0,bank,1.9115242988785415,0.0,0.0,0.0
2025-07-03,NEXI.MI,-0.009723659905438001,0.0,payments,,0.0,0.0,0.0
2025-07-03,WLN.PA,-0.022388479689607534,0.0,payments,,0.0,0.0,0.0
2025-07-03,ADYEN.AS,0.0015600859136460253,0.0,payments,,0.0,0.0,0.0
2025-07-03,WISE.L,-0.014332081399858233,0.0,payments,,0.0,0.0,0.0
2025-07-03,SWED-A.ST,0.011315691966886646,0.0,control_bank,-1.1418669440853995,0.0,0.0,0.0
2025-07-03,SHB-A.ST,0.019278712288758975,0.0,control_bank,-1.476933828719851,0.0,0.0,0.0
2025-07-03,DANSKE.CO,0.011339475549601238,0.0,control_bank,-2.034052437497537,0.0,0.0,0.0
2025-07-03,DNB.OL,0.003909351640994115,0.0,control_bank,-0.9659534405231625,0.0,0.0,0.0
2025-07-03,LLOY.L,0.031208632313001226,0.0,control_bank,,0.0,0.0,0.0
2025-07-03,NWG.L,0.0316487560331154,0.0,control_bank,,0.0,0.0,0.0
2025-07-03,UBSG.SW,0.007105964467396479,0.0,control_bank,,0.0,0.0,0.0
2025-07-03,MA,0.008872642094704633,0.0,payments,,0.0,0.0,0.0
2025-07-03,V,0.007908928908932984,0.0,payments,,0.0,0.0,0.0
2025-07-03,AXP,0.0014011139556633079,0.0,payments,,0.0,0.0,0.0
2025-07-03,PYPL,-0.002492356656897852,0.0,payments,,0.0,0.0,0.0
2025-07-03,GPN,-0.010212333998541207,0.0,payments,,0.0,0.0,0.0
2025-07-03,AAPL,-0.004550109570531633,0.0,gate,,0.0,0.0,0.0
2025-07-03,GOOGL,-0.004216381677957149,0.0,gate,,0.0,0.0,0.0
2025-07-03,AMZN,0.0054340766738351556,0.0,gate,,0.0,0.0,0.0
2025-07-03,META,-0.004923223789918376,0.0,gate,,0.0,0.0,0.0
2025-07-15,DBK.DE,0.012583116548359355,0.0,bank,-1.5981878524090556,0.0,0.0,0.0
2025-07-15,CBK.DE,-0.01506026922309291,0.0,bank,-0.1969766074951668,0.0,0.0,0.0
2025-07-15,BNP.PA,0.006887052908853956,0.0,bank,-1.8277916820311226,0.0,0.0,0.0
2025-07-15,GLE.PA,-0.005526577168589475,0.0,bank,-1.8810103807023557,0.0,0.0,0.0
2025-07-15,ACA.PA,-0.0003376156403716059,0.0,bank,-0.430377884945561,0.0,0.0,0.0
2025-07-15,SAN.MC,0.004210366054120953,0.0,bank,-0.6865870300483472,0.0,0.0,0.0
2025-07-15,BBVA.MC,-0.0047945969459904925,0.0,bank,-0.5472047262920654,0.0,0.0,0.0
2025-07-15,CABK.MC,-0.0020729108195112096,0.0,bank,0.6318798811046288,0.0,0.0,0.0
2025-07-15,SAB.MC,-0.0024935974923771254,0.0,bank,0.2751144903870993,0.0,0.0,0.0
2025-07-15,BKT.MC,0.0036396136942700684,0.0,bank,0.4179464676689923,0.0,0.0,0.0
2025-07-15,UNI.MC,-0.00985923251603168,0.0,bank,0.15978485614852456,0.0,0.0,0.0
2025-07-15,ISP.MI,0.0037294392750942696,0.0,bank,-0.3976038785149957,0.0,0.0,0.0
2025-07-15,UCG.MI,0.0047087019130137905,0.0,bank,-0.6729346213298831,0.0,0.0,0.0
2025-07-15,BAMI.MI,-0.013298729269673442,0.0,bank,-0.5474307600897961,0.0,0.0,0.0
2025-07-15,BPE.MI,-0.006228045215388656,0.0,bank,0.4457023654474827,0.0,0.0,0.0
2025-07-15,MB.MI,0.00655821158798875,0.0,bank,-1.913665771560751,0.0,0.0,0.0
2025-07-15,INGA.AS,0.015989055309776963,0.0,bank,0.0804612861920478,0.0,0.0,0.0
2025-07-15,ABN.AS,0.010045801055655956,0.0,bank,-0.12757135640344586,0.0,0.0,0.0
2025-07-15,KBC.BR,-0.0072526523141938325,0.0,bank,0.48686960141089525,0.0,0.0,0.0
2025-07-15,EBS.VI,0.005726007022753388,0.0,bank,0.2976788742054292,0.0,0.0,0.0
2025-07-15,RBI.VI,0.007838847237118793,0.0,bank,-0.1603862510250389,0.0,0.0,0.0
2025-07-15,BG.VI,-0.003994948989540767,0.0,bank,-0.23359860729761434,0.0,0.0,0.0
2025-07-15,BIRG.IR,0.028366091162606633,0.0,bank,1.1461139920025163,0.0,0.0,0.0
2025-07-15,A5G.IR,0.02701514804073064,0.0,bank,1.6694774266625145,0.0,0.0,0.0
2025-07-15,ETE.AT,0.006518556680008332,0.0,bank,1.1896462862934265,0.0,0.0,0.0
2025-07-15,EUROB.AT,0.01632207295469814,0.0,bank,0.3949686796988067,0.0,0.0,0.0
2025-07-15,ALPHA.AT,0.01818132933476496,0.0,bank,0.7963878613911145,0.0,0.0,0.0
2025-07-15,TPEIR.AT,0.040677913492237025,0.0,bank,1.3177710426531568,0.0,0.0,0.0
2025-07-15,BCP.LS,0.009168182478681662,0.0,bank,1.9115242988785415,0.0,0.0,0.0
2025-07-15,NEXI.MI,0.019583188922568173,0.0,payments,,0.0,0.0,0.0
2025-07-15,WLN.PA,0.01659605265663635,0.0,payments,,0.0,0.0,0.0
2025-07-15,ADYEN.AS,0.009297418518866837,0.0,payments,,0.0,0.0,0.0
2025-07-15,WISE.L,0.04603287581984069,0.0,payments,,0.0,0.0,0.0
2025-07-15,SWED-A.ST,0.0014708479534022035,0.0,control_bank,-1.1418669440853995,0.0,0.0,0.0
2025-07-15,SHB-A.ST,0.0006876767032815015,0.0,control_bank,-1.476933828719851,0.0,0.0,0.0
2025-07-15,DANSKE.CO,-0.0028364264149742663,0.0,control_bank,-2.034052437497537,0.0,0.0,0.0
2025-07-15,DNB.OL,-0.0004307740826704175,0.0,control_bank,-0.9659534405231625,0.0,0.0,0.0
2025-07-15,LLOY.L,0.009476179617209582,0.0,control_bank,,0.0,0.0,0.0
2025-07-15,NWG.L,0.005955288877622887,0.0,control_bank,,0.0,0.0,0.0
2025-07-15,UBSG.SW,0.01144854623091862,0.0,control_bank,,0.0,0.0,0.0
2025-07-15,MA,-0.0015687538047627278,0.0,payments,,0.0,0.0,0.0
2025-07-15,V,-0.006810334986567249,0.0,payments,,0.0,0.0,0.0
2025-07-15,AXP,-0.02593059801548321,0.0,payments,,0.0,0.0,0.0
2025-07-15,PYPL,-0.004312522671712447,0.0,payments,,0.0,0.0,0.0
2025-07-15,GPN,-0.01705607766950807,0.0,payments,,0.0,0.0,0.0
2025-07-15,AAPL,0.007342897853861675,0.0,gate,,0.0,0.0,0.0
2025-07-15,GOOGL,0.006412704324864052,0.0,gate,,0.0,0.0,0.0
2025-07-15,AMZN,0.00898742347463415,0.0,gate,,0.0,0.0,0.0
2025-07-15,META,-0.00988338143592249,0.0,gate,,0.0,0.0,0.0
2025-09-02,DBK.DE,0.013511086986862392,1.0,bank,-1.5981878524090556,1.0,0.0,0.0
2025-09-02,CBK.DE,-0.010405264738491887,1.0,bank,-0.1969766074951668,1.0,0.0,0.0
2025-09-02,BNP.PA,0.004220499069547362,1.0,bank,-1.8277916820311226,1.0,0.0,0.0
2025-09-02,GLE.PA,0.01270364324377286,1.0,bank,-1.8810103807023557,1.0,0.0,0.0
2025-09-02,ACA.PA,-0.0017330428208946064,1.0,bank,-0.430377884945561,1.0,0.0,0.0
2025-09-02,SAN.MC,0.006244761573878453,1.0,bank,-0.6865870300483472,1.0,0.0,0.0
2025-09-02,BBVA.MC,0.01614723688236276,1.0,bank,-0.5472047262920654,1.0,0.0,0.0
2025-09-02,CABK.MC,0.003708871347302918,1.0,bank,0.6318798811046288,1.0,0.0,0.0
2025-09-02,SAB.MC,0.0027438297530388463,1.0,bank,0.2751144903870993,1.0,0.0,0.0
2025-09-02,BKT.MC,0.007413507277840542,1.0,bank,0.4179464676689923,1.0,0.0,0.0
2025-09-02,UNI.MC,0.011903994177281116,1.0,bank,0.15978485614852456,1.0,0.0,0.0
2025-09-02,ISP.MI,0.0017538725704038319,1.0,bank,-0.3976038785149957,1.0,0.0,0.0
2025-09-02,UCG.MI,0.002335140396581538,1.0,bank,-0.6729346213298831,1.0,0.0,0.0
2025-09-02,BAMI.MI,0.009636282479298866,1.0,bank,-0.5474307600897961,1.0,0.0,0.0
2025-09-02,BPE.MI,-0.0036583939182978295,1.0,bank,0.4457023654474827,1.0,0.0,0.0
2025-09-02,MB.MI,-0.011811398070317933,1.0,bank,-1.913665771560751,1.0,0.0,0.0
2025-09-02,INGA.AS,0.01649373618796772,1.0,bank,0.0804612861920478,1.0,0.0,0.0
2025-09-02,ABN.AS,0.019495848929741218,1.0,bank,-0.12757135640344586,1.0,0.0,0.0
2025-09-02,KBC.BR,0.009774298216501954,1.0,bank,0.48686960141089525,1.0,0.0,0.0
2025-09-02,EBS.VI,0.023990358228451625,1.0,bank,0.2976788742054292,1.0,0.0,0.0
2025-09-02,RBI.VI,0.018505591786981135,1.0,bank,-0.1603862510250389,1.0,0.0,0.0
2025-09-02,BG.VI,0.010605709255624981,1.0,bank,-0.23359860729761434,1.0,0.0,0.0
2025-09-02,BIRG.IR,0.013753374415954693,1.0,bank,1.1461139920025163,1.0,0.0,0.0
2025-09-02,A5G.IR,0.015357083081789662,1.0,bank,1.6694774266625145,1.0,0.0,0.0
2025-09-02,ETE.AT,0.019909249531854554,1.0,bank,1.1896462862934265,1.0,0.0,0.0
2025-09-02,EUROB.AT,0.021311815594565648,1.0,bank,0.3949686796988067,1.0,0.0,0.0
2025-09-02,ALPHA.AT,0.012189304884311553,1.0,bank,0.7963878613911145,1.0,0.0,0.0
2025-09-02,TPEIR.AT,0.025829810216769264,1.0,bank,1.3177710426531568,1.0,0.0,0.0
2025-09-02,BCP.LS,0.010575102697284983,1.0,bank,1.9115242988785415,1.0,0.0,0.0
2025-09-02,NEXI.MI,0.00229516281729137,1.0,payments,,0.0,1.0,0.0
2025-09-02,WLN.PA,0.050561757228020886,1.0,payments,,0.0,1.0,0.0
2025-09-02,ADYEN.AS,-0.006417490378140635,1.0,payments,,0.0,1.0,0.0
2025-09-02,WISE.L,0.046105997827841465,1.0,payments,,0.0,1.0,0.0
2025-09-02,SWED-A.ST,0.0008805871603760392,0.0,control_bank,-1.1418669440853995,0.0,0.0,0.0
2025-09-02,SHB-A.ST,0.005538378420214313,0.0,control_bank,-1.476933828719851,0.0,0.0,0.0
2025-09-02,DANSKE.CO,0.003271698053611506,0.0,control_bank,-2.034052437497537,0.0,0.0,0.0
2025-09-02,DNB.OL,0.010967410792671842,0.0,control_bank,-0.9659534405231625,0.0,0.0,0.0
2025-09-02,LLOY.L,-0.0007208467974847907,0.0,control_bank,,0.0,0.0,0.0
2025-09-02,NWG.L,-0.0016491632543569439,0.0,control_bank,,0.0,0.0,0.0
2025-09-02,UBSG.SW,-0.005331887116606822,0.0,control_bank,,0.0,0.0,0.0
2025-09-19,DBK.DE,0.022620337818958308,0.0,bank,-1.5981878524090556,0.0,0.0,0.0
2025-09-19,CBK.DE,0.005574518306781151,0.0,bank,-0.1969766074951668,0.0,0.0,0.0
2025-09-19,BNP.PA,0.018754769040858054,0.0,bank,-1.8277916820311226,0.0,0.0,0.0
2025-09-19,GLE.PA,0.01695502495206488,0.0,bank,-1.8810103807023557,0.0,0.0,0.0
2025-09-19,ACA.PA,0.01610699104409069,0.0,bank,-0.430377884945561,0.0,0.0,0.0
2025-09-19,SAN.MC,0.01967952257148235,0.0,bank,-0.6865870300483472,0.0,0.0,0.0
2025-09-19,BBVA.MC,0.016995179385774113,0.0,bank,-0.5472047262920654,0.0,0.0,0.0
2025-09-19,CABK.MC,0.015373881637039113,0.0,bank,0.6318798811046288,0.0,0.0,0.0
2025-09-19,SAB.MC,0.03963697305895551,0.0,bank,0.2751144903870993,0.0,0.0,0.0
2025-09-19,BKT.MC,0.0032432504237247285,0.0,bank,0.4179464676689923,0.0,0.0,0.0
2025-09-19,UNI.MC,0.013374636140747086,0.0,bank,0.15978485614852456,0.0,0.0,0.0
2025-09-19,ISP.MI,0.008863539880498587,0.0,bank,-0.3976038785149957,0.0,0.0,0.0
2025-09-19,UCG.MI,0.010134819454871864,0.0,bank,-0.6729346213298831,0.0,0.0,0.0
2025-09-19,BAMI.MI,-0.004662707326097685,0.0,bank,-0.5474307600897961,0.0,0.0,0.0
2025-09-19,BPE.MI,0.017247518044273245,0.0,bank,0.4457023654474827,0.0,0.0,0.0
2025-09-19,MB.MI,-0.015832327311578225,0.0,bank,-1.913665771560751,0.0,0.0,0.0
2025-09-19,INGA.AS,0.012220729429232784,0.0,bank,0.0804612861920478,0.0,0.0,0.0
2025-09-19,ABN.AS,0.001989962963330044,0.0,bank,-0.12757135640344586,0.0,0.0,0.0
2025-09-19,KBC.BR,0.009608859898261112,0.0,bank,0.48686960141089525,0.0,0.0,0.0
2025-09-19,EBS.VI,-0.012182719980034326,0.0,bank,0.2976788742054292,0.0,0.0,0.0
2025-09-19,RBI.VI,0.0038218790916586614,0.0,bank,-0.1603862510250389,0.0,0.0,0.0
2025-09-19,BG.VI,0.03116916941910119,0.0,bank,-0.23359860729761434,0.0,0.0,0.0
2025-09-19,BIRG.IR,0.01193898124632459,0.0,bank,1.1461139920025163,0.0,0.0,0.0
2025-09-19,A5G.IR,0.017474363223600402,0.0,bank,1.6694774266625145,0.0,0.0,0.0
2025-09-19,ETE.AT,-0.016618012299678322,0.0,bank,1.1896462862934265,0.0,0.0,0.0
2025-09-19,EUROB.AT,0.019677117129640785,0.0,bank,0.3949686796988067,0.0,0.0,0.0
2025-09-19,ALPHA.AT,0.003521287343584544,0.0,bank,0.7963878613911145,0.0,0.0,0.0
2025-09-19,TPEIR.AT,0.01279552524149056,0.0,bank,1.3177710426531568,0.0,0.0,0.0
2025-09-19,BCP.LS,0.01706220287891467,0.0,bank,1.9115242988785415,0.0,0.0,0.0
2025-09-19,NEXI.MI,-0.009576065897201756,0.0,payments,,0.0,0.0,0.0
2025-09-19,WLN.PA,-0.027333998557293307,0.0,payments,,0.0,0.0,0.0
2025-09-19,ADYEN.AS,-0.00013961168880600484,0.0,payments,,0.0,0.0,0.0
2025-09-19,WISE.L,-0.0030854110499297102,0.0,payments,,0.0,0.0,0.0
2025-09-19,SWED-A.ST,0.018248476553529052,0.0,control_bank,-1.1418669440853995,0.0,0.0,0.0
2025-09-19,SHB-A.ST,0.021794528772390496,0.0,control_bank,-1.476933828719851,0.0,0.0,0.0
2025-09-19,DANSKE.CO,0.015771586787253003,0.0,control_bank,-2.034052437497537,0.0,0.0,0.0
2025-09-19,DNB.OL,0.018987458229790605,0.0,control_bank,-0.9659534405231625,0.0,0.0,0.0
2025-09-19,LLOY.L,-0.015686077817821345,0.0,control_bank,,0.0,0.0,0.0
2025-09-19,NWG.L,-0.022063308456078245,0.0,control_bank,,0.0,0.0,0.0
2025-09-19,UBSG.SW,0.025273152103826732,0.0,control_bank,,0.0,0.0,0.0
2025-09-19,MA,-0.005765394339281249,0.0,payments,,0.0,0.0,0.0
2025-09-19,V,0.007299903380887273,0.0,payments,,0.0,0.0,0.0
2025-09-19,AXP,-0.006127717904262395,0.0,payments,,0.0,0.0,0.0
2025-09-19,PYPL,-0.006485414514978544,0.0,payments,,0.0,0.0,0.0
2025-09-19,GPN,0.0013596011399825293,0.0,payments,,0.0,0.0,0.0
2025-09-19,AAPL,0.02589630771629105,0.0,gate,,0.0,0.0,0.0
2025-09-19,GOOGL,0.005115820390538777,0.0,gate,,0.0,0.0,0.0
2025-09-19,AMZN,-0.004650087983292879,0.0,gate,,0.0,0.0,0.0
2025-09-19,META,-0.010065961390439197,0.0,gate,,0.0,0.0,0.0
2025-10-23,DBK.DE,-0.0037500137413560624,-1.0,bank,-1.5981878524090556,-1.0,0.0,0.0
2025-10-23,CBK.DE,-0.004920729222663112,-1.0,bank,-0.1969766074951668,-1.0,0.0,0.0
2025-10-23,BNP.PA,-0.0025351908688590347,-1.0,bank,-1.8277916820311226,-1.0,0.0,0.0
2025-10-23,GLE.PA,5.361241642580679e-05,-1.0,bank,-1.8810103807023557,-1.0,0.0,0.0
2025-10-23,ACA.PA,-0.002771520874728014,-1.0,bank,-0.430377884945561,-1.0,0.0,0.0
2025-10-23,SAN.MC,-0.008075335350419178,-1.0,bank,-0.6865870300483472,-1.0,0.0,0.0
2025-10-23,BBVA.MC,-0.013570404759882986,-1.0,bank,-0.5472047262920654,-1.0,0.0,0.0
2025-10-23,CABK.MC,-0.023331398737624152,-1.0,bank,0.6318798811046288,-1.0,0.0,0.0
2025-10-23,SAB.MC,-0.018742226911621862,-1.0,bank,0.2751144903870993,-1.0,0.0,0.0
2025-10-23,BKT.MC,-0.05955514200459189,-1.0,bank,0.4179464676689923,-1.0,0.0,0.0
2025-10-23,UNI.MC,-0.03052415069909755,-1.0,bank,0.15978485614852456,-1.0,0.0,0.0
2025-10-23,ISP.MI,-0.005354423665057349,-1.0,bank,-0.3976038785149957,-1.0,0.0,0.0
2025-10-23,UCG.MI,0.0017781746527970148,-1.0,bank,-0.6729346213298831,-1.0,0.0,0.0
2025-10-23,BAMI.MI,0.000580606269306937,-1.0,bank,-0.5474307600897961,-1.0,0.0,0.0
2025-10-23,BPE.MI,-0.027967080742907123,-1.0,bank,0.4457023654474827,-1.0,0.0,0.0
2025-10-23,MB.MI,-0.0131702838926934,-1.0,bank,-1.913665771560751,-1.0,0.0,0.0
2025-10-23,INGA.AS,-0.006619836965473867,-1.0,bank,0.0804612861920478,-1.0,0.0,0.0
2025-10-23,ABN.AS,-0.005323095225468053,-1.0,bank,-0.12757135640344586,-1.0,0.0,0.0
2025-10-23,KBC.BR,-0.01220762532682482,-1.0,bank,0.48686960141089525,-1.0,0.0,0.0
2025-10-23,EBS.VI,-0.005864516938561032,-1.0,bank,0.2976788742054292,-1.0,0.0,0.0
2025-10-23,RBI.VI,0.011694979669718962,-1.0,bank,-0.1603862510250389,-1.0,0.0,0.0
2025-10-23,BG.VI,-0.009041869287144948,-1.0,bank,-0.23359860729761434,-1.0,0.0,0.0
2025-10-23,BIRG.IR,-0.018220189963408108,-1.0,bank,1.1461139920025163,-1.0,0.0,0.0
2025-10-23,A5G.IR,-0.022745226231565562,-1.0,bank,1.6694774266625145,-1.0,0.0,0.0
2025-10-23,ETE.AT,-0.03629755307206738,-1.0,bank,1.1896462862934265,-1.0,0.0,0.0
2025-10-23,EUROB.AT,0.004662122040781422,-1.0,bank,0.3949686796988067,-1.0,0.0,0.0
2025-10-23,ALPHA.AT,0.013326407462067535,-1.0,bank,0.7963878613911145,-1.0,0.0,0.0
2025-10-23,TPEIR.AT,-0.009657909381609405,-1.0,bank,1.3177710426531568,-1.0,0.0,0.0
2025-10-23,BCP.LS,-0.010426783838106924,-1.0,bank,1.9115242988785415,-1.0,0.0,0.0
2025-10-23,NEXI.MI,-0.013991272584163012,-1.0,payments,,0.0,-1.0,0.0
2025-10-23,WLN.PA,-0.09843285849943466,-1.0,payments,,0.0,-1.0,0.0
2025-10-23,ADYEN.AS,0.0012294001445294176,-1.0,payments,,0.0,-1.0,0.0
2025-10-23,WISE.L,-0.007153736432575326,-1.0,payments,,0.0,-1.0,0.0
2025-10-23,SWED-A.ST,-0.008678077828867349,0.0,control_bank,-1.1418669440853995,0.0,0.0,0.0
2025-10-23,SHB-A.ST,-0.03456368051630413,0.0,control_bank,-1.476933828719851,0.0,0.0,0.0
2025-10-23,DANSKE.CO,-0.0035161406726602487,0.0,control_bank,-2.034052437497537,0.0,0.0,0.0
2025-10-23,DNB.OL,-0.004498316284529191,0.0,control_bank,-0.9659534405231625,0.0,0.0,0.0
2025-10-23,LLOY.L,0.005512343877620923,0.0,control_bank,,0.0,0.0,0.0
2025-10-23,NWG.L,-0.006238326345095335,0.0,control_bank,,0.0,0.0,0.0
2025-10-23,UBSG.SW,0.0025670225505396637,0.0,control_bank,,0.0,0.0,0.0
2025-10-23,MA,0.0010605357211223793,-1.0,payments,,0.0,-1.0,0.0
2025-10-23,V,-0.0016876621378928349,-1.0,payments,,0.0,-1.0,0.0
2025-10-23,AXP,0.002594707772005137,-1.0,payments,,0.0,-1.0,0.0
2025-10-23,PYPL,0.019884260375613486,-1.0,payments,,0.0,-1.0,0.0
2025-10-23,GPN,0.01553097454040374,-1.0,payments,,0.0,-1.0,0.0
2025-10-23,AAPL,-0.0023989283784704224,0.0,gate,,0.0,0.0,0.0
2025-10-23,GOOGL,-0.000999866310796728,0.0,gate,,0.0,0.0,0.0
2025-10-23,AMZN,0.007322694282629189,0.0,gate,,0.0,0.0,0.0
2025-10-23,META,-0.008187319857183108,0.0,gate,,0.0,0.0,0.0
2025-10-30,DBK.DE,0.011205402555908586,-1.0,bank,-1.5981878524090556,-1.0,0.0,0.0
2025-10-30,CBK.DE,0.009367348220432503,-1.0,bank,-0.1969766074951668,-1.0,0.0,0.0
2025-10-30,BNP.PA,-0.002392676421291552,-1.0,bank,-1.8277916820311226,-1.0,0.0,0.0
2025-10-30,GLE.PA,-0.029427751914666442,-1.0,bank,-1.8810103807023557,-1.0,0.0,0.0
2025-10-30,ACA.PA,-0.04535118792320712,-1.0,bank,-0.430377884945561,-1.0,0.0,0.0
2025-10-30,SAN.MC,-0.006325458990293486,-1.0,bank,-0.6865870300483472,-1.0,0.0,0.0
2025-10-30,BBVA.MC,-0.009776967137384813,-1.0,bank,-0.5472047262920654,-1.0,0.0,0.0
2025-10-30,CABK.MC,0.003339485440507314,-1.0,bank,0.6318798811046288,-1.0,0.0,0.0
2025-10-30,SAB.MC,0.004488330815066077,-1.0,bank,0.2751144903870993,-1.0,0.0,0.0
2025-10-30,BKT.MC,0.003944204259189689,-1.0,bank,0.4179464676689923,-1.0,0.0,0.0
2025-10-30,UNI.MC,0.007210587637869288,-1.0,bank,0.15978485614852456,-1.0,0.0,0.0
2025-10-30,ISP.MI,0.010947171433458556,-1.0,bank,-0.3976038785149957,-1.0,0.0,0.0
2025-10-30,UCG.MI,-0.0012182432744420237,-1.0,bank,-0.6729346213298831,-1.0,0.0,0.0
2025-10-30,BAMI.MI,-0.0010931142514658205,-1.0,bank,-0.5474307600897961,-1.0,0.0,0.0
2025-10-30,BPE.MI,0.01203465199369965,-1.0,bank,0.4457023654474827,-1.0,0.0,0.0
2025-10-30,MB.MI,-0.0046897353109727445,-1.0,bank,-1.913665771560751,-1.0,0.0,0.0
2025-10-30,INGA.AS,0.06149258106628943,-1.0,bank,0.0804612861920478,-1.0,0.0,0.0
2025-10-30,ABN.AS,0.01572391492356342,-1.0,bank,-0.12757135640344586,-1.0,0.0,0.0
2025-10-30,KBC.BR,0.0011363217827135147,-1.0,bank,0.48686960141089525,-1.0,0.0,0.0
2025-10-30,EBS.VI,0.013998568993666657,-1.0,bank,0.2976788742054292,-1.0,0.0,0.0
2025-10-30,RBI.VI,0.05108933066711594,-1.0,bank,-0.1603862510250389,-1.0,0.0,0.0
2025-10-30,BG.VI,0.008141345760080406,-1.0,bank,-0.23359860729761434,-1.0,0.0,0.0
2025-10-30,BIRG.IR,0.006396877549044682,-1.0,bank,1.1461139920025163,-1.0,0.0,0.0
2025-10-30,A5G.IR,-0.0026407512297708423,-1.0,bank,1.6694774266625145,-1.0,0.0,0.0
2025-10-30,ETE.AT,-0.01550183103254564,-1.0,bank,1.1896462862934265,-1.0,0.0,0.0
2025-10-30,EUROB.AT,-0.012132687691825501,-1.0,bank,0.3949686796988067,-1.0,0.0,0.0
2025-10-30,ALPHA.AT,0.00391135686807457,-1.0,bank,0.7963878613911145,-1.0,0.0,0.0
2025-10-30,TPEIR.AT,-0.015272974025754064,-1.0,bank,1.3177710426531568,-1.0,0.0,0.0
2025-10-30,BCP.LS,-0.02661245179031556,-1.0,bank,1.9115242988785415,-1.0,0.0,0.0
2025-10-30,NEXI.MI,-0.0004777532456603853,-1.0,payments,,0.0,-1.0,0.0
2025-10-30,WLN.PA,-0.010950312530602703,-1.0,payments,,0.0,-1.0,0.0
2025-10-30,ADYEN.AS,0.002570183569092914,-1.0,payments,,0.0,-1.0,0.0
2025-10-30,WISE.L,0.007029037343529818,-1.0,payments,,0.0,-1.0,0.0
2025-10-30,SWED-A.ST,0.007866050106625479,0.0,control_bank,-1.1418669440853995,0.0,0.0,0.0
2025-10-30,SHB-A.ST,0.008913871074316437,0.0,control_bank,-1.476933828719851,0.0,0.0,0.0
2025-10-30,DANSKE.CO,0.008468843776430663,0.0,control_bank,-2.034052437497537,0.0,0.0,0.0
2025-10-30,DNB.OL,-0.0028763365283684087,0.0,control_bank,-0.9659534405231625,0.0,0.0,0.0
2025-10-30,LLOY.L,0.0076997145302583345,0.0,control_bank,,0.0,0.0,0.0
2025-10-30,NWG.L,0.010565981153399798,0.0,control_bank,,0.0,0.0,0.0
2025-10-30,UBSG.SW,0.006881263622764991,0.0,control_bank,,0.0,0.0,0.0
2025-10-30,MA,0.005551933993996458,-1.0,payments,,0.0,-1.0,0.0
2025-10-30,V,0.018135420192551044,-1.0,payments,,0.0,-1.0,0.0
2025-10-30,AXP,0.015965962431935404,-1.0,payments,,0.0,-1.0,0.0
2025-10-30,PYPL,-0.009998314030053908,-1.0,payments,,0.0,-1.0,0.0
2025-10-30,GPN,0.007802446941791305,-1.0,payments,,0.0,-1.0,0.0
2025-10-30,AAPL,0.018485922794440415,0.0,gate,,0.0,0.0,0.0
2025-10-30,GOOGL,0.035281568546135476,0.0,gate,,0.0,0.0,0.0
2025-10-30,AMZN,-0.018775227407335834,0.0,gate,,0.0,0.0,0.0
2025-10-30,META,-0.10700135132011798,0.0,gate,,0.0,0.0,0.0
2025-10-31,DBK.DE,0.005221898812569742,1.0,bank,-1.5981878524090556,1.0,0.0,0.0
2025-10-31,CBK.DE,0.01612146149211037,1.0,bank,-0.1969766074951668,1.0,0.0,0.0
2025-10-31,BNP.PA,0.016623919600427462,1.0,bank,-1.8277916820311226,1.0,0.0,0.0
2025-10-31,GLE.PA,0.04328485756384891,1.0,bank,-1.8810103807023557,1.0,0.0,0.0
2025-10-31,ACA.PA,0.015927084280128612,1.0,bank,-0.430377884945561,1.0,0.0,0.0
2025-10-31,SAN.MC,0.01906207120349307,1.0,bank,-0.6865870300483472,1.0,0.0,0.0
2025-10-31,BBVA.MC,0.018328646068686772,1.0,bank,-0.5472047262920654,1.0,0.0,0.0
2025-10-31,CABK.MC,0.022702899164314696,1.0,bank,0.6318798811046288,1.0,0.0,0.0
2025-10-31,SAB.MC,0.0201912366491877,1.0,bank,0.2751144903870993,1.0,0.0,0.0
2025-10-31,BKT.MC,0.012326110944997234,1.0,bank,0.4179464676689923,1.0,0.0,0.0
2025-10-31,UNI.MC,0.0020635764476778793,1.0,bank,0.15978485614852456,1.0,0.0,0.0
2025-10-31,ISP.MI,-0.013282428804705848,1.0,bank,-0.3976038785149957,1.0,0.0,0.0
2025-10-31,UCG.MI,0.02368575537354297,1.0,bank,-0.6729346213298831,1.0,0.0,0.0
2025-10-31,BAMI.MI,0.013627281380171587,1.0,bank,-0.5474307600897961,1.0,0.0,0.0
2025-10-31,BPE.MI,0.01445731063314609,1.0,bank,0.4457023654474827,1.0,0.0,0.0
2025-10-31,MB.MI,0.004549050990242087,1.0,bank,-1.913665771560751,1.0,0.0,0.0
2025-10-31,INGA.AS,-0.009512099503960076,1.0,bank,0.0804612861920478,1.0,0.0,0.0
2025-10-31,ABN.AS,0.008537767015405788,1.0,bank,-0.12757135640344586,1.0,0.0,0.0
2025-10-31,KBC.BR,0.024225631413871247,1.0,bank,0.48686960141089525,1.0,0.0,0.0
2025-10-31,EBS.VI,0.061385014852647135,1.0,bank,0.2976788742054292,1.0,0.0,0.0
2025-10-31,RBI.VI,0.03486935689011035,1.0,bank,-0.1603862510250389,1.0,0.0,0.0
2025-10-31,BG.VI,0.034325990011708676,1.0,bank,-0.23359860729761434,1.0,0.0,0.0
2025-10-31,BIRG.IR,0.010605208639125405,1.0,bank,1.1461139920025163,1.0,0.0,0.0
2025-10-31,A5G.IR,0.024394458042412803,1.0,bank,1.6694774266625145,1.0,0.0,0.0
2025-10-31,ETE.AT,0.01196774130375167,1.0,bank,1.1896462862934265,1.0,0.0,0.0
2025-10-31,EUROB.AT,-0.014952820063903366,1.0,bank,0.3949686796988067,1.0,0.0,0.0
2025-10-31,ALPHA.AT,-0.011110677209124082,1.0,bank,0.7963878613911145,1.0,0.0,0.0
2025-10-31,TPEIR.AT,0.0008172181825129455,1.0,bank,1.3177710426531568,1.0,0.0,0.0
2025-10-31,BCP.LS,0.015628170791614344,1.0,bank,1.9115242988785415,1.0,0.0,0.0
2025-10-31,NEXI.MI,0.001117604644802447,1.0,payments,,0.0,1.0,0.0
2025-10-31,WLN.PA,0.050944572401371506,1.0,payments,,0.0,1.0,0.0
2025-10-31,ADYEN.AS,-0.00954043789530735,1.0,payments,,0.0,1.0,0.0
2025-10-31,WISE.L,-0.01640919362119931,1.0,payments,,0.0,1.0,0.0
2025-10-31,SWED-A.ST,-0.0001852645580098372,0.0,control_bank,-1.1418669440853995,0.0,0.0,0.0
2025-10-31,SHB-A.ST,0.0024233350478054813,0.0,control_bank,-1.476933828719851,0.0,0.0,0.0
2025-10-31,DANSKE.CO,0.0364678268087185,0.0,control_bank,-2.034052437497537,0.0,0.0,0.0
2025-10-31,DNB.OL,-0.003581869106126672,0.0,control_bank,-0.9659534405231625,0.0,0.0,0.0
2025-10-31,LLOY.L,0.011298982407630524,0.0,control_bank,,0.0,0.0,0.0
2025-10-31,NWG.L,0.000701460995729087,0.0,control_bank,,0.0,0.0,0.0
2025-10-31,UBSG.SW,0.008558964821899934,0.0,control_bank,,0.0,0.0,0.0
2025-10-31,MA,-0.004112585376118986,1.0,payments,,0.0,1.0,0.0
2025-10-31,V,-0.013779862408915261,1.0,payments,,0.0,1.0,0.0
2025-10-31,AXP,0.0034651425319682724,1.0,payments,,0.0,1.0,0.0
2025-10-31,PYPL,0.02010816634629427,1.0,payments,,0.0,1.0,0.0
2025-10-31,GPN,-0.013258381102163215,1.0,payments,,0.0,1.0,0.0
2025-10-31,AAPL,-0.006719134843559437,0.0,gate,,0.0,0.0,0.0
2025-10-31,GOOGL,-0.004105227058468425,0.0,gate,,0.0,0.0,0.0
2025-10-31,AMZN,0.08881072957780976,0.0,gate,,0.0,0.0,0.0
2025-10-31,META,-0.032036440167737136,0.0,gate,,0.0,0.0,0.0
2025-12-19,DBK.DE,0.004472481554781746,0.0,bank,-1.5981878524090556,0.0,0.0,0.0
2025-12-19,CBK.DE,0.011157973966096123,0.0,bank,-0.1969766074951668,0.0,0.0,0.0
2025-12-19,BNP.PA,-0.0007307445658126894,0.0,bank,-1.8277916820311226,0.0,0.0,0.0
2025-12-19,GLE.PA,0.00044680550059909493,0.0,bank,-1.8810103807023557,0.0,0.0,0.0
2025-12-19,ACA.PA,0.005375076306428677,0.0,bank,-0.430377884945561,0.0,0.0,0.0
2025-12-19,SAN.MC,-0.007844391571112297,0.0,bank,-0.6865870300483472,0.0,0.0,0.0
2025-12-19,BBVA.MC,0.00596404665121957,0.0,bank,-0.5472047262920654,0.0,0.0,0.0
2025-12-19,CABK.MC,-0.00436674461347897,0.0,bank,0.6318798811046288,0.0,0.0,0.0
2025-12-19,SAB.MC,0.01066392061869801,0.0,bank,0.2751144903870993,0.0,0.0,0.0
2025-12-19,BKT.MC,-0.000421706064128214,0.0,bank,0.4179464676689923,0.0,0.0,0.0
2025-12-19,UNI.MC,0.003522073679911782,0.0,bank,0.15978485614852456,0.0,0.0,0.0
2025-12-19,ISP.MI,0.0007179006880693598,0.0,bank,-0.3976038785149957,0.0,0.0,0.0
2025-12-19,UCG.MI,-0.01195239690841393,0.0,bank,-0.6729346213298831,0.0,0.0,0.0
2025-12-19,BAMI.MI,0.008371577806903188,0.0,bank,-0.5474307600897961,0.0,0.0,0.0
2025-12-19,BPE.MI,0.00038156526871163665,0.0,bank,0.4457023654474827,0.0,0.0,0.0
2025-12-19,MB.MI,0.001273221097325094,0.0,bank,-1.913665771560751,0.0,0.0,0.0
2025-12-19,INGA.AS,0.0029732727673989247,0.0,bank,0.0804612861920478,0.0,0.0,0.0
2025-12-19,ABN.AS,-0.0013676258730728331,0.0,bank,-0.12757135640344586,0.0,0.0,0.0
2025-12-19,KBC.BR,9.908553871690491e-05,0.0,bank,0.48686960141089525,0.0,0.0,0.0
2025-12-19,EBS.VI,0.00961030767532366,0.0,bank,0.2976788742054292,0.0,0.0,0.0
2025-12-19,RBI.VI,0.022452141815507216,0.0,bank,-0.1603862510250389,0.0,0.0,0.0
2025-12-19,BG.VI,0.01850651886249157,0.0,bank,-0.23359860729761434,0.0,0.0,0.0
2025-12-19,BIRG.IR,-0.0038122351028740203,0.0,bank,1.1461139920025163,0.0,0.0,0.0
2025-12-19,A5G.IR,0.005445353890176618,0.0,bank,1.6694774266625145,0.0,0.0,0.0
2025-12-19,ETE.AT,0.011832387038197487,0.0,bank,1.1896462862934265,0.0,0.0,0.0
2025-12-19,ALPHA.AT,0.00844806058024934,0.0,bank,0.7963878613911145,0.0,0.0,0.0
2025-12-19,TPEIR.AT,-0.004086214981835652,0.0,bank,1.3177710426531568,0.0,0.0,0.0
2025-12-19,BCP.LS,0.008601398074504557,0.0,bank,1.9115242988785415,0.0,0.0,0.0
2025-12-19,NEXI.MI,-0.001083418357451722,-1.0,payments,,0.0,-1.0,0.0
2025-12-19,WLN.PA,-0.07805474448734619,-1.0,payments,,0.0,-1.0,0.0
2025-12-19,ADYEN.AS,0.006019632362312488,-1.0,payments,,0.0,-1.0,0.0
2025-12-19,WISE.L,0.005718620035298208,-1.0,payments,,0.0,-1.0,0.0
2025-12-19,SWED-A.ST,0.008234509061926663,0.0,control_bank,-1.1418669440853995,0.0,0.0,0.0
2025-12-19,SHB-A.ST,0.007058668797455949,0.0,control_bank,-1.476933828719851,0.0,0.0,0.0
2025-12-19,DANSKE.CO,0.010734448719607591,0.0,control_bank,-2.034052437497537,0.0,0.0,0.0
2025-12-19,DNB.OL,0.015150504680398648,0.0,control_bank,-0.9659534405231625,0.0,0.0,0.0
2025-12-19,LLOY.L,0.0068033911835603195,0.0,control_bank,,0.0,0.0,0.0
2025-12-19,NWG.L,0.001578273671730533,0.0,control_bank,,0.0,0.0,0.0
2025-12-19,UBSG.SW,2.0751413778932835e-05,0.0,control_bank,,0.0,0.0,0.0
2025-12-19,MA,0.005482766372309443,-1.0,payments,,0.0,-1.0,0.0
2025-12-19,V,0.0038949146489909246,-1.0,payments,,0.0,-1.0,0.0
2025-12-19,AXP,-0.00679435522836308,-1.0,payments,,0.0,-1.0,0.0
2025-12-19,PYPL,-0.0005109205206207026,-1.0,payments,,0.0,-1.0,0.0
2025-12-19,GPN,-0.02468501563234565,-1.0,payments,,0.0,-1.0,0.0
2025-12-19,AAPL,-0.004910215156858901,-1.0,gate,,0.0,0.0,-1.0
2025-12-19,GOOGL,0.0057234149835857645,-1.0,gate,,0.0,0.0,-1.0
2025-12-19,AMZN,-0.008346358569514909,-1.0,gate,,0.0,0.0,-1.0
2025-12-19,META,-0.021774917297156592,-1.0,gate,,0.0,0.0,-1.0
2026-03-05,DBK.DE,0.0016688969674301252,-1.0,bank,-1.5981878524090556,-1.0,0.0,0.0
2026-03-05,CBK.DE,-0.005620569032464766,-1.0,bank,-0.1969766074951668,-1.0,0.0,0.0
2026-03-05,BNP.PA,-0.00635599151265967,-1.0,bank,-1.8277916820311226,-1.0,0.0,0.0
2026-03-05,GLE.PA,-0.012549343945898187,-1.0,bank,-1.8810103807023557,-1.0,0.0,0.0
2026-03-05,ACA.PA,-0.019614297971946363,-1.0,bank,-0.430377884945561,-1.0,0.0,0.0
2026-03-05,SAN.MC,-0.0038712968050210773,-1.0,bank,-0.6865870300483472,-1.0,0.0,0.0
2026-03-05,BBVA.MC,0.006752994181423328,-1.0,bank,-0.5472047262920654,-1.0,0.0,0.0
2026-03-05,CABK.MC,0.013849984411474106,-1.0,bank,0.6318798811046288,-1.0,0.0,0.0
2026-03-05,SAB.MC,0.005124787347542403,-1.0,bank,0.2751144903870993,-1.0,0.0,0.0
2026-03-05,BKT.MC,0.012440524477255549,-1.0,bank,0.4179464676689923,-1.0,0.0,0.0
2026-03-05,UNI.MC,0.006558127862422703,-1.0,bank,0.15978485614852456,-1.0,0.0,0.0
2026-03-05,ISP.MI,0.0018857949167750687,-1.0,bank,-0.3976038785149957,-1.0,0.0,0.0
2026-03-05,UCG.MI,-0.0034859972688742295,-1.0,bank,-0.6729346213298831,-1.0,0.0,0.0
2026-03-05,BAMI.MI,-0.00038315904354524477,-1.0,bank,-0.5474307600897961,-1.0,0.0,0.0
2026-03-05,BPE.MI,-0.00022858148295388375,-1.0,bank,0.4457023654474827,-1.0,0.0,0.0
2026-03-05,MB.MI,-0.02960955592932611,-1.0,bank,-1.913665771560751,-1.0,0.0,0.0
2026-03-05,INGA.AS,0.009094836446625098,-1.0,bank,0.0804612861920478,-1.0,0.0,0.0
2026-03-05,ABN.AS,-0.00171921336077056,-1.0,bank,-0.12757135640344586,-1.0,0.0,0.0
2026-03-05,KBC.BR,0.008809092014885568,-1.0,bank,0.48686960141089525,-1.0,0.0,0.0
2026-03-05,EBS.VI,-0.001310180289137871,-1.0,bank,0.2976788742054292,-1.0,0.0,0.0
2026-03-05,RBI.VI,0.007716906117302268,-1.0,bank,-0.1603862510250389,-1.0,0.0,0.0
2026-03-05,BG.VI,0.002128450338181754,-1.0,bank,-0.23359860729761434,-1.0,0.0,0.0
2026-03-05,BIRG.IR,0.010636701178224487,-1.0,bank,1.1461139920025163,-1.0,0.0,0.0
2026-03-05,A5G.IR,0.011552748789740424,-1.0,bank,1.6694774266625145,-1.0,0.0,0.0
2026-03-05,ETE.AT,0.0288982701679869,-1.0,bank,1.1896462862934265,-1.0,0.0,0.0
2026-03-05,EUROB.AT,0.024899711729307637,-1.0,bank,0.3949686796988067,-1.0,0.0,0.0
2026-03-05,ALPHA.AT,0.04936980662107308,-1.0,bank,0.7963878613911145,-1.0,0.0,0.0
2026-03-05,TPEIR.AT,0.03855470977258077,-1.0,bank,1.3177710426531568,-1.0,0.0,0.0
2026-03-05,BCP.LS,-0.007251482663300619,-1.0,bank,1.9115242988785415,-1.0,0.0,0.0
2026-03-05,NEXI.MI,-0.16506178218298875,0.0,payments,,0.0,0.0,0.0
2026-03-05,WLN.PA,-0.02020740386417488,0.0,payments,,0.0,0.0,0.0
2026-03-05,ADYEN.AS,-0.01266254107889728,0.0,payments,,0.0,0.0,0.0
2026-03-05,WISE.L,-0.004831582790831826,0.0,payments,,0.0,0.0,0.0
2026-03-05,SWED-A.ST,0.0016443928967899701,0.0,control_bank,-1.1418669440853995,0.0,0.0,0.0
2026-03-05,SHB-A.ST,-0.0022074404401937354,0.0,control_bank,-1.476933828719851,0.0,0.0,0.0
2026-03-05,DANSKE.CO,0.006657216506165926,0.0,control_bank,-2.034052437497537,0.0,0.0,0.0
2026-03-05,DNB.OL,0.0001160966112529957,0.0,control_bank,-0.9659534405231625,0.0,0.0,0.0
2026-03-05,LLOY.L,0.005760048665279575,0.0,control_bank,,0.0,0.0,0.0
2026-03-05,NWG.L,0.005161876968275728,0.0,control_bank,,0.0,0.0,0.0
2026-03-05,UBSG.SW,0.002787817999522515,0.0,control_bank,,0.0,0.0,0.0
2026-03-05,MA,0.007687279344081904,0.0,payments,,0.0,0.0,0.0
2026-03-05,V,0.002220421130692476,0.0,payments,,0.0,0.0,0.0
2026-03-05,AXP,-0.004206533837991916,0.0,payments,,0.0,0.0,0.0
2026-03-05,PYPL,0.02922078712779859,0.0,payments,,0.0,0.0,0.0
2026-03-05,GPN,0.018247334160986624,0.0,payments,,0.0,0.0,0.0
2026-03-05,AAPL,-0.001490733395486288,0.0,gate,,0.0,0.0,0.0
2026-03-05,GOOGL,-0.0016337036132395436,0.0,gate,,0.0,0.0,0.0
2026-03-05,AMZN,0.018065014075752537,0.0,gate,,0.0,0.0,0.0
2026-03-05,META,-0.0035482627745833054,0.0,gate,,0.0,0.0,0.0
2026-06-23,DBK.DE,0.0009683800687633227,1.0,bank,-1.5981878524090556,1.0,0.0,0.0
2026-06-23,CBK.DE,0.00484383533009087,1.0,bank,-0.1969766074951668,1.0,0.0,0.0
2026-06-23,BNP.PA,0.007477081437639316,1.0,bank,-1.8277916820311226,1.0,0.0,0.0
2026-06-23,GLE.PA,-0.006629409403457328,1.0,bank,-1.8810103807023557,1.0,0.0,0.0
2026-06-23,ACA.PA,0.003147767303897058,1.0,bank,-0.430377884945561,1.0,0.0,0.0
2026-06-23,SAN.MC,0.00955027686873968,1.0,bank,-0.6865870300483472,1.0,0.0,0.0
2026-06-23,BBVA.MC,0.012180220477539975,1.0,bank,-0.5472047262920654,1.0,0.0,0.0
2026-06-23,CABK.MC,0.00043084119181903587,1.0,bank,0.6318798811046288,1.0,0.0,0.0
2026-06-23,SAB.MC,0.007467842545213768,1.0,bank,0.2751144903870993,1.0,0.0,0.0
2026-06-23,BKT.MC,-0.0025407009783222686,1.0,bank,0.4179464676689923,1.0,0.0,0.0
2026-06-23,UNI.MC,0.0059309683803178475,1.0,bank,0.15978485614852456,1.0,0.0,0.0
2026-06-23,ISP.MI,-0.004779645025747844,1.0,bank,-0.3976038785149957,1.0,0.0,0.0
2026-06-23,UCG.MI,0.0002992594216611171,1.0,bank,-0.6729346213298831,1.0,0.0,0.0
2026-06-23,BAMI.MI,0.005137471625232581,1.0,bank,-0.5474307600897961,1.0,0.0,0.0
2026-06-23,BPE.MI,0.004667209162548119,1.0,bank,0.4457023654474827,1.0,0.0,0.0
2026-06-23,MB.MI,0.0004904654993984747,1.0,bank,-1.913665771560751,1.0,0.0,0.0
2026-06-23,INGA.AS,0.003354089920503109,1.0,bank,0.0804612861920478,1.0,0.0,0.0
2026-06-23,ABN.AS,-0.00785725150288124,1.0,bank,-0.12757135640344586,1.0,0.0,0.0
2026-06-23,KBC.BR,-0.01372305841961739,1.0,bank,0.48686960141089525,1.0,0.0,0.0
2026-06-23,EBS.VI,0.006414629803230536,1.0,bank,0.2976788742054292,1.0,0.0,0.0
2026-06-23,RBI.VI,0.01096355473864714,1.0,bank,-0.1603862510250389,1.0,0.0,0.0
2026-06-23,BG.VI,0.014533095093665422,1.0,bank,-0.23359860729761434,1.0,0.0,0.0
2026-06-23,BIRG.IR,-0.01076215421205227,1.0,bank,1.1461139920025163,1.0,0.0,0.0
2026-06-23,A5G.IR,-0.0011090247249190398,1.0,bank,1.6694774266625145,1.0,0.0,0.0
2026-06-23,ETE.AT,-0.002011539393676043,1.0,bank,1.1896462862934265,1.0,0.0,0.0
2026-06-23,EUROB.AT,-0.008615771055094843,1.0,bank,0.3949686796988067,1.0,0.0,0.0
2026-06-23,ALPHA.AT,-0.007111393251789187,1.0,bank,0.7963878613911145,1.0,0.0,0.0
2026-06-23,TPEIR.AT,-0.011391223852563956,1.0,bank,1.3177710426531568,1.0,0.0,0.0
2026-06-23,BCP.LS,-0.0019837525854295227,1.0,bank,1.9115242988785415,1.0,0.0,0.0
2026-06-23,NEXI.MI,-0.0020188240179129097,-1.0,payments,,0.0,-1.0,0.0
2026-06-23,WLN.PA,0.011650046859082436,-1.0,payments,,0.0,-1.0,0.0
2026-06-23,ADYEN.AS,-0.029131471283123968,-1.0,payments,,0.0,-1.0,0.0
2026-06-23,WISE.L,0.011714607711545273,-1.0,payments,,0.0,-1.0,0.0
2026-06-23,SWED-A.ST,-0.0028570929767840203,0.0,control_bank,-1.1418669440853995,0.0,0.0,0.0
2026-06-23,SHB-A.ST,0.0009202947505212323,0.0,control_bank,-1.476933828719851,0.0,0.0,0.0
2026-06-23,DANSKE.CO,-0.004048199399523052,0.0,control_bank,-2.034052437497537,0.0,0.0,0.0
2026-06-23,DNB.OL,-0.008873818285827171,0.0,control_bank,-0.9659534405231625,0.0,0.0,0.0
2026-06-23,LLOY.L,0.010808511332787148,0.0,control_bank,,0.0,0.0,0.0
2026-06-23,NWG.L,0.0021717571088684714,0.0,control_bank,,0.0,0.0,0.0
2026-06-23,UBSG.SW,-0.0008512079675624413,0.0,control_bank,,0.0,0.0,0.0
2026-06-23,MA,0.01831953731781865,-1.0,payments,,0.0,-1.0,0.0
2026-06-23,V,0.015990111204553133,-1.0,payments,,0.0,-1.0,0.0
2026-06-23,AXP,0.018940620688612544,-1.0,payments,,0.0,-1.0,0.0
2026-06-23,PYPL,0.005542915847023265,-1.0,payments,,0.0,-1.0,0.0
2026-06-23,GPN,0.0075246274194643945,-1.0,payments,,0.0,-1.0,0.0
2026-06-23,AAPL,0.008464727598302845,0.0,gate,,0.0,0.0,0.0
2026-06-23,GOOGL,0.005069673317741776,0.0,gate,,0.0,0.0,0.0
2026-06-23,AMZN,0.02574253123681437,0.0,gate,,0.0,0.0,0.0
2026-06-23,META,0.016751747549236026,0.0,gate,,0.0,0.0,0.0
2026-06-26,DBK.DE,-0.014113000880322801,0.0,bank,-1.5981878524090556,0.0,0.0,0.0
2026-06-26,CBK.DE,0.022363818626602496,0.0,bank,-0.1969766074951668,0.0,0.0,0.0
2026-06-26,BNP.PA,-0.009482119180447762,0.0,bank,-1.8277916820311226,0.0,0.0,0.0
2026-06-26,GLE.PA,-0.005405456460892714,0.0,bank,-1.8810103807023557,0.0,0.0,0.0
2026-06-26,ACA.PA,-0.0002772954206585673,0.0,bank,-0.430377884945561,0.0,0.0,0.0
2026-06-26,SAN.MC,0.004468302737210486,0.0,bank,-0.6865870300483472,0.0,0.0,0.0
2026-06-26,BBVA.MC,0.002108892289812061,0.0,bank,-0.5472047262920654,0.0,0.0,0.0
2026-06-26,CABK.MC,0.0064860957068939105,0.0,bank,0.6318798811046288,0.0,0.0,0.0
2026-06-26,SAB.MC,0.0036329401103698195,0.0,bank,0.2751144903870993,0.0,0.0,0.0
2026-06-26,BKT.MC,0.020132511506970808,0.0,bank,0.4179464676689923,0.0,0.0,0.0
2026-06-26,UNI.MC,0.008383726018951442,0.0,bank,0.15978485614852456,0.0,0.0,0.0
2026-06-26,ISP.MI,-0.0025967924592095876,0.0,bank,-0.3976038785149957,0.0,0.0,0.0
2026-06-26,UCG.MI,-0.0016872084379999704,0.0,bank,-0.6729346213298831,0.0,0.0,0.0
2026-06-26,BAMI.MI,-0.008078859733094296,0.0,bank,-0.5474307600897961,0.0,0.0,0.0
2026-06-26,BPE.MI,0.005038566630880471,0.0,bank,0.4457023654474827,0.0,0.0,0.0
2026-06-26,MB.MI,-0.0025801669641914854,0.0,bank,-1.913665771560751,0.0,0.0,0.0
2026-06-26,INGA.AS,0.002151439588577702,0.0,bank,0.0804612861920478,0.0,0.0,0.0
2026-06-26,ABN.AS,-0.007693574035016878,0.0,bank,-0.12757135640344586,0.0,0.0,0.0
2026-06-26,KBC.BR,0.004859503829561495,0.0,bank,0.48686960141089525,0.0,0.0,0.0
2026-06-26,EBS.VI,-0.005009677059714555,0.0,bank,0.2976788742054292,0.0,0.0,0.0
2026-06-26,RBI.VI,0.01163558079920373,0.0,bank,-0.1603862510250389,0.0,0.0,0.0
2026-06-26,BG.VI,0.003190158686539213,0.0,bank,-0.23359860729761434,0.0,0.0,0.0
2026-06-26,BIRG.IR,0.008266678116984739,0.0,bank,1.1461139920025163,0.0,0.0,0.0
2026-06-26,A5G.IR,0.0035701569442542335,0.0,bank,1.6694774266625145,0.0,0.0,0.0
2026-06-26,ETE.AT,0.004236240230868819,0.0,bank,1.1896462862934265,0.0,0.0,0.0
2026-06-26,EUROB.AT,0.013781560745844756,0.0,bank,0.3949686796988067,0.0,0.0,0.0
2026-06-26,ALPHA.AT,-0.009658754324460433,0.0,bank,0.7963878613911145,0.0,0.0,0.0
2026-06-26,TPEIR.AT,-0.00452126903281207,0.0,bank,1.3177710426531568,0.0,0.0,0.0
2026-06-26,BCP.LS,0.003381090452277579,0.0,bank,1.9115242988785415,0.0,0.0,0.0
2026-06-26,NEXI.MI,0.01569308838591829,0.0,payments,,0.0,0.0,0.0
2026-06-26,WLN.PA,0.03800815783104025,0.0,payments,,0.0,0.0,0.0
2026-06-26,ADYEN.AS,0.005036765585391844,0.0,payments,,0.0,0.0,0.0
2026-06-26,WISE.L,0.09400862185792884,0.0,payments,,0.0,0.0,0.0
2026-06-26,SWED-A.ST,0.014182251712302063,0.0,control_bank,-1.1418669440853995,0.0,0.0,0.0
2026-06-26,SHB-A.ST,0.007833134688267785,0.0,control_bank,-1.476933828719851,0.0,0.0,0.0
2026-06-26,DANSKE.CO,0.003133077926728018,0.0,control_bank,-2.034052437497537,0.0,0.0,0.0
2026-06-26,DNB.OL,0.005587735280726704,0.0,control_bank,-0.9659534405231625,0.0,0.0,0.0
2026-06-26,LLOY.L,0.0009053684304878486,0.0,control_bank,,0.0,0.0,0.0
2026-06-26,NWG.L,0.0037308214411574453,0.0,control_bank,,0.0,0.0,0.0
2026-06-26,UBSG.SW,-0.014002062119699683,0.0,control_bank,,0.0,0.0,0.0
2026-06-26,MA,0.021412940845688212,0.0,payments,,0.0,0.0,0.0
2026-06-26,V,0.017941259182167768,0.0,payments,,0.0,0.0,0.0
2026-06-26,AXP,-0.003947419554858484,0.0,payments,,0.0,0.0,0.0
2026-06-26,PYPL,0.048306108920836,0.0,payments,,0.0,0.0,0.0
2026-06-26,GPN,0.026276087039243425,0.0,payments,,0.0,0.0,0.0
2026-06-26,AAPL,0.03167858488063677,0.0,gate,,0.0,0.0,0.0
2026-06-26,GOOGL,-0.018317885722974967,0.0,gate,,0.0,0.0,0.0
2026-06-26,AMZN,0.026118166636451466,0.0,gate,,0.0,0.0,0.0
2026-06-26,META,0.013394978497962434,0.0,gate,,0.0,0.0,0.0
2026-07-06,DBK.DE,0.016059453277333047,0.0,bank,-1.5981878524090556,0.0,0.0,0.0
2026-07-06,CBK.DE,0.0117206513281563,0.0,bank,-0.1969766074951668,0.0,0.0,0.0
2026-07-06,BNP.PA,0.0093639247093504,0.0,bank,-1.8277916820311226,0.0,0.0,0.0
2026-07-06,GLE.PA,0.003927666895490761,0.0,bank,-1.8810103807023557,0.0,0.0,0.0
2026-07-06,ACA.PA,0.007565906860541859,0.0,bank,-0.430377884945561,0.0,0.0,0.0
2026-07-06,SAN.MC,0.008671429505263057,0.0,bank,-0.6865870300483472,0.0,0.0,0.0
2026-07-06,BBVA.MC,0.0016827043550943577,0.0,bank,-0.5472047262920654,0.0,0.0,0.0
2026-07-06,CABK.MC,0.007352804701954683,0.0,bank,0.6318798811046288,0.0,0.0,0.0
2026-07-06,SAB.MC,0.015302952076173802,0.0,bank,0.2751144903870993,0.0,0.0,0.0
2026-07-06,BKT.MC,0.01355273888568039,0.0,bank,0.4179464676689923,0.0,0.0,0.0
2026-07-06,UNI.MC,0.004212689152410029,0.0,bank,0.15978485614852456,0.0,0.0,0.0
2026-07-06,ISP.MI,0.013021841320764815,0.0,bank,-0.3976038785149957,0.0,0.0,0.0
2026-07-06,UCG.MI,-0.0016517046071204125,0.0,bank,-0.6729346213298831,0.0,0.0,0.0
2026-07-06,BAMI.MI,0.021451669269586568,0.0,bank,-0.5474307600897961,0.0,0.0,0.0
2026-07-06,BPE.MI,0.008634616857660166,0.0,bank,0.4457023654474827,0.0,0.0,0.0
2026-07-06,MB.MI,0.0027704817693407187,0.0,bank,-1.913665771560751,0.0,0.0,0.0
2026-07-06,INGA.AS,0.01639875863219246,0.0,bank,0.0804612861920478,0.0,0.0,0.0
2026-07-06,ABN.AS,0.009223008121221437,0.0,bank,-0.12757135640344586,0.0,0.0,0.0
2026-07-06,KBC.BR,0.004733068865735721,0.0,bank,0.48686960141089525,0.0,0.0,0.0
2026-07-06,EBS.VI,0.005395775586161658,0.0,bank,0.2976788742054292,0.0,0.0,0.0
2026-07-06,RBI.VI,0.01551437042720167,0.0,bank,-0.1603862510250389,0.0,0.0,0.0
2026-07-06,BG.VI,0.002989238116038893,0.0,bank,-0.23359860729761434,0.0,0.0,0.0
2026-07-06,BIRG.IR,0.014216196219917264,0.0,bank,1.1461139920025163,0.0,0.0,0.0
2026-07-06,A5G.IR,-0.003630288044121385,0.0,bank,1.6694774266625145,0.0,0.0,0.0
2026-07-06,ETE.AT,0.012940974043840781,0.0,bank,1.1896462862934265,0.0,0.0,0.0
2026-07-06,EUROB.AT,0.019830650890412964,0.0,bank,0.3949686796988067,0.0,0.0,0.0
2026-07-06,ALPHA.AT,0.024190423780243248,0.0,bank,0.7963878613911145,0.0,0.0,0.0
2026-07-06,TPEIR.AT,0.015080976543521736,0.0,bank,1.3177710426531568,0.0,0.0,0.0
2026-07-06,BCP.LS,0.003926795361889961,0.0,bank,1.9115242988785415,0.0,0.0,0.0
2026-07-06,NEXI.MI,-0.009032452140499332,0.0,payments,,0.0,0.0,0.0
2026-07-06,WLN.PA,-0.04984861653844458,0.0,payments,,0.0,0.0,0.0
2026-07-06,ADYEN.AS,0.014515087135978587,0.0,payments,,0.0,0.0,0.0
2026-07-06,WISE.L,0.00998660267537815,0.0,payments,,0.0,0.0,0.0
2026-07-06,SWED-A.ST,0.003248511409919026,0.0,control_bank,-1.1418669440853995,0.0,0.0,0.0
2026-07-06,SHB-A.ST,0.007438702575671769,0.0,control_bank,-1.476933828719851,0.0,0.0,0.0
2026-07-06,DANSKE.CO,0.012543230611559944,0.0,control_bank,-2.034052437497537,0.0,0.0,0.0
2026-07-06,DNB.OL,0.0020227602609355277,0.0,control_bank,-0.9659534405231625,0.0,0.0,0.0
2026-07-06,LLOY.L,0.004245099192467436,0.0,control_bank,,0.0,0.0,0.0
2026-07-06,NWG.L,0.005590510612947621,0.0,control_bank,,0.0,0.0,0.0
2026-07-06,UBSG.SW,0.018954453840026017,0.0,control_bank,,0.0,0.0,0.0
2026-07-09,DBK.DE,-0.003356592681972805,1.0,bank,-1.5981878524090556,1.0,0.0,0.0
2026-07-09,CBK.DE,0.0028477450885758936,1.0,bank,-0.1969766074951668,1.0,0.0,0.0
2026-07-09,BNP.PA,0.00551302623253035,1.0,bank,-1.8277916820311226,1.0,0.0,0.0
2026-07-09,GLE.PA,0.015677907676567335,1.0,bank,-1.8810103807023557,1.0,0.0,0.0
2026-07-09,ACA.PA,0.007396257345578498,1.0,bank,-0.430377884945561,1.0,0.0,0.0
2026-07-09,SAN.MC,0.004764447212778945,1.0,bank,-0.6865870300483472,1.0,0.0,0.0
2026-07-09,BBVA.MC,-0.0023537582234328825,1.0,bank,-0.5472047262920654,1.0,0.0,0.0
2026-07-09,CABK.MC,0.013024129586826604,1.0,bank,0.6318798811046288,1.0,0.0,0.0
2026-07-09,SAB.MC,0.015703828285698156,1.0,bank,0.2751144903870993,1.0,0.0,0.0
2026-07-09,BKT.MC,0.013252275277716821,1.0,bank,0.4179464676689923,1.0,0.0,0.0
2026-07-09,UNI.MC,0.018362463423929314,1.0,bank,0.15978485614852456,1.0,0.0,0.0
2026-07-09,ISP.MI,0.008779105392673927,1.0,bank,-0.3976038785149957,1.0,0.0,0.0
2026-07-09,UCG.MI,0.014153506782177576,1.0,bank,-0.6729346213298831,1.0,0.0,0.0
2026-07-09,BAMI.MI,0.0031205567871033044,1.0,bank,-0.5474307600897961,1.0,0.0,0.0
2026-07-09,BPE.MI,-0.000170171531772699,1.0,bank,0.4457023654474827,1.0,0.0,0.0
2026-07-09,MB.MI,0.013636408516275591,1.0,bank,-1.913665771560751,1.0,0.0,0.0
2026-07-09,INGA.AS,0.012583351589921606,1.0,bank,0.0804612861920478,1.0,0.0,0.0
2026-07-09,ABN.AS,0.0035846566857720584,1.0,bank,-0.12757135640344586,1.0,0.0,0.0
2026-07-09,KBC.BR,0.006483754329214159,1.0,bank,0.48686960141089525,1.0,0.0,0.0
2026-07-09,EBS.VI,0.027655063335172085,1.0,bank,0.2976788742054292,1.0,0.0,0.0
2026-07-09,RBI.VI,0.004464665680473046,1.0,bank,-0.1603862510250389,1.0,0.0,0.0
2026-07-09,BG.VI,-0.007121192588460152,1.0,bank,-0.23359860729761434,1.0,0.0,0.0
2026-07-09,BIRG.IR,0.00014737150646702574,1.0,bank,1.1461139920025163,1.0,0.0,0.0
2026-07-09,A5G.IR,-0.0019854206775675063,1.0,bank,1.6694774266625145,1.0,0.0,0.0
2026-07-09,ETE.AT,0.012024021796328036,1.0,bank,1.1896462862934265,1.0,0.0,0.0
2026-07-09,EUROB.AT,0.0029886461406940148,1.0,bank,0.3949686796988067,1.0,0.0,0.0
2026-07-09,ALPHA.AT,-0.012223192101804248,1.0,bank,0.7963878613911145,1.0,0.0,0.0
2026-07-09,TPEIR.AT,0.004980741249133374,1.0,bank,1.3177710426531568,1.0,0.0,0.0
2026-07-09,BCP.LS,0.005649668582395614,1.0,bank,1.9115242988785415,1.0,0.0,0.0
2026-07-09,NEXI.MI,0.004224471517512185,-1.0,payments,,0.0,-1.0,0.0
2026-07-09,WLN.PA,-0.018734357424439067,-1.0,payments,,0.0,-1.0,0.0
2026-07-09,ADYEN.AS,-0.006973787984873028,-1.0,payments,,0.0,-1.0,0.0
2026-07-09,WISE.L,-0.018756535552249834,-1.0,payments,,0.0,-1.0,0.0
2026-07-09,SWED-A.ST,0.008662886392801205,0.0,control_bank,-1.1418669440853995,0.0,0.0,0.0
2026-07-09,SHB-A.ST,0.010175612085143358,0.0,control_bank,-1.476933828719851,0.0,0.0,0.0
2026-07-09,DANSKE.CO,0.01740076884257605,0.0,control_bank,-2.034052437497537,0.0,0.0,0.0
2026-07-09,DNB.OL,-0.0012870692701489593,0.0,control_bank,-0.9659534405231625,0.0,0.0,0.0
2026-07-09,LLOY.L,0.0009588246350578939,0.0,control_bank,,0.0,0.0,0.0
2026-07-09,NWG.L,0.009478411886145533,0.0,control_bank,,0.0,0.0,0.0
2026-07-09,UBSG.SW,0.010758449057687124,0.0,control_bank,,0.0,0.0,0.0
2026-07-09,MA,0.0034245796920946963,-1.0,payments,,0.0,-1.0,0.0
2026-07-09,V,-0.0030477836120514565,-1.0,payments,,0.0,-1.0,0.0
2026-07-09,AXP,0.021660758221247856,-1.0,payments,,0.0,-1.0,0.0
2026-07-09,PYPL,0.011660692784507487,-1.0,payments,,0.0,-1.0,0.0
2026-07-09,GPN,0.010331087882515503,-1.0,payments,,0.0,-1.0,0.0
2026-07-09,AAPL,-0.0005376944904362541,0.0,gate,,0.0,0.0,0.0
2026-07-09,GOOGL,-0.017384371598687873,0.0,gate,,0.0,0.0,0.0
2026-07-09,AMZN,0.0038895992493717148,0.0,gate,,0.0,0.0,0.0
2026-07-09,META,0.033707215383589686,0.0,gate,,0.0,0.0,0.0
2026-07-14,DBK.DE,0.0012965198325652835,-1.0,bank,-1.5981878524090556,-1.0,0.0,0.0
2026-07-14,CBK.DE,-0.00855522055081695,-1.0,bank,-0.1969766074951668,-1.0,0.0,0.0
2026-07-14,BNP.PA,0.0030680373631178526,-1.0,bank,-1.8277916820311226,-1.0,0.0,0.0
2026-07-14,GLE.PA,-0.00743818939955429,-1.0,bank,-1.8810103807023557,-1.0,0.0,0.0
2026-07-14,ACA.PA,0.007170437116412139,-1.0,bank,-0.430377884945561,-1.0,0.0,0.0
2026-07-14,SAN.MC,-0.014167341367492477,-1.0,bank,-0.6865870300483472,-1.0,0.0,0.0
2026-07-14,BBVA.MC,-0.005314490590437601,-1.0,bank,-0.5472047262920654,-1.0,0.0,0.0
2026-07-14,CABK.MC,-0.0058492906290108755,-1.0,bank,0.6318798811046288,-1.0,0.0,0.0
2026-07-14,SAB.MC,-0.01851509850991845,-1.0,bank,0.2751144903870993,-1.0,0.0,0.0
2026-07-14,BKT.MC,-0.005201046330521186,-1.0,bank,0.4179464676689923,-1.0,0.0,0.0
2026-07-14,UNI.MC,-0.012581450681020801,-1.0,bank,0.15978485614852456,-1.0,0.0,0.0
2026-07-14,ISP.MI,-0.006459449509839278,-1.0,bank,-0.3976038785149957,-1.0,0.0,0.0
2026-07-14,UCG.MI,-0.0192730385915079,-1.0,bank,-0.6729346213298831,-1.0,0.0,0.0
2026-07-14,BAMI.MI,-0.016393315939156418,-1.0,bank,-0.5474307600897961,-1.0,0.0,0.0
2026-07-14,BPE.MI,-0.024088069913265793,-1.0,bank,0.4457023654474827,-1.0,0.0,0.0
2026-07-14,MB.MI,-0.013980778532397526,-1.0,bank,-1.913665771560751,-1.0,0.0,0.0
2026-07-14,INGA.AS,0.001367434092729958,-1.0,bank,0.0804612861920478,-1.0,0.0,0.0
2026-07-14,ABN.AS,-0.004201227003252249,-1.0,bank,-0.12757135640344586,-1.0,0.0,0.0
2026-07-14,KBC.BR,-0.00089612785462863,-1.0,bank,0.48686960141089525,-1.0,0.0,0.0
2026-07-14,EBS.VI,-0.008572478634931513,-1.0,bank,0.2976788742054292,-1.0,0.0,0.0
2026-07-14,RBI.VI,0.029782186978413262,-1.0,bank,-0.1603862510250389,-1.0,0.0,0.0
2026-07-14,BG.VI,-0.0162504011125779,-1.0,bank,-0.23359860729761434,-1.0,0.0,0.0
2026-07-14,BIRG.IR,-0.008021610173220256,-1.0,bank,1.1461139920025163,-1.0,0.0,0.0
2026-07-14,A5G.IR,-0.0075844344854285595,-1.0,bank,1.6694774266625145,-1.0,0.0,0.0
2026-07-14,ETE.AT,-0.02470398142224396,-1.0,bank,1.1896462862934265,-1.0,0.0,0.0
2026-07-14,EUROB.AT,-0.004255904138154866,-1.0,bank,0.3949686796988067,-1.0,0.0,0.0
2026-07-14,ALPHA.AT,-0.005588253286260868,-1.0,bank,0.7963878613911145,-1.0,0.0,0.0
2026-07-14,TPEIR.AT,-0.0008742680470669329,-1.0,bank,1.3177710426531568,-1.0,0.0,0.0
2026-07-14,BCP.LS,-0.0012770740221452054,-1.0,bank,1.9115242988785415,-1.0,0.0,0.0
2026-07-14,NEXI.MI,-0.0020973916608462437,0.0,payments,,0.0,0.0,0.0
2026-07-14,WLN.PA,-0.006600673485966238,0.0,payments,,0.0,0.0,0.0
2026-07-14,ADYEN.AS,-0.0133685326241367,0.0,payments,,0.0,0.0,0.0
2026-07-14,WISE.L,-0.009133284564700422,0.0,payments,,0.0,0.0,0.0
2026-07-14,SWED-A.ST,0.0037064981779746566,0.0,control_bank,-1.1418669440853995,0.0,0.0,0.0
2026-07-14,SHB-A.ST,0.0023682738933826723,0.0,control_bank,-1.476933828719851,0.0,0.0,0.0
2026-07-14,DANSKE.CO,0.014961750973867172,0.0,control_bank,-2.034052437497537,0.0,0.0,0.0
2026-07-14,DNB.OL,-0.014835449290710621,0.0,control_bank,-0.9659534405231625,0.0,0.0,0.0
2026-07-14,LLOY.L,0.001635875189760565,0.0,control_bank,,0.0,0.0,0.0
2026-07-14,NWG.L,-0.019623892528655595,0.0,control_bank,,0.0,0.0,0.0
2026-07-14,UBSG.SW,0.030965617011520997,0.0,control_bank,,0.0,0.0,0.0
2026-07-14,MA,-0.001205566362649355,0.0,payments,,0.0,0.0,0.0
2026-07-14,V,-0.006882720123336024,0.0,payments,,0.0,0.0,0.0
2026-07-14,AXP,-0.001330693090853706,0.0,payments,,0.0,0.0,0.0
2026-07-14,PYPL,-0.006664781010090675,0.0,payments,,0.0,0.0,0.0
2026-07-14,GPN,-0.0153661025385396,0.0,payments,,0.0,0.0,0.0
2026-07-14,AAPL,-0.012036206192020907,0.0,gate,,0.0,0.0,0.0
2026-07-14,GOOGL,0.015366931955186217,0.0,gate,,0.0,0.0,0.0
2026-07-14,AMZN,-0.0035057913403331938,0.0,gate,,0.0,0.0,0.0
2026-07-14,META,0.0004608910423648223,0.0,gate,,0.0,0.0,0.0
