event_date,firm,car,group,direction,proc,dir_bank,dir_payments,dir_gate
2023-06-28,DBK.DE,0.019710251831082434,bank,-1.0,False,-1.0,0.0,0.0
2023-06-28,CBK.DE,0.016583451884390425,bank,-1.0,False,-1.0,0.0,0.0
2023-06-28,BNP.PA,0.01833171706656075,bank,-1.0,False,-1.0,0.0,0.0
2023-06-28,GLE.PA,0.01937530439916127,bank,-1.0,False,-1.0,0.0,0.0
2023-06-28,ACA.PA,0.018868158921451356,bank,-1.0,False,-1.0,0.0,0.0
2023-06-28,SAN.MC,0.04437495853023332,bank,-1.0,False,-1.0,0.0,0.0
2023-06-28,BBVA.MC,0.02485078448315331,bank,-1.0,False,-1.0,0.0,0.0
2023-06-28,CABK.MC,0.016433238627428362,bank,-1.0,False,-1.0,0.0,0.0
2023-06-28,SAB.MC,0.01959531305275248,bank,-1.0,False,-1.0,0.0,0.0
2023-06-28,BKT.MC,0.009871054306184056,bank,-1.0,False,-1.0,0.0,0.0
2023-06-28,UNI.MC,0.031632467318871135,bank,-1.0,False,-1.0,0.0,0.0
2023-06-28,ISP.MI,0.011488718506861995,bank,-1.0,False,-1.0,0.0,0.0
2023-06-28,UCG.MI,0.02504684327615388,bank,-1.0,False,-1.0,0.0,0.0
2023-06-28,BAMI.MI,0.03722378915197394,bank,-1.0,False,-1.0,0.0,0.0
2023-06-28,BPE.MI,0.02080691199282645,bank,-1.0,False,-1.0,0.0,0.0
2023-06-28,MB.MI,0.007331275843500288,bank,-1.0,False,-1.0,0.0,0.0
2023-06-28,INGA.AS,0.01864218638612393,bank,-1.0,False,-1.0,0.0,0.0
2023-06-28,ABN.AS,0.009002150153650268,bank,-1.0,False,-1.0,0.0,0.0
2023-06-28,KBC.BR,0.012924281197561976,bank,-1.0,False,-1.0,0.0,0.0
2023-06-28,EBS.VI,0.014274282076279534,bank,-1.0,False,-1.0,0.0,0.0
2023-06-28,RBI.VI,0.007281436612774667,bank,-1.0,False,-1.0,0.0,0.0
2023-06-28,BG.VI,0.008190687937326604,bank,-1.0,False,-1.0,0.0,0.0
2023-06-28,BIRG.IR,0.017737400624517518,bank,-1.0,False,-1.0,0.0,0.0
2023-06-28,A5G.IR,-0.008825966142267768,bank,-1.0,False,-1.0,0.0,0.0
2023-06-28,ETE.AT,0.0667215908608646,bank,-1.0,False,-1.0,0.0,0.0
2023-06-28,EUROB.AT,0.06076048655741677,bank,-1.0,False,-1.0,0.0,0.0
2023-06-28,TPEIR.AT,0.08748259732843142,bank,-1.0,False,-1.0,0.0,0.0
2023-06-28,BCP.LS,0.02436072990540728,bank,-1.0,False,-1.0,0.0,0.0
2023-06-28,NEXI.MI,-0.010002504280475697,payments,-1.0,False,0.0,-1.0,0.0
2023-06-28,WLN.PA,0.02641176587019134,payments,-1.0,False,0.0,-1.0,0.0
2023-06-28,ADYEN.AS,0.013024589691346058,payments,-1.0,False,0.0,-1.0,0.0
2023-06-28,WISE.L,0.08417804472183046,payments,-1.0,False,0.0,-1.0,0.0
2023-06-28,SWED-A.ST,0.008911839647047821,control_bank,0.0,False,0.0,0.0,0.0
2023-06-28,SHB-A.ST,0.008279423116262617,control_bank,0.0,False,0.0,0.0,0.0
2023-06-28,DANSKE.CO,0.02669810911239958,control_bank,0.0,False,0.0,0.0,0.0
2023-06-28,DNB.OL,0.03360642703931674,control_bank,0.0,False,0.0,0.0,0.0
2023-06-28,LLOY.L,0.00613864978448914,control_bank,0.0,False,0.0,0.0,0.0
2023-06-28,NWG.L,0.01898963367032512,control_bank,0.0,False,0.0,0.0,0.0
2023-06-28,UBSG.SW,0.01836972758547017,control_bank,0.0,False,0.0,0.0,0.0
2023-06-28,MA,0.013700376038705685,payments,-1.0,False,0.0,-1.0,0.0
2023-06-28,V,0.028309943124728027,payments,-1.0,False,0.0,-1.0,0.0
2023-06-28,AXP,0.020518268257913103,payments,-1.0,False,0.0,-1.0,0.0
2023-06-28,PYPL,-0.003224237976446776,payments,-1.0,False,0.0,-1.0,0.0
2023-06-28,GPN,0.009819710442173273,payments,-1.0,False,0.0,-1.0,0.0
2023-06-28,AAPL,0.0035837515723266492,device,0.0,False,0.0,0.0,0.0
2023-06-28,GOOGL,0.0017353643305366689,device,0.0,False,0.0,0.0,0.0
2023-06-28,AMZN,-0.013872156274358238,bigtech,0.0,False,0.0,0.0,0.0
2023-06-28,META,-0.026882860361982567,bigtech,0.0,False,0.0,0.0,0.0
2023-10-19,DBK.DE,0.0057606562268248465,bank,0.0,True,0.0,0.0,0.0
2023-10-19,CBK.DE,0.0027234446602724584,bank,0.0,True,0.0,0.0,0.0
2023-10-19,BNP.PA,-0.006448688321456321,bank,0.0,True,0.0,0.0,0.0
2023-10-19,GLE.PA,-0.0008130659737020512,bank,0.0,True,0.0,0.0,0.0
2023-10-19,ACA.PA,-0.00043889568514523646,bank,0.0,True,0.0,0.0,0.0
2023-10-19,SAN.MC,0.01576907858397955,bank,0.0,True,0.0,0.0,0.0
2023-10-19,BBVA.MC,0.00998216403267139,bank,0.0,True,0.0,0.0,0.0
2023-10-19,CABK.MC,0.03435397387663486,bank,0.0,True,0.0,0.0,0.0
2023-10-19,SAB.MC,0.02664828149842464,bank,0.0,True,0.0,0.0,0.0
2023-10-19,BKT.MC,0.06650913374074972,bank,0.0,True,0.0,0.0,0.0
2023-10-19,UNI.MC,0.03580932728226479,bank,0.0,True,0.0,0.0,0.0
2023-10-19,ISP.MI,0.004404829014096001,bank,0.0,True,0.0,0.0,0.0
2023-10-19,UCG.MI,0.0018375360308944856,bank,0.0,True,0.0,0.0,0.0
2023-10-19,BAMI.MI,-0.019420930177339236,bank,0.0,True,0.0,0.0,0.0
2023-10-19,BPE.MI,-0.021877849663587697,bank,0.0,True,0.0,0.0,0.0
2023-10-19,MB.MI,-0.01024781236945741,bank,0.0,True,0.0,0.0,0.0
2023-10-19,INGA.AS,-0.00510753735446663,bank,0.0,True,0.0,0.0,0.0
2023-10-19,ABN.AS,-0.01638729539029745,bank,0.0,True,0.0,0.0,0.0
2023-10-19,KBC.BR,-0.0013873340625598345,bank,0.0,True,0.0,0.0,0.0
2023-10-19,EBS.VI,0.00293778061008791,bank,0.0,True,0.0,0.0,0.0
2023-10-19,RBI.VI,0.00857604956903362,bank,0.0,True,0.0,0.0,0.0
2023-10-19,BG.VI,-0.03699946603660659,bank,0.0,True,0.0,0.0,0.0
2023-10-19,BIRG.IR,0.0005510722958242745,bank,0.0,True,0.0,0.0,0.0
2023-10-19,A5G.IR,-0.006163835137031559,bank,0.0,True,0.0,0.0,0.0
2023-10-19,ETE.AT,0.026178655761649912,bank,0.0,True,0.0,0.0,0.0
2023-10-19,EUROB.AT,0.039686820423206634,bank,0.0,True,0.0,0.0,0.0
2023-10-19,TPEIR.AT,0.007560869962000666,bank,0.0,True,0.0,0.0,0.0
2023-10-19,BCP.LS,-0.0015020000903116495,bank,0.0,True,0.0,0.0,0.0
2023-10-19,NEXI.MI,0.039190951391769695,payments,0.0,True,0.0,0.0,0.0
2023-10-19,WLN.PA,0.03148247922441616,payments,0.0,True,0.0,0.0,0.0
2023-10-19,ADYEN.AS,-0.00773779478223534,payments,0.0,True,0.0,0.0,0.0
2023-10-19,WISE.L,-0.022926122716015532,payments,0.0,True,0.0,0.0,0.0
2023-10-19,SWED-A.ST,-0.006917577909204197,control_bank,0.0,True,0.0,0.0,0.0
2023-10-19,SHB-A.ST,-0.029798930390001258,control_bank,0.0,True,0.0,0.0,0.0
2023-10-19,DANSKE.CO,0.00023936593757446865,control_bank,0.0,True,0.0,0.0,0.0
2023-10-19,DNB.OL,-0.07002278168355218,control_bank,0.0,True,0.0,0.0,0.0
2023-10-19,LLOY.L,-0.004968595635878882,control_bank,0.0,True,0.0,0.0,0.0
2023-10-19,NWG.L,-0.012633286254510045,control_bank,0.0,True,0.0,0.0,0.0
2023-10-19,UBSG.SW,-0.022261709049976618,control_bank,0.0,True,0.0,0.0,0.0
2023-10-19,MA,-0.00754479101828912,payments,0.0,True,0.0,0.0,0.0
2023-10-19,V,-0.002157780586186526,payments,0.0,True,0.0,0.0,0.0
2023-10-19,AXP,-0.03854579876936714,payments,0.0,True,0.0,0.0,0.0
2023-10-19,PYPL,-0.011743040630141862,payments,0.0,True,0.0,0.0,0.0
2023-10-19,GPN,-0.004426578998837288,payments,0.0,True,0.0,0.0,0.0
2023-10-19,AAPL,0.008857858472969382,device,0.0,True,0.0,0.0,0.0
2023-10-19,GOOGL,0.005567590164441121,device,0.0,True,0.0,0.0,0.0
2023-10-19,AMZN,0.006537876050109127,bigtech,0.0,True,0.0,0.0,0.0
2023-10-19,META,0.001836402792551952,bigtech,0.0,True,0.0,0.0,0.0
2023-10-31,DBK.DE,-0.004310165115662716,bank,-1.0,False,-1.0,0.0,0.0
2023-10-31,CBK.DE,0.007308171247462713,bank,-1.0,False,-1.0,0.0,0.0
2023-10-31,BNP.PA,0.0032966885536949986,bank,-1.0,False,-1.0,0.0,0.0
2023-10-31,GLE.PA,0.008098918682375396,bank,-1.0,False,-1.0,0.0,0.0
2023-10-31,ACA.PA,0.011361100060891319,bank,-1.0,False,-1.0,0.0,0.0
2023-10-31,SAN.MC,-0.006385349173581597,bank,-1.0,False,-1.0,0.0,0.0
2023-10-31,BBVA.MC,0.0016010518688875063,bank,-1.0,False,-1.0,0.0,0.0
2023-10-31,CABK.MC,-0.023837494416528326,bank,-1.0,False,-1.0,0.0,0.0
2023-10-31,SAB.MC,-0.01443045702794271,bank,-1.0,False,-1.0,0.0,0.0
2023-10-31,BKT.MC,-0.010926331167899034,bank,-1.0,False,-1.0,0.0,0.0
2023-10-31,UNI.MC,0.0008820694749126874,bank,-1.0,False,-1.0,0.0,0.0
2023-10-31,ISP.MI,0.030289805079249058,bank,-1.0,False,-1.0,0.0,0.0
2023-10-31,UCG.MI,0.0073426660938041965,bank,-1.0,False,-1.0,0.0,0.0
2023-10-31,BAMI.MI,0.02595444578103444,bank,-1.0,False,-1.0,0.0,0.0
2023-10-31,BPE.MI,0.05119639308499873,bank,-1.0,False,-1.0,0.0,0.0
2023-10-31,MB.MI,0.015761332429995292,bank,-1.0,False,-1.0,0.0,0.0
2023-10-31,INGA.AS,-0.006296020421775735,bank,-1.0,False,-1.0,0.0,0.0
2023-10-31,ABN.AS,-0.012985508676109576,bank,-1.0,False,-1.0,0.0,0.0
2023-10-31,KBC.BR,-0.008028967015708745,bank,-1.0,False,-1.0,0.0,0.0
2023-10-31,EBS.VI,-0.011811191207758866,bank,-1.0,False,-1.0,0.0,0.0
2023-10-31,RBI.VI,0.0005251595454849388,bank,-1.0,False,-1.0,0.0,0.0
2023-10-31,BG.VI,0.008972693752106428,bank,-1.0,False,-1.0,0.0,0.0
2023-10-31,BIRG.IR,-0.020691264203561897,bank,-1.0,False,-1.0,0.0,0.0
2023-10-31,A5G.IR,0.0033678401856934224,bank,-1.0,False,-1.0,0.0,0.0
2023-10-31,ETE.AT,-0.01759666176661818,bank,-1.0,False,-1.0,0.0,0.0
2023-10-31,EUROB.AT,-0.03454029272175165,bank,-1.0,False,-1.0,0.0,0.0
2023-10-31,TPEIR.AT,-0.01316533536704054,bank,-1.0,False,-1.0,0.0,0.0
2023-10-31,BCP.LS,0.0268891460236637,bank,-1.0,False,-1.0,0.0,0.0
2023-10-31,NEXI.MI,0.04610318169936921,payments,0.0,False,0.0,0.0,0.0
2023-10-31,WLN.PA,0.0638497218769092,payments,0.0,False,0.0,0.0,0.0
2023-10-31,ADYEN.AS,0.01839649474913923,payments,0.0,False,0.0,0.0,0.0
2023-10-31,WISE.L,0.008305284906482706,payments,0.0,False,0.0,0.0,0.0
2023-10-31,SWED-A.ST,0.006551741331964095,control_bank,0.0,False,0.0,0.0,0.0
2023-10-31,SHB-A.ST,-0.00337836913250842,control_bank,0.0,False,0.0,0.0,0.0
2023-10-31,DANSKE.CO,0.009330510720871594,control_bank,0.0,False,0.0,0.0,0.0
2023-10-31,DNB.OL,-0.013292909049101524,control_bank,0.0,False,0.0,0.0,0.0
2023-10-31,LLOY.L,-0.005055617921776235,control_bank,0.0,False,0.0,0.0,0.0
2023-10-31,NWG.L,-0.01848338705819093,control_bank,0.0,False,0.0,0.0,0.0
2023-10-31,UBSG.SW,0.016393744780496905,control_bank,0.0,False,0.0,0.0,0.0
2023-10-31,MA,0.004377608045747361,payments,0.0,False,0.0,0.0,0.0
2023-10-31,V,0.01271737594043226,payments,0.0,False,0.0,0.0,0.0
2023-10-31,AXP,0.0035237489701170303,payments,0.0,False,0.0,0.0,0.0
2023-10-31,PYPL,-0.0009350812263171741,payments,0.0,False,0.0,0.0,0.0
2023-10-31,GPN,0.0318460061599995,payments,0.0,False,0.0,0.0,0.0
2023-10-31,AAPL,0.001505603083784425,device,0.0,False,0.0,0.0,0.0
2023-10-31,GOOGL,-0.0028369968605667616,device,0.0,False,0.0,0.0,0.0
2023-10-31,AMZN,0.010788788781590824,bigtech,0.0,False,0.0,0.0,0.0
2023-10-31,META,0.004284806845731036,bigtech,0.0,False,0.0,0.0,0.0
2024-02-09,DBK.DE,0.014510574909841875,bank,0.0,False,0.0,0.0,0.0
2024-02-09,CBK.DE,0.020287922219600275,bank,0.0,False,0.0,0.0,0.0
2024-02-09,BNP.PA,-0.014198203626300258,bank,0.0,False,0.0,0.0,0.0
2024-02-09,GLE.PA,-0.025021386387033627,bank,0.0,False,0.0,0.0,0.0
2024-02-09,ACA.PA,-0.013378461682262777,bank,0.0,False,0.0,0.0,0.0
2024-02-09,SAN.MC,0.006133901541332591,bank,0.0,False,0.0,0.0,0.0
2024-02-09,BBVA.MC,0.0060280486375262066,bank,0.0,False,0.0,0.0,0.0
2024-02-09,CABK.MC,-0.014569699244499664,bank,0.0,False,0.0,0.0,0.0
2024-02-09,SAB.MC,0.01956269177600716,bank,0.0,False,0.0,0.0,0.0
2024-02-09,BKT.MC,0.03068567236904829,bank,0.0,False,0.0,0.0,0.0
2024-02-09,UNI.MC,0.017609585401147654,bank,0.0,False,0.0,0.0,0.0
2024-02-09,ISP.MI,-0.002123489131039458,bank,0.0,False,0.0,0.0,0.0
2024-02-09,UCG.MI,0.01685176808589163,bank,0.0,False,0.0,0.0,0.0
2024-02-09,BAMI.MI,0.03595828462007977,bank,0.0,False,0.0,0.0,0.0
2024-02-09,BPE.MI,0.00034556486278969865,bank,0.0,False,0.0,0.0,0.0
2024-02-09,MB.MI,-0.030790058139551327,bank,0.0,False,0.0,0.0,0.0
2024-02-09,INGA.AS,0.022617859916238506,bank,0.0,False,0.0,0.0,0.0
2024-02-09,ABN.AS,0.023282203746935872,bank,0.0,False,0.0,0.0,0.0
2024-02-09,KBC.BR,0.04068153650096166,bank,0.0,False,0.0,0.0,0.0
2024-02-09,EBS.VI,0.017282862942730223,bank,0.0,False,0.0,0.0,0.0
2024-02-09,RBI.VI,0.015002379240024165,bank,0.0,False,0.0,0.0,0.0
2024-02-09,BG.VI,0.017324681852010942,bank,0.0,False,0.0,0.0,0.0
2024-02-09,BIRG.IR,0.02091383365797529,bank,0.0,False,0.0,0.0,0.0
2024-02-09,A5G.IR,0.004549653121118014,bank,0.0,False,0.0,0.0,0.0
2024-02-09,ETE.AT,-0.020217110811824646,bank,0.0,False,0.0,0.0,0.0
2024-02-09,EUROB.AT,-0.018945507317959343,bank,0.0,False,0.0,0.0,0.0
2024-02-09,TPEIR.AT,-0.011359838635772602,bank,0.0,False,0.0,0.0,0.0
2024-02-09,BCP.LS,0.011304880101568352,bank,0.0,False,0.0,0.0,0.0
2024-02-09,NEXI.MI,0.012830483620332546,payments,0.0,False,0.0,0.0,0.0
2024-02-09,WLN.PA,0.033286755552645035,payments,0.0,False,0.0,0.0,0.0
2024-02-09,ADYEN.AS,0.04848735888707502,payments,0.0,False,0.0,0.0,0.0
2024-02-09,WISE.L,0.007885527483812995,payments,0.0,False,0.0,0.0,0.0
2024-02-09,SWED-A.ST,0.013387198464121041,control_bank,0.0,False,0.0,0.0,0.0
2024-02-09,SHB-A.ST,0.006178396398587216,control_bank,0.0,False,0.0,0.0,0.0
2024-02-09,DANSKE.CO,0.014462904720164343,control_bank,0.0,False,0.0,0.0,0.0
2024-02-09,DNB.OL,-0.002329233708345666,control_bank,0.0,False,0.0,0.0,0.0
2024-02-09,LLOY.L,-0.008241690176145969,control_bank,0.0,False,0.0,0.0,0.0
2024-02-09,NWG.L,-0.043039556903733026,control_bank,0.0,False,0.0,0.0,0.0
2024-02-09,UBSG.SW,0.011096274354185472,control_bank,0.0,False,0.0,0.0,0.0
2024-02-09,MA,-0.0010416595276057064,payments,0.0,False,0.0,0.0,0.0
2024-02-09,V,-0.004961196767570383,payments,0.0,False,0.0,0.0,0.0
2024-02-09,AXP,0.001773662893036761,payments,0.0,False,0.0,0.0,0.0
2024-02-09,PYPL,0.06975923910009812,payments,0.0,False,0.0,0.0,0.0
2024-02-09,GPN,0.006056690911689179,payments,0.0,False,0.0,0.0,0.0
2024-02-09,AAPL,-0.010276796253113465,device,0.0,False,0.0,0.0,0.0
2024-02-09,GOOGL,0.005563671071586847,device,0.0,False,0.0,0.0,0.0
2024-02-09,AMZN,0.00980622133512635,bigtech,0.0,False,0.0,0.0,0.0
2024-02-09,META,-0.010755548069332016,bigtech,0.0,False,0.0,0.0,0.0
2024-02-20,DBK.DE,-0.008736031587237524,bank,0.0,False,0.0,0.0,0.0
2024-02-20,CBK.DE,-0.03036695564609656,bank,0.0,False,0.0,0.0,0.0
2024-02-20,BNP.PA,0.009147025713017752,bank,0.0,False,0.0,0.0,0.0
2024-02-20,GLE.PA,0.0012405689550785068,bank,0.0,False,0.0,0.0,0.0
2024-02-20,ACA.PA,0.002858389875398341,bank,0.0,False,0.0,0.0,0.0
2024-02-20,SAN.MC,0.009591774874075705,bank,0.0,False,0.0,0.0,0.0
2024-02-20,BBVA.MC,0.019424904565021474,bank,0.0,False,0.0,0.0,0.0
2024-02-20,CABK.MC,-6.0946399901569415e-05,bank,0.0,False,0.0,0.0,0.0
2024-02-20,SAB.MC,-0.023559746278902855,bank,0.0,False,0.0,0.0,0.0
2024-02-20,BKT.MC,0.0038597597392753015,bank,0.0,False,0.0,0.0,0.0
2024-02-20,UNI.MC,-0.008215840418771155,bank,0.0,False,0.0,0.0,0.0
2024-02-20,ISP.MI,0.0058127750487620535,bank,0.0,False,0.0,0.0,0.0
2024-02-20,UCG.MI,0.008904650153040494,bank,0.0,False,0.0,0.0,0.0
2024-02-20,BAMI.MI,0.002050774143603653,bank,0.0,False,0.0,0.0,0.0
2024-02-20,BPE.MI,-0.0009609630596389071,bank,0.0,False,0.0,0.0,0.0
2024-02-20,MB.MI,0.034981249276135294,bank,0.0,False,0.0,0.0,0.0
2024-02-20,INGA.AS,0.005051269323371575,bank,0.0,False,0.0,0.0,0.0
2024-02-20,ABN.AS,-0.03340118855546139,bank,0.0,False,0.0,0.0,0.0
2024-02-20,KBC.BR,-0.010694667923156678,bank,0.0,False,0.0,0.0,0.0
2024-02-20,EBS.VI,-0.003833049189263733,bank,0.0,False,0.0,0.0,0.0
2024-02-20,RBI.VI,-0.0008773745066038754,bank,0.0,False,0.0,0.0,0.0
2024-02-20,BG.VI,-0.010486171235881612,bank,0.0,False,0.0,0.0,0.0
2024-02-20,BIRG.IR,-0.017457520330624324,bank,0.0,False,0.0,0.0,0.0
2024-02-20,A5G.IR,-0.008689719046745936,bank,0.0,False,0.0,0.0,0.0
2024-02-20,ETE.AT,-0.005601842957596267,bank,0.0,False,0.0,0.0,0.0
2024-02-20,EUROB.AT,-0.017889725206640127,bank,0.0,False,0.0,0.0,0.0
2024-02-20,TPEIR.AT,-0.007846228623804618,bank,0.0,False,0.0,0.0,0.0
2024-02-20,BCP.LS,0.007908810992609535,bank,0.0,False,0.0,0.0,0.0
2024-02-20,NEXI.MI,-0.011304606790656696,payments,0.0,False,0.0,0.0,0.0
2024-02-20,WLN.PA,0.0011585490716246975,payments,0.0,False,0.0,0.0,0.0
2024-02-20,ADYEN.AS,-0.019959900440495355,payments,0.0,False,0.0,0.0,0.0
2024-02-20,WISE.L,-0.0008950098895872871,payments,0.0,False,0.0,0.0,0.0
2024-02-20,SWED-A.ST,-0.008211953081137707,control_bank,0.0,False,0.0,0.0,0.0
2024-02-20,SHB-A.ST,-0.00491283646371819,control_bank,0.0,False,0.0,0.0,0.0
2024-02-20,DANSKE.CO,-0.014002467552143107,control_bank,0.0,False,0.0,0.0,0.0
2024-02-20,DNB.OL,-0.013887245034269496,control_bank,0.0,False,0.0,0.0,0.0
2024-02-20,LLOY.L,0.0008669692476597352,control_bank,0.0,False,0.0,0.0,0.0
2024-02-20,NWG.L,0.006101754669632399,control_bank,0.0,False,0.0,0.0,0.0
2024-02-20,UBSG.SW,-0.0048981129530702,control_bank,0.0,False,0.0,0.0,0.0
2024-02-21,DBK.DE,0.009428022436195602,bank,0.0,False,0.0,0.0,0.0
2024-02-21,CBK.DE,-0.008751096855740709,bank,0.0,False,0.0,0.0,0.0
2024-02-21,BNP.PA,-0.0026705556319101672,bank,0.0,False,0.0,0.0,0.0
2024-02-21,GLE.PA,-0.003138224310768967,bank,0.0,False,0.0,0.0,0.0
2024-02-21,ACA.PA,0.0020387884321854963,bank,0.0,False,0.0,0.0,0.0
2024-02-21,SAN.MC,-0.0068287313488605466,bank,0.0,False,0.0,0.0,0.0
2024-02-21,BBVA.MC,0.010500631660302512,bank,0.0,False,0.0,0.0,0.0
2024-02-21,CABK.MC,-0.01853711007666549,bank,0.0,False,0.0,0.0,0.0
2024-02-21,SAB.MC,-0.0004945446947719201,bank,0.0,False,0.0,0.0,0.0
2024-02-21,BKT.MC,0.0013914414797566573,bank,0.0,False,0.0,0.0,0.0
2024-02-21,UNI.MC,0.0008975194945363453,bank,0.0,False,0.0,0.0,0.0
2024-02-21,ISP.MI,0.0026145908867985825,bank,0.0,False,0.0,0.0,0.0
2024-02-21,UCG.MI,-0.00025018381050387513,bank,0.0,False,0.0,0.0,0.0
2024-02-21,BAMI.MI,0.036153838610432275,bank,0.0,False,0.0,0.0,0.0
2024-02-21,BPE.MI,0.03328606781266728,bank,0.0,False,0.0,0.0,0.0
2024-02-21,MB.MI,0.02090417010905436,bank,0.0,False,0.0,0.0,0.0
2024-02-21,INGA.AS,-0.013862092172866406,bank,0.0,False,0.0,0.0,0.0
2024-02-21,ABN.AS,-0.00591187261410566,bank,0.0,False,0.0,0.0,0.0
2024-02-21,KBC.BR,0.009024933559423434,bank,0.0,False,0.0,0.0,0.0
2024-02-21,EBS.VI,0.0020851966050227794,bank,0.0,False,0.0,0.0,0.0
2024-02-21,RBI.VI,0.01783554278203761,bank,0.0,False,0.0,0.0,0.0
2024-02-21,BG.VI,-0.015965046331491758,bank,0.0,False,0.0,0.0,0.0
2024-02-21,BIRG.IR,0.03407096541412656,bank,0.0,False,0.0,0.0,0.0
2024-02-21,A5G.IR,0.021663517997805477,bank,0.0,False,0.0,0.0,0.0
2024-02-21,ETE.AT,-0.008374751906955002,bank,0.0,False,0.0,0.0,0.0
2024-02-21,EUROB.AT,-0.020493569262719148,bank,0.0,False,0.0,0.0,0.0
2024-02-21,TPEIR.AT,-0.016403285075134545,bank,0.0,False,0.0,0.0,0.0
2024-02-21,BCP.LS,-0.001778137949492639,bank,0.0,False,0.0,0.0,0.0
2024-02-21,NEXI.MI,-0.018251985485177286,payments,0.0,False,0.0,0.0,0.0
2024-02-21,WLN.PA,0.010725744415938421,payments,0.0,False,0.0,0.0,0.0
2024-02-21,ADYEN.AS,-0.015982570001652895,payments,0.0,False,0.0,0.0,0.0
2024-02-21,WISE.L,0.010017978801576205,payments,0.0,False,0.0,0.0,0.0
2024-02-21,SWED-A.ST,0.011717792796500915,control_bank,0.0,False,0.0,0.0,0.0
2024-02-21,SHB-A.ST,-0.02777803582686176,control_bank,0.0,False,0.0,0.0,0.0
2024-02-21,DANSKE.CO,-0.016785151636587246,control_bank,0.0,False,0.0,0.0,0.0
2024-02-21,DNB.OL,-0.0223295912430565,control_bank,0.0,False,0.0,0.0,0.0
2024-02-21,LLOY.L,0.03764940639696249,control_bank,0.0,False,0.0,0.0,0.0
2024-02-21,NWG.L,-0.016877959553940204,control_bank,0.0,False,0.0,0.0,0.0
2024-02-21,UBSG.SW,-0.0007741230591842198,control_bank,0.0,False,0.0,0.0,0.0
2024-02-21,MA,0.02943153349720021,payments,0.0,False,0.0,0.0,0.0
2024-02-21,V,0.01660512695217234,payments,0.0,False,0.0,0.0,0.0
2024-02-21,AXP,-0.01800735503566278,payments,0.0,False,0.0,0.0,0.0
2024-02-21,PYPL,-0.02384654586934147,payments,0.0,False,0.0,0.0,0.0
2024-02-21,GPN,-0.011238850087564492,payments,0.0,False,0.0,0.0,0.0
2024-02-21,AAPL,-0.010829435680541386,device,0.0,False,0.0,0.0,0.0
2024-02-21,GOOGL,-0.0036072393821642307,device,0.0,False,0.0,0.0,0.0
2024-02-21,AMZN,0.01584911471117022,bigtech,0.0,False,0.0,0.0,0.0
2024-02-21,META,-0.0020076372338006764,bigtech,0.0,False,0.0,0.0,0.0
2024-11-13,DBK.DE,0.005842655452964479,bank,0.0,True,0.0,0.0,0.0
2024-11-13,CBK.DE,-0.004317250078789742,bank,0.0,True,0.0,0.0,0.0
2024-11-13,BNP.PA,-0.0037671120416663244,bank,0.0,True,0.0,0.0,0.0
2024-11-13,GLE.PA,-0.012959418109666514,bank,0.0,True,0.0,0.0,0.0
2024-11-13,ACA.PA,-0.004041438156415988,bank,0.0,True,0.0,0.0,0.0
2024-11-13,SAN.MC,0.017258580487649576,bank,0.0,True,0.0,0.0,0.0
2024-11-13,BBVA.MC,0.0175319522906186,bank,0.0,True,0.0,0.0,0.0
2024-11-13,CABK.MC,0.0037163187131941406,bank,0.0,True,0.0,0.0,0.0
2024-11-13,SAB.MC,0.027809536664932338,bank,0.0,True,0.0,0.0,0.0
2024-11-13,BKT.MC,0.007527707181132909,bank,0.0,True,0.0,0.0,0.0
2024-11-13,UNI.MC,0.024086010388065383,bank,0.0,True,0.0,0.0,0.0
2024-11-13,ISP.MI,0.022233818728993302,bank,0.0,True,0.0,0.0,0.0
2024-11-13,UCG.MI,0.03792674135907326,bank,0.0,True,0.0,0.0,0.0
2024-11-13,BAMI.MI,0.023673063152929108,bank,0.0,True,0.0,0.0,0.0
2024-11-13,BPE.MI,0.0267576119959183,bank,0.0,True,0.0,0.0,0.0
2024-11-13,MB.MI,0.0026003085972368008,bank,0.0,True,0.0,0.0,0.0
2024-11-13,INGA.AS,-0.002151334783519398,bank,0.0,True,0.0,0.0,0.0
2024-11-13,ABN.AS,-0.022835021038073854,bank,0.0,True,0.0,0.0,0.0
2024-11-13,KBC.BR,0.02812468623959863,bank,0.0,True,0.0,0.0,0.0
2024-11-13,EBS.VI,0.006396158333598929,bank,0.0,True,0.0,0.0,0.0
2024-11-13,RBI.VI,-0.0197760407652025,bank,0.0,True,0.0,0.0,0.0
2024-11-13,BG.VI,-0.007762945371647237,bank,0.0,True,0.0,0.0,0.0
2024-11-13,BIRG.IR,0.0019477504145310343,bank,0.0,True,0.0,0.0,0.0
2024-11-13,A5G.IR,0.005970080107675305,bank,0.0,True,0.0,0.0,0.0
2024-11-13,ETE.AT,-0.0531046094882121,bank,0.0,True,0.0,0.0,0.0
2024-11-13,EUROB.AT,-0.03074301965205385,bank,0.0,True,0.0,0.0,0.0
2024-11-13,TPEIR.AT,-0.04026496602519328,bank,0.0,True,0.0,0.0,0.0
2024-11-13,BCP.LS,-0.003967582687885266,bank,0.0,True,0.0,0.0,0.0
2024-11-13,NEXI.MI,-0.007462057084514931,payments,0.0,True,0.0,0.0,0.0
2024-11-13,WLN.PA,0.04053259604651936,payments,0.0,True,0.0,0.0,0.0
2024-11-13,ADYEN.AS,0.013389151345407413,payments,0.0,True,0.0,0.0,0.0
2024-11-13,WISE.L,0.004041750257693931,payments,0.0,True,0.0,0.0,0.0
2024-11-13,SWED-A.ST,0.006292612904505529,control_bank,0.0,True,0.0,0.0,0.0
2024-11-13,SHB-A.ST,0.000325344492006642,control_bank,0.0,True,0.0,0.0,0.0
2024-11-13,DANSKE.CO,0.019815861766498244,control_bank,0.0,True,0.0,0.0,0.0
2024-11-13,DNB.OL,-0.0031904060540420996,control_bank,0.0,True,0.0,0.0,0.0
2024-11-13,LLOY.L,0.01795253198531859,control_bank,0.0,True,0.0,0.0,0.0
2024-11-13,NWG.L,0.004203638099141199,control_bank,0.0,True,0.0,0.0,0.0
2024-11-13,UBSG.SW,-0.000702980054693365,control_bank,0.0,True,0.0,0.0,0.0
2024-11-13,MA,-0.011739860247662194,payments,0.0,True,0.0,0.0,0.0
2024-11-13,V,-0.0003662525072049268,payments,0.0,True,0.0,0.0,0.0
2024-11-13,AXP,0.009424525244633757,payments,0.0,True,0.0,0.0,0.0
2024-11-13,PYPL,0.007100287462000745,payments,0.0,True,0.0,0.0,0.0
2024-11-13,GPN,0.009825799268276855,payments,0.0,True,0.0,0.0,0.0
2024-11-13,AAPL,0.025053577951758655,device,0.0,True,0.0,0.0,0.0
2024-11-13,GOOGL,-0.027731246977422276,device,0.0,True,0.0,0.0,0.0
2024-11-13,AMZN,0.021612404270692248,bigtech,0.0,True,0.0,0.0,0.0
2024-11-13,META,-0.0065341738676529485,bigtech,0.0,True,0.0,0.0,0.0
2024-12-16,DBK.DE,0.006090167327846814,bank,0.0,False,0.0,0.0,0.0
2024-12-16,CBK.DE,0.031336689508856534,bank,0.0,False,0.0,0.0,0.0
2024-12-16,BNP.PA,1.3658355283146812e-05,bank,0.0,False,0.0,0.0,0.0
2024-12-16,GLE.PA,0.001659731546633925,bank,0.0,False,0.0,0.0,0.0
2024-12-16,ACA.PA,0.002111798411007967,bank,0.0,False,0.0,0.0,0.0
2024-12-16,SAN.MC,-0.03259953480772269,bank,0.0,False,0.0,0.0,0.0
2024-12-16,BBVA.MC,0.00016519757835897764,bank,0.0,False,0.0,0.0,0.0
2024-12-16,CABK.MC,-0.004804435908806739,bank,0.0,False,0.0,0.0,0.0
2024-12-16,SAB.MC,-0.0024353409055415144,bank,0.0,False,0.0,0.0,0.0
2024-12-16,BKT.MC,-0.005753054725049727,bank,0.0,False,0.0,0.0,0.0
2024-12-16,UNI.MC,0.0002836609857229562,bank,0.0,False,0.0,0.0,0.0
2024-12-16,ISP.MI,-0.0015758366654024993,bank,0.0,False,0.0,0.0,0.0
2024-12-16,UCG.MI,-0.00013529820904351845,bank,0.0,False,0.0,0.0,0.0
2024-12-16,BAMI.MI,0.028532590961234457,bank,0.0,False,0.0,0.0,0.0
2024-12-16,BPE.MI,0.0010521773034873824,bank,0.0,False,0.0,0.0,0.0
2024-12-16,MB.MI,0.00859240426882533,bank,0.0,False,0.0,0.0,0.0
2024-12-16,INGA.AS,0.006394775458436817,bank,0.0,False,0.0,0.0,0.0
2024-12-16,ABN.AS,0.0007829665584890904,bank,0.0,False,0.0,0.0,0.0
2024-12-16,KBC.BR,0.012709617529853369,bank,0.0,False,0.0,0.0,0.0
2024-12-16,EBS.VI,0.006968556690915867,bank,0.0,False,0.0,0.0,0.0
2024-12-16,RBI.VI,-0.009817357818389778,bank,0.0,False,0.0,0.0,0.0
2024-12-16,BG.VI,-0.002912569302129505,bank,0.0,False,0.0,0.0,0.0
2024-12-16,BIRG.IR,-0.0008172049307919715,bank,0.0,False,0.0,0.0,0.0
2024-12-16,A5G.IR,-0.007492363268555867,bank,0.0,False,0.0,0.0,0.0
2024-12-16,ETE.AT,-0.020841807664885772,bank,0.0,False,0.0,0.0,0.0
2024-12-16,EUROB.AT,0.005930717280338736,bank,0.0,False,0.0,0.0,0.0
2024-12-16,TPEIR.AT,-0.007347283491705969,bank,0.0,False,0.0,0.0,0.0
2024-12-16,BCP.LS,0.013850397770145746,bank,0.0,False,0.0,0.0,0.0
2024-12-16,NEXI.MI,-0.012491579544354339,payments,0.0,False,0.0,0.0,0.0
2024-12-16,WLN.PA,0.09771076829798205,payments,0.0,False,0.0,0.0,0.0
2024-12-16,ADYEN.AS,0.011079919695742166,payments,0.0,False,0.0,0.0,0.0
2024-12-16,WISE.L,0.060384918256876696,payments,0.0,False,0.0,0.0,0.0
2024-12-16,SWED-A.ST,-0.00207017048117656,control_bank,0.0,False,0.0,0.0,0.0
2024-12-16,SHB-A.ST,0.00036706787410107646,control_bank,0.0,False,0.0,0.0,0.0
2024-12-16,DANSKE.CO,0.008077252517385237,control_bank,0.0,False,0.0,0.0,0.0
2024-12-16,DNB.OL,0.005667636443420735,control_bank,0.0,False,0.0,0.0,0.0
2024-12-16,LLOY.L,-0.009626876106393296,control_bank,0.0,False,0.0,0.0,0.0
2024-12-16,NWG.L,-0.00012284087629206575,control_bank,0.0,False,0.0,0.0,0.0
2024-12-16,UBSG.SW,-0.0019311345096422942,control_bank,0.0,False,0.0,0.0,0.0
2024-12-16,MA,0.004970190826839636,payments,0.0,False,0.0,0.0,0.0
2024-12-16,V,0.012155607296091974,payments,0.0,False,0.0,0.0,0.0
2024-12-16,AXP,0.0002664759314899693,payments,0.0,False,0.0,0.0,0.0
2024-12-16,PYPL,0.005591850624800358,payments,0.0,False,0.0,0.0,0.0
2024-12-16,GPN,0.008224469737229326,payments,0.0,False,0.0,0.0,0.0
2024-12-16,AAPL,0.02183979797936824,device,0.0,False,0.0,0.0,0.0
2024-12-16,GOOGL,0.028890252571227855,device,0.0,False,0.0,0.0,0.0
2024-12-16,AMZN,0.01777977920303061,bigtech,0.0,False,0.0,0.0,0.0
2024-12-16,META,-0.0021816836942092762,bigtech,0.0,False,0.0,0.0,0.0
2025-07-03,DBK.DE,0.001990945665192728,bank,0.0,True,0.0,0.0,0.0
2025-07-03,CBK.DE,0.02729120807391767,bank,0.0,True,0.0,0.0,0.0
2025-07-03,BNP.PA,-0.018097399233698522,bank,0.0,True,0.0,0.0,0.0
2025-07-03,GLE.PA,0.008501682509811124,bank,0.0,True,0.0,0.0,0.0
2025-07-03,ACA.PA,-0.018179406178162383,bank,0.0,True,0.0,0.0,0.0
2025-07-03,SAN.MC,0.00859970614348031,bank,0.0,True,0.0,0.0,0.0
2025-07-03,BBVA.MC,-0.003267173900257176,bank,0.0,True,0.0,0.0,0.0
2025-07-03,CABK.MC,0.021812266372378403,bank,0.0,True,0.0,0.0,0.0
2025-07-03,SAB.MC,0.017032386922454887,bank,0.0,True,0.0,0.0,0.0
2025-07-03,BKT.MC,0.00812121810216893,bank,0.0,True,0.0,0.0,0.0
2025-07-03,UNI.MC,0.01673434465035637,bank,0.0,True,0.0,0.0,0.0
2025-07-03,ISP.MI,0.004669682097739429,bank,0.0,True,0.0,0.0,0.0
2025-07-03,UCG.MI,0.0018456460120425998,bank,0.0,True,0.0,0.0,0.0
2025-07-03,BAMI.MI,0.0056408028311041,bank,0.0,True,0.0,0.0,0.0
2025-07-03,BPE.MI,-0.00034030247854350756,bank,0.0,True,0.0,0.0,0.0
2025-07-03,MB.MI,0.008026500641600251,bank,0.0,True,0.0,0.0,0.0
2025-07-03,INGA.AS,0.01109614029570902,bank,0.0,True,0.0,0.0,0.0
2025-07-03,ABN.AS,0.03107454189556519,bank,0.0,True,0.0,0.0,0.0
2025-07-03,KBC.BR,0.0033935820419112497,bank,0.0,True,0.0,0.0,0.0
2025-07-03,EBS.VI,0.0004092402931510314,bank,0.0,True,0.0,0.0,0.0
2025-07-03,RBI.VI,-0.01020555774078196,bank,0.0,True,0.0,0.0,0.0
2025-07-03,BG.VI,0.0047333631031650225,bank,0.0,True,0.0,0.0,0.0
2025-07-03,BIRG.IR,0.023522566788193748,bank,0.0,True,0.0,0.0,0.0
2025-07-03,A5G.IR,0.018038968570942657,bank,0.0,True,0.0,0.0,0.0
2025-07-03,ETE.AT,0.0006994863304431616,bank,0.0,True,0.0,0.0,0.0
2025-07-03,EUROB.AT,0.024160076563652225,bank,0.0,True,0.0,0.0,0.0
2025-07-03,ALPHA.AT,0.018078089250253962,bank,0.0,True,0.0,0.0,0.0
2025-07-03,TPEIR.AT,0.027934368882644244,bank,0.0,True,0.0,0.0,0.0
2025-07-03,BCP.LS,0.0164553741571768,bank,0.0,True,0.0,0.0,0.0
2025-07-03,NEXI.MI,-0.006332574795070631,payments,0.0,True,0.0,0.0,0.0
2025-07-03,WLN.PA,-0.034406344330278074,payments,0.0,True,0.0,0.0,0.0
2025-07-03,ADYEN.AS,-0.009619043116734352,payments,0.0,True,0.0,0.0,0.0
2025-07-03,WISE.L,-0.03296481966400557,payments,0.0,True,0.0,0.0,0.0
2025-07-03,SWED-A.ST,0.005957939377304353,control_bank,0.0,True,0.0,0.0,0.0
2025-07-03,SHB-A.ST,0.011166575676411848,control_bank,0.0,True,0.0,0.0,0.0
2025-07-03,DANSKE.CO,0.008759038800932043,control_bank,0.0,True,0.0,0.0,0.0
2025-07-03,DNB.OL,0.0037601692696619155,control_bank,0.0,True,0.0,0.0,0.0
2025-07-03,LLOY.L,0.030262376452128655,control_bank,0.0,True,0.0,0.0,0.0
2025-07-03,NWG.L,0.027168493017899472,control_bank,0.0,True,0.0,0.0,0.0
2025-07-03,UBSG.SW,-0.0025300151960443206,control_bank,0.0,True,0.0,0.0,0.0
2025-07-15,DBK.DE,0.023099792538041272,bank,0.0,False,0.0,0.0,0.0
2025-07-15,CBK.DE,-0.005957432802976059,bank,0.0,False,0.0,0.0,0.0
2025-07-15,BNP.PA,0.005984618571345598,bank,0.0,False,0.0,0.0,0.0
2025-07-15,GLE.PA,-0.008197192030766014,bank,0.0,False,0.0,0.0,0.0
2025-07-15,ACA.PA,-0.00030252862319585976,bank,0.0,False,0.0,0.0,0.0
2025-07-15,SAN.MC,0.010133390381018629,bank,0.0,False,0.0,0.0,0.0
2025-07-15,BBVA.MC,-0.006386059115531773,bank,0.0,False,0.0,0.0,0.0
2025-07-15,CABK.MC,0.0040653222347194935,bank,0.0,False,0.0,0.0,0.0
2025-07-15,SAB.MC,-0.004858495457175212,bank,0.0,False,0.0,0.0,0.0
2025-07-15,BKT.MC,0.009205168725613583,bank,0.0,False,0.0,0.0,0.0
2025-07-15,UNI.MC,-0.006750016912342083,bank,0.0,False,0.0,0.0,0.0
2025-07-15,ISP.MI,0.007991415809314752,bank,0.0,False,0.0,0.0,0.0
2025-07-15,UCG.MI,0.002847133705137717,bank,0.0,False,0.0,0.0,0.0
2025-07-15,BAMI.MI,-0.011110093210257528,bank,0.0,False,0.0,0.0,0.0
2025-07-15,BPE.MI,-0.013804071509223026,bank,0.0,False,0.0,0.0,0.0
2025-07-15,MB.MI,0.009236350056245433,bank,0.0,False,0.0,0.0,0.0
2025-07-15,INGA.AS,0.01249352027678072,bank,0.0,False,0.0,0.0,0.0
2025-07-15,ABN.AS,0.002990332722186028,bank,0.0,False,0.0,0.0,0.0
2025-07-15,KBC.BR,-0.022267923957282696,bank,0.0,False,0.0,0.0,0.0
2025-07-15,EBS.VI,0.015358483233227596,bank,0.0,False,0.0,0.0,0.0
2025-07-15,RBI.VI,0.012975645332696996,bank,0.0,False,0.0,0.0,0.0
2025-07-15,BG.VI,-0.015400217079027202,bank,0.0,False,0.0,0.0,0.0
2025-07-15,BIRG.IR,0.021242254639840696,bank,0.0,False,0.0,0.0,0.0
2025-07-15,A5G.IR,0.011285820152712536,bank,0.0,False,0.0,0.0,0.0
2025-07-15,ETE.AT,0.014153750383660759,bank,0.0,False,0.0,0.0,0.0
2025-07-15,EUROB.AT,0.015522661542465952,bank,0.0,False,0.0,0.0,0.0
2025-07-15,ALPHA.AT,0.017507391070814098,bank,0.0,False,0.0,0.0,0.0
2025-07-15,TPEIR.AT,0.03918552375953088,bank,0.0,False,0.0,0.0,0.0
2025-07-15,BCP.LS,0.01363821338473035,bank,0.0,False,0.0,0.0,0.0
2025-07-15,NEXI.MI,0.025254073705997786,payments,0.0,False,0.0,0.0,0.0
2025-07-15,WLN.PA,0.004578879748547385,payments,0.0,False,0.0,0.0,0.0
2025-07-15,ADYEN.AS,0.008709204406935372,payments,0.0,False,0.0,0.0,0.0
2025-07-15,WISE.L,0.04566149050534099,payments,0.0,False,0.0,0.0,0.0
2025-07-15,SWED-A.ST,-0.021358218744214147,control_bank,0.0,False,0.0,0.0,0.0
2025-07-15,SHB-A.ST,-0.09426438373317231,control_bank,0.0,False,0.0,0.0,0.0
2025-07-15,DANSKE.CO,-0.004616808942219703,control_bank,0.0,False,0.0,0.0,0.0
2025-07-15,DNB.OL,-0.0044215839992900125,control_bank,0.0,False,0.0,0.0,0.0
2025-07-15,LLOY.L,0.013111160794707814,control_bank,0.0,False,0.0,0.0,0.0
2025-07-15,NWG.L,0.0024788805913977803,control_bank,0.0,False,0.0,0.0,0.0
2025-07-15,UBSG.SW,0.010747079213874515,control_bank,0.0,False,0.0,0.0,0.0
2025-07-15,MA,0.00614688359492351,payments,0.0,False,0.0,0.0,0.0
2025-07-15,V,-0.0003328109573986094,payments,0.0,False,0.0,0.0,0.0
2025-07-15,AXP,-0.02471642258210048,payments,0.0,False,0.0,0.0,0.0
2025-07-15,PYPL,-0.004351419259283986,payments,0.0,False,0.0,0.0,0.0
2025-07-15,GPN,0.0439153888922363,payments,0.0,False,0.0,0.0,0.0
2025-07-15,AAPL,0.00869804182689752,device,0.0,False,0.0,0.0,0.0
2025-07-15,GOOGL,0.008310471294267376,device,0.0,False,0.0,0.0,0.0
2025-07-15,AMZN,-0.0085204819948287,bigtech,0.0,False,0.0,0.0,0.0
2025-07-15,META,-0.02583132507414775,bigtech,0.0,False,0.0,0.0,0.0
2025-09-02,DBK.DE,0.014306280632691952,bank,1.0,False,1.0,0.0,0.0
2025-09-02,CBK.DE,-0.03063487736934079,bank,1.0,False,1.0,0.0,0.0
2025-09-02,BNP.PA,0.002245564686806305,bank,1.0,False,1.0,0.0,0.0
2025-09-02,GLE.PA,0.016684944561506317,bank,1.0,False,1.0,0.0,0.0
2025-09-02,ACA.PA,0.003686160049148929,bank,1.0,False,1.0,0.0,0.0
2025-09-02,SAN.MC,0.0047858436473791925,bank,1.0,False,1.0,0.0,0.0
2025-09-02,BBVA.MC,0.013169404273531181,bank,1.0,False,1.0,0.0,0.0
2025-09-02,CABK.MC,0.007615627541751002,bank,1.0,False,1.0,0.0,0.0
2025-09-02,SAB.MC,0.008144159615279024,bank,1.0,False,1.0,0.0,0.0
2025-09-02,BKT.MC,0.013329698204040542,bank,1.0,False,1.0,0.0,0.0
2025-09-02,UNI.MC,-0.011358344037922302,bank,1.0,False,1.0,0.0,0.0
2025-09-02,ISP.MI,-0.0012972513012650664,bank,1.0,False,1.0,0.0,0.0
2025-09-02,UCG.MI,0.009614044752855532,bank,1.0,False,1.0,0.0,0.0
2025-09-02,BAMI.MI,0.008924268608362478,bank,1.0,False,1.0,0.0,0.0
2025-09-02,BPE.MI,-0.000750437148249255,bank,1.0,False,1.0,0.0,0.0
2025-09-02,MB.MI,-0.03710596987608149,bank,1.0,False,1.0,0.0,0.0
2025-09-02,INGA.AS,0.02303950804514437,bank,1.0,False,1.0,0.0,0.0
2025-09-02,ABN.AS,0.027419808094488754,bank,1.0,False,1.0,0.0,0.0
2025-09-02,KBC.BR,0.005180195403024831,bank,1.0,False,1.0,0.0,0.0
2025-09-02,EBS.VI,0.023401018217700433,bank,1.0,False,1.0,0.0,0.0
2025-09-02,RBI.VI,0.044815490604637784,bank,1.0,False,1.0,0.0,0.0
2025-09-02,BG.VI,0.01071532516447674,bank,1.0,False,1.0,0.0,0.0
2025-09-02,BIRG.IR,0.023219732545965176,bank,1.0,False,1.0,0.0,0.0
2025-09-02,A5G.IR,0.027340274350462955,bank,1.0,False,1.0,0.0,0.0
2025-09-02,ETE.AT,0.04941033570286449,bank,1.0,False,1.0,0.0,0.0
2025-09-02,EUROB.AT,0.040711314863337136,bank,1.0,False,1.0,0.0,0.0
2025-09-02,ALPHA.AT,0.025388973744662785,bank,1.0,False,1.0,0.0,0.0
2025-09-02,TPEIR.AT,0.03777203510863944,bank,1.0,False,1.0,0.0,0.0
2025-09-02,BCP.LS,0.013670571454402891,bank,1.0,False,1.0,0.0,0.0
2025-09-02,NEXI.MI,-0.01069433884202718,payments,1.0,False,0.0,1.0,0.0
2025-09-02,WLN.PA,0.007958184639495852,payments,1.0,False,0.0,1.0,0.0
2025-09-02,ADYEN.AS,-0.005872341385865147,payments,1.0,False,0.0,1.0,0.0
2025-09-02,WISE.L,0.06266076545631397,payments,1.0,False,0.0,1.0,0.0
2025-09-02,SWED-A.ST,-0.0008912891052583248,control_bank,0.0,False,0.0,0.0,0.0
2025-09-02,SHB-A.ST,-0.0019384922889489845,control_bank,0.0,False,0.0,0.0,0.0
2025-09-02,DANSKE.CO,0.0026564606819059317,control_bank,0.0,False,0.0,0.0,0.0
2025-09-02,DNB.OL,-0.006397759220116289,control_bank,0.0,False,0.0,0.0,0.0
2025-09-02,LLOY.L,-0.0023676382040414058,control_bank,0.0,False,0.0,0.0,0.0
2025-09-02,NWG.L,0.0031516532606932473,control_bank,0.0,False,0.0,0.0,0.0
2025-09-02,UBSG.SW,-0.004396060576078821,control_bank,0.0,False,0.0,0.0,0.0
2025-09-19,DBK.DE,0.012919993594248759,bank,0.0,False,0.0,0.0,0.0
2025-09-19,CBK.DE,-0.017374090718675867,bank,0.0,False,0.0,0.0,0.0
2025-09-19,BNP.PA,0.0023244031964873603,bank,0.0,False,0.0,0.0,0.0
2025-09-19,GLE.PA,-0.002141183675840222,bank,0.0,False,0.0,0.0,0.0
2025-09-19,ACA.PA,0.018118301781295747,bank,0.0,False,0.0,0.0,0.0
2025-09-19,SAN.MC,0.0026392545258276806,bank,0.0,False,0.0,0.0,0.0
2025-09-19,BBVA.MC,-0.014513418318804091,bank,0.0,False,0.0,0.0,0.0
2025-09-19,CABK.MC,-0.004172824735338738,bank,0.0,False,0.0,0.0,0.0
2025-09-19,SAB.MC,-0.004275587894152277,bank,0.0,False,0.0,0.0,0.0
2025-09-19,BKT.MC,-0.022144434266298654,bank,0.0,False,0.0,0.0,0.0
2025-09-19,UNI.MC,-0.014034149431681067,bank,0.0,False,0.0,0.0,0.0
2025-09-19,ISP.MI,0.002270815947849239,bank,0.0,False,0.0,0.0,0.0
2025-09-19,UCG.MI,0.006611038046739723,bank,0.0,False,0.0,0.0,0.0
2025-09-19,BAMI.MI,-0.006707759681960609,bank,0.0,False,0.0,0.0,0.0
2025-09-19,BPE.MI,0.016556621328960543,bank,0.0,False,0.0,0.0,0.0
2025-09-19,MB.MI,-0.025150252297933516,bank,0.0,False,0.0,0.0,0.0
2025-09-19,INGA.AS,0.005602145828994351,bank,0.0,False,0.0,0.0,0.0
2025-09-19,ABN.AS,0.029922047247856635,bank,0.0,False,0.0,0.0,0.0
2025-09-19,KBC.BR,-0.0018910392013488167,bank,0.0,False,0.0,0.0,0.0
2025-09-19,EBS.VI,-0.02538058446018116,bank,0.0,False,0.0,0.0,0.0
2025-09-19,RBI.VI,0.006261987054646347,bank,0.0,False,0.0,0.0,0.0
2025-09-19,BG.VI,0.01657707592014614,bank,0.0,False,0.0,0.0,0.0
2025-09-19,BIRG.IR,0.007609714231137536,bank,0.0,False,0.0,0.0,0.0
2025-09-19,A5G.IR,0.001101845915102137,bank,0.0,False,0.0,0.0,0.0
2025-09-19,ETE.AT,0.00533359909768286,bank,0.0,False,0.0,0.0,0.0
2025-09-19,EUROB.AT,0.030202612179798922,bank,0.0,False,0.0,0.0,0.0
2025-09-19,ALPHA.AT,0.020322169634846073,bank,0.0,False,0.0,0.0,0.0
2025-09-19,TPEIR.AT,0.03572940832319163,bank,0.0,False,0.0,0.0,0.0
2025-09-19,BCP.LS,0.00574153025428701,bank,0.0,False,0.0,0.0,0.0
2025-09-19,NEXI.MI,-0.009979176402857982,payments,0.0,False,0.0,0.0,0.0
2025-09-19,WLN.PA,-0.010222049083757536,payments,0.0,False,0.0,0.0,0.0
2025-09-19,ADYEN.AS,-0.002275090140207442,payments,0.0,False,0.0,0.0,0.0
2025-09-19,WISE.L,-0.014968134493410504,payments,0.0,False,0.0,0.0,0.0
2025-09-19,SWED-A.ST,0.008972488911792316,control_bank,0.0,False,0.0,0.0,0.0
2025-09-19,SHB-A.ST,0.009796504398044064,control_bank,0.0,False,0.0,0.0,0.0
2025-09-19,DANSKE.CO,0.005894204678296301,control_bank,0.0,False,0.0,0.0,0.0
2025-09-19,DNB.OL,0.0047773059910562864,control_bank,0.0,False,0.0,0.0,0.0
2025-09-19,LLOY.L,-0.021591876083482058,control_bank,0.0,False,0.0,0.0,0.0
2025-09-19,NWG.L,-0.025872009302333906,control_bank,0.0,False,0.0,0.0,0.0
2025-09-19,UBSG.SW,0.019161900833595057,control_bank,0.0,False,0.0,0.0,0.0
2025-09-19,MA,-0.007653147545689982,payments,0.0,False,0.0,0.0,0.0
2025-09-19,V,0.012677153296015986,payments,0.0,False,0.0,0.0,0.0
2025-09-19,AXP,-0.010859364091344227,payments,0.0,False,0.0,0.0,0.0
2025-09-19,PYPL,-0.016088130822002316,payments,0.0,False,0.0,0.0,0.0
2025-09-19,GPN,0.002461709916385716,payments,0.0,False,0.0,0.0,0.0
2025-09-19,AAPL,0.0630069818438439,device,0.0,False,0.0,0.0,0.0
2025-09-19,GOOGL,-0.008398705965831246,device,0.0,False,0.0,0.0,0.0
2025-09-19,AMZN,-0.026511806168382567,bigtech,0.0,False,0.0,0.0,0.0
2025-09-19,META,-0.033650568393707184,bigtech,0.0,False,0.0,0.0,0.0
2025-10-23,DBK.DE,5.3403294848808174e-05,bank,-1.0,False,-1.0,0.0,0.0
2025-10-23,CBK.DE,0.007441896782951639,bank,-1.0,False,-1.0,0.0,0.0
2025-10-23,BNP.PA,-0.009668889824019797,bank,-1.0,False,-1.0,0.0,0.0
2025-10-23,GLE.PA,-0.002941605345944969,bank,-1.0,False,-1.0,0.0,0.0
2025-10-23,ACA.PA,-0.008040353623506512,bank,-1.0,False,-1.0,0.0,0.0
2025-10-23,SAN.MC,-0.014539179231090158,bank,-1.0,False,-1.0,0.0,0.0
2025-10-23,BBVA.MC,-0.02107327044438046,bank,-1.0,False,-1.0,0.0,0.0
2025-10-23,CABK.MC,-0.017957637327885245,bank,-1.0,False,-1.0,0.0,0.0
2025-10-23,SAB.MC,-0.01977457529623175,bank,-1.0,False,-1.0,0.0,0.0
2025-10-23,BKT.MC,-0.06118234768738658,bank,-1.0,False,-1.0,0.0,0.0
2025-10-23,UNI.MC,-0.022859232687087495,bank,-1.0,False,-1.0,0.0,0.0
2025-10-23,ISP.MI,-0.005376695279307086,bank,-1.0,False,-1.0,0.0,0.0
2025-10-23,UCG.MI,-0.019304011512818693,bank,-1.0,False,-1.0,0.0,0.0
2025-10-23,BAMI.MI,-0.0005498043025029989,bank,-1.0,False,-1.0,0.0,0.0
2025-10-23,BPE.MI,-0.01015285964940522,bank,-1.0,False,-1.0,0.0,0.0
2025-10-23,MB.MI,-0.013228488303838784,bank,-1.0,False,-1.0,0.0,0.0
2025-10-23,INGA.AS,-0.0054494542037159446,bank,-1.0,False,-1.0,0.0,0.0
2025-10-23,ABN.AS,0.0053570570169758835,bank,-1.0,False,-1.0,0.0,0.0
2025-10-23,KBC.BR,-0.015585542770205494,bank,-1.0,False,-1.0,0.0,0.0
2025-10-23,EBS.VI,-0.014050469352770833,bank,-1.0,False,-1.0,0.0,0.0
2025-10-23,RBI.VI,0.005833116657386772,bank,-1.0,False,-1.0,0.0,0.0
2025-10-23,BG.VI,-0.008672181880531447,bank,-1.0,False,-1.0,0.0,0.0
2025-10-23,BIRG.IR,-0.003171958744144372,bank,-1.0,False,-1.0,0.0,0.0
2025-10-23,A5G.IR,-0.017261730697475906,bank,-1.0,False,-1.0,0.0,0.0
2025-10-23,ETE.AT,-0.07948710273949584,bank,-1.0,False,-1.0,0.0,0.0
2025-10-23,EUROB.AT,-0.03392845545221554,bank,-1.0,False,-1.0,0.0,0.0
2025-10-23,ALPHA.AT,0.006713680132800368,bank,-1.0,False,-1.0,0.0,0.0
2025-10-23,TPEIR.AT,-0.02287378428918413,bank,-1.0,False,-1.0,0.0,0.0
2025-10-23,BCP.LS,-0.007434645104462494,bank,-1.0,False,-1.0,0.0,0.0
2025-10-23,NEXI.MI,-0.004084679199820267,payments,-1.0,False,0.0,-1.0,0.0
2025-10-23,WLN.PA,-0.04904242243853907,payments,-1.0,False,0.0,-1.0,0.0
2025-10-23,ADYEN.AS,0.012273728542810149,payments,-1.0,False,0.0,-1.0,0.0
2025-10-23,WISE.L,-0.003304114048755016,payments,-1.0,False,0.0,-1.0,0.0
2025-10-23,SWED-A.ST,-0.017943973087894423,control_bank,0.0,False,0.0,0.0,0.0
2025-10-23,SHB-A.ST,-0.03543237657944959,control_bank,0.0,False,0.0,0.0,0.0
2025-10-23,DANSKE.CO,-0.013693446299844338,control_bank,0.0,False,0.0,0.0,0.0
2025-10-23,DNB.OL,-0.00894766342882534,control_bank,0.0,False,0.0,0.0,0.0
2025-10-23,LLOY.L,0.007344625535302643,control_bank,0.0,False,0.0,0.0,0.0
2025-10-23,NWG.L,0.0389011464749355,control_bank,0.0,False,0.0,0.0,0.0
2025-10-23,UBSG.SW,0.00023471275904043878,control_bank,0.0,False,0.0,0.0,0.0
2025-10-23,MA,-0.0038582568681118,payments,-1.0,False,0.0,-1.0,0.0
2025-10-23,V,-0.0025883960129057786,payments,-1.0,False,0.0,-1.0,0.0
2025-10-23,AXP,0.001293979403132908,payments,-1.0,False,0.0,-1.0,0.0
2025-10-23,PYPL,0.01568099164749384,payments,-1.0,False,0.0,-1.0,0.0
2025-10-23,GPN,0.006331827220744239,payments,-1.0,False,0.0,-1.0,0.0
2025-10-23,AAPL,0.0007609317868962906,device,0.0,False,0.0,0.0,0.0
2025-10-23,GOOGL,0.01698998065047744,device,0.0,False,0.0,0.0,0.0
2025-10-23,AMZN,0.011602327415117202,bigtech,0.0,False,0.0,0.0,0.0
2025-10-23,META,-0.01432574922438883,bigtech,0.0,False,0.0,0.0,0.0
2025-10-30,DBK.DE,0.016056394077229096,bank,-1.0,False,-1.0,0.0,0.0
2025-10-30,CBK.DE,0.02521565879492029,bank,-1.0,False,-1.0,0.0,0.0
2025-10-30,BNP.PA,0.014161968799519337,bank,-1.0,False,-1.0,0.0,0.0
2025-10-30,GLE.PA,0.013967591902225008,bank,-1.0,False,-1.0,0.0,0.0
2025-10-30,ACA.PA,-0.02950350889097427,bank,-1.0,False,-1.0,0.0,0.0
2025-10-30,SAN.MC,0.012507958120845698,bank,-1.0,False,-1.0,0.0,0.0
2025-10-30,BBVA.MC,0.008429284478265263,bank,-1.0,False,-1.0,0.0,0.0
2025-10-30,CABK.MC,0.02613256753504463,bank,-1.0,False,-1.0,0.0,0.0
2025-10-30,SAB.MC,0.024656121712798722,bank,-1.0,False,-1.0,0.0,0.0
2025-10-30,BKT.MC,0.016287106058980455,bank,-1.0,False,-1.0,0.0,0.0
2025-10-30,UNI.MC,0.009387451718422438,bank,-1.0,False,-1.0,0.0,0.0
2025-10-30,ISP.MI,-0.0022813969254925834,bank,-1.0,False,-1.0,0.0,0.0
2025-10-30,UCG.MI,0.022693411980837016,bank,-1.0,False,-1.0,0.0,0.0
2025-10-30,BAMI.MI,0.012526181213213222,bank,-1.0,False,-1.0,0.0,0.0
2025-10-30,BPE.MI,0.026605346854279423,bank,-1.0,False,-1.0,0.0,0.0
2025-10-30,MB.MI,-0.0001150158275386344,bank,-1.0,False,-1.0,0.0,0.0
2025-10-30,INGA.AS,0.05188462853970228,bank,-1.0,False,-1.0,0.0,0.0
2025-10-30,ABN.AS,0.02418979429822274,bank,-1.0,False,-1.0,0.0,0.0
2025-10-30,KBC.BR,0.025487133713652736,bank,-1.0,False,-1.0,0.0,0.0
2025-10-30,EBS.VI,0.07539653886798775,bank,-1.0,False,-1.0,0.0,0.0
2025-10-30,RBI.VI,0.08590230057252261,bank,-1.0,False,-1.0,0.0,0.0
2025-10-30,BG.VI,0.042415175862685665,bank,-1.0,False,-1.0,0.0,0.0
2025-10-30,BIRG.IR,0.01692562572256927,bank,-1.0,False,-1.0,0.0,0.0
2025-10-30,A5G.IR,0.02173461559712332,bank,-1.0,False,-1.0,0.0,0.0
2025-10-30,ETE.AT,-0.0033044380511462485,bank,-1.0,False,-1.0,0.0,0.0
2025-10-30,EUROB.AT,-0.027053289185262,bank,-1.0,False,-1.0,0.0,0.0
2025-10-30,ALPHA.AT,-0.006139919576202573,bank,-1.0,False,-1.0,0.0,0.0
2025-10-30,TPEIR.AT,-0.014416264288547713,bank,-1.0,False,-1.0,0.0,0.0
2025-10-30,BCP.LS,-0.011284839898391581,bank,-1.0,False,-1.0,0.0,0.0
2025-10-30,NEXI.MI,0.000434648473488476,payments,-1.0,False,0.0,-1.0,0.0
2025-10-30,WLN.PA,0.03932894720424566,payments,-1.0,False,0.0,-1.0,0.0
2025-10-30,ADYEN.AS,-0.0072651177161465515,payments,-1.0,False,0.0,-1.0,0.0
2025-10-30,WISE.L,-0.009188265549577667,payments,-1.0,False,0.0,-1.0,0.0
2025-10-30,SWED-A.ST,0.0077669723940451095,control_bank,0.0,False,0.0,0.0,0.0
2025-10-30,SHB-A.ST,0.011479849628570389,control_bank,0.0,False,0.0,0.0,0.0
2025-10-30,DANSKE.CO,0.044982431123173995,control_bank,0.0,False,0.0,0.0,0.0
2025-10-30,DNB.OL,-0.006300327386250448,control_bank,0.0,False,0.0,0.0,0.0
2025-10-30,LLOY.L,0.019023833705338125,control_bank,0.0,False,0.0,0.0,0.0
2025-10-30,NWG.L,0.011341360605127047,control_bank,0.0,False,0.0,0.0,0.0
2025-10-30,UBSG.SW,0.015556368763650828,control_bank,0.0,False,0.0,0.0,0.0
2025-10-30,MA,0.0012823452463536743,payments,-1.0,False,0.0,-1.0,0.0
2025-10-30,V,0.004246794401477766,payments,-1.0,False,0.0,-1.0,0.0
2025-10-30,AXP,0.019025403661733154,payments,-1.0,False,0.0,-1.0,0.0
2025-10-30,PYPL,0.010069390864541547,payments,-1.0,False,0.0,-1.0,0.0
2025-10-30,GPN,-0.0054857907862375785,payments,-1.0,False,0.0,-1.0,0.0
2025-10-30,AAPL,0.011701654592185601,device,0.0,False,0.0,0.0,0.0
2025-10-30,GOOGL,0.031554223977017126,device,0.0,False,0.0,0.0,0.0
2025-10-30,AMZN,0.07008316984845198,bigtech,0.0,False,0.0,0.0,0.0
2025-10-30,META,-0.13908167752950573,bigtech,0.0,False,0.0,0.0,0.0
2025-11-03,DBK.DE,0.029830893795053392,bank,1.0,False,1.0,0.0,0.0
2025-11-03,CBK.DE,0.027927134969109115,bank,1.0,False,1.0,0.0,0.0
2025-11-03,BNP.PA,-0.01605065972934707,bank,1.0,False,1.0,0.0,0.0
2025-11-03,GLE.PA,-0.0014006852714338151,bank,1.0,False,1.0,0.0,0.0
2025-11-03,ACA.PA,-0.002563762632273212,bank,1.0,False,1.0,0.0,0.0
2025-11-03,SAN.MC,0.0006759864331587237,bank,1.0,False,1.0,0.0,0.0
2025-11-03,BBVA.MC,0.013003426790038207,bank,1.0,False,1.0,0.0,0.0
2025-11-03,CABK.MC,-0.005042377019119435,bank,1.0,False,1.0,0.0,0.0
2025-11-03,SAB.MC,0.01818347962064023,bank,1.0,False,1.0,0.0,0.0
2025-11-03,BKT.MC,0.008471182966893153,bank,1.0,False,1.0,0.0,0.0
2025-11-03,UNI.MC,0.027481453688220758,bank,1.0,False,1.0,0.0,0.0
2025-11-03,ISP.MI,-0.0012279071533586585,bank,1.0,False,1.0,0.0,0.0
2025-11-03,UCG.MI,0.00759984726382342,bank,1.0,False,1.0,0.0,0.0
2025-11-03,BAMI.MI,0.0016232760245230207,bank,1.0,False,1.0,0.0,0.0
2025-11-03,BPE.MI,-0.0060239254354988,bank,1.0,False,1.0,0.0,0.0
2025-11-03,MB.MI,-0.000656038689321051,bank,1.0,False,1.0,0.0,0.0
2025-11-03,INGA.AS,0.017890536291286015,bank,1.0,False,1.0,0.0,0.0
2025-11-03,ABN.AS,0.017777868089256764,bank,1.0,False,1.0,0.0,0.0
2025-11-03,KBC.BR,0.011720637413826212,bank,1.0,False,1.0,0.0,0.0
2025-11-03,EBS.VI,0.009925541861479146,bank,1.0,False,1.0,0.0,0.0
2025-11-03,RBI.VI,-0.029338377829447853,bank,1.0,False,1.0,0.0,0.0
2025-11-03,BG.VI,0.01806111392863046,bank,1.0,False,1.0,0.0,0.0
2025-11-03,BIRG.IR,0.025009079827318693,bank,1.0,False,1.0,0.0,0.0
2025-11-03,A5G.IR,0.043560626150096475,bank,1.0,False,1.0,0.0,0.0
2025-11-03,ETE.AT,0.03198009997292297,bank,1.0,False,1.0,0.0,0.0
2025-11-03,EUROB.AT,-0.0017084267665817502,bank,1.0,False,1.0,0.0,0.0
2025-11-03,ALPHA.AT,0.0337237279576554,bank,1.0,False,1.0,0.0,0.0
2025-11-03,TPEIR.AT,0.0325311857950553,bank,1.0,False,1.0,0.0,0.0
2025-11-03,BCP.LS,0.010183635913602083,bank,1.0,False,1.0,0.0,0.0
2025-11-03,NEXI.MI,-0.006523274709486389,payments,1.0,False,0.0,1.0,0.0
2025-11-03,WLN.PA,-0.047840965120878605,payments,1.0,False,0.0,1.0,0.0
2025-11-03,ADYEN.AS,-0.02524313783522472,payments,1.0,False,0.0,1.0,0.0
2025-11-03,WISE.L,0.01369732801202677,payments,1.0,False,0.0,1.0,0.0
2025-11-03,SWED-A.ST,0.013045051351405525,control_bank,0.0,False,0.0,0.0,0.0
2025-11-03,SHB-A.ST,0.00761016306129963,control_bank,0.0,False,0.0,0.0,0.0
2025-11-03,DANSKE.CO,0.004956426329019577,control_bank,0.0,False,0.0,0.0,0.0
2025-11-03,DNB.OL,0.016242519214229627,control_bank,0.0,False,0.0,0.0,0.0
2025-11-03,LLOY.L,7.687943329070862e-05,control_bank,0.0,False,0.0,0.0,0.0
2025-11-03,NWG.L,0.002998974950481435,control_bank,0.0,False,0.0,0.0,0.0
2025-11-03,UBSG.SW,-0.001913407025575969,control_bank,0.0,False,0.0,0.0,0.0
2025-11-03,MA,0.009150267142224468,payments,1.0,False,0.0,1.0,0.0
2025-11-03,V,0.0064005385789279515,payments,1.0,False,0.0,1.0,0.0
2025-11-03,AXP,0.01483035091826065,payments,1.0,False,0.0,1.0,0.0
2025-11-03,PYPL,-0.02791311260472352,payments,1.0,False,0.0,1.0,0.0
2025-11-03,GPN,0.0443118893552604,payments,1.0,False,0.0,1.0,0.0
2025-11-03,AAPL,0.01129615659684019,device,0.0,False,0.0,0.0,0.0
2025-11-03,GOOGL,-0.002340743249646716,device,0.0,False,0.0,0.0,0.0
2025-11-03,AMZN,0.03573824869891981,bigtech,0.0,False,0.0,0.0,0.0
2025-11-03,META,-0.020289462802399592,bigtech,0.0,False,0.0,0.0,0.0
2025-12-19,DBK.DE,0.0003173727148868691,bank,0.0,False,0.0,0.0,0.0
2025-12-19,CBK.DE,-0.0005403866736604871,bank,0.0,False,0.0,0.0,0.0
2025-12-19,BNP.PA,-0.006918369564833226,bank,0.0,False,0.0,0.0,0.0
2025-12-19,GLE.PA,-0.009060601079214324,bank,0.0,False,0.0,0.0,0.0
2025-12-19,ACA.PA,0.0029683304944031178,bank,0.0,False,0.0,0.0,0.0
2025-12-19,SAN.MC,-0.012884150855221092,bank,0.0,False,0.0,0.0,0.0
2025-12-19,BBVA.MC,0.0020045882121170603,bank,0.0,False,0.0,0.0,0.0
2025-12-19,CABK.MC,-0.008282382685042628,bank,0.0,False,0.0,0.0,0.0
2025-12-19,SAB.MC,-0.0032599279472104586,bank,0.0,False,0.0,0.0,0.0
2025-12-19,BKT.MC,-0.010542722791683562,bank,0.0,False,0.0,0.0,0.0
2025-12-19,UNI.MC,-0.0014260640917722759,bank,0.0,False,0.0,0.0,0.0
2025-12-19,ISP.MI,-0.0038582930250139385,bank,0.0,False,0.0,0.0,0.0
2025-12-19,UCG.MI,-0.024008303146578445,bank,0.0,False,0.0,0.0,0.0
2025-12-19,BAMI.MI,-0.002958573557786795,bank,0.0,False,0.0,0.0,0.0
2025-12-19,BPE.MI,-0.0011453873738929553,bank,0.0,False,0.0,0.0,0.0
2025-12-19,MB.MI,-0.004427252898747451,bank,0.0,False,0.0,0.0,0.0
2025-12-19,INGA.AS,0.0015641794930337117,bank,0.0,False,0.0,0.0,0.0
2025-12-19,ABN.AS,-0.004196785213510869,bank,0.0,False,0.0,0.0,0.0
2025-12-19,KBC.BR,-0.0047065806711385095,bank,0.0,False,0.0,0.0,0.0
2025-12-19,EBS.VI,-0.003497973063870702,bank,0.0,False,0.0,0.0,0.0
2025-12-19,RBI.VI,0.01587294570715022,bank,0.0,False,0.0,0.0,0.0
2025-12-19,BG.VI,0.02226893305317443,bank,0.0,False,0.0,0.0,0.0
2025-12-19,BIRG.IR,-0.006360641224087833,bank,0.0,False,0.0,0.0,0.0
2025-12-19,A5G.IR,0.0011749083282314096,bank,0.0,False,0.0,0.0,0.0
2025-12-19,ETE.AT,0.01723393871371859,bank,0.0,False,0.0,0.0,0.0
2025-12-19,ALPHA.AT,0.03873281542836902,bank,0.0,False,0.0,0.0,0.0
2025-12-19,BCP.LS,0.0008992243437380473,bank,0.0,False,0.0,0.0,0.0
2025-12-19,NEXI.MI,0.014779134240349006,payments,-1.0,False,0.0,-1.0,0.0
2025-12-19,WLN.PA,-0.032749158815546596,payments,-1.0,False,0.0,-1.0,0.0
2025-12-19,ADYEN.AS,-0.0007983282680887067,payments,-1.0,False,0.0,-1.0,0.0
2025-12-19,WISE.L,-0.0078087853271416475,payments,-1.0,False,0.0,-1.0,0.0
2025-12-19,SWED-A.ST,0.007624229704395629,control_bank,0.0,False,0.0,0.0,0.0
2025-12-19,SHB-A.ST,0.0043084270150489145,control_bank,0.0,False,0.0,0.0,0.0
2025-12-19,DANSKE.CO,0.008727789347190125,control_bank,0.0,False,0.0,0.0,0.0
2025-12-19,DNB.OL,0.0133493281382555,control_bank,0.0,False,0.0,0.0,0.0
2025-12-19,LLOY.L,0.0023137109087059795,control_bank,0.0,False,0.0,0.0,0.0
2025-12-19,NWG.L,0.002741971884978085,control_bank,0.0,False,0.0,0.0,0.0
2025-12-19,UBSG.SW,-0.0018192722008748751,control_bank,0.0,False,0.0,0.0,0.0
2025-12-19,MA,0.0077308577811153745,payments,-1.0,False,0.0,-1.0,0.0
2025-12-19,V,0.007972764497433466,payments,-1.0,False,0.0,-1.0,0.0
2025-12-19,AXP,-0.0021862666001272336,payments,-1.0,False,0.0,-1.0,0.0
2025-12-19,PYPL,-0.003742054285659106,payments,-1.0,False,0.0,-1.0,0.0
2025-12-19,GPN,-0.025247316495981543,payments,-1.0,False,0.0,-1.0,0.0
2025-12-19,AAPL,-0.02231479485412672,device,-1.0,False,0.0,0.0,-1.0
2025-12-19,GOOGL,0.007077735604458297,device,-1.0,False,0.0,0.0,-1.0
2025-12-19,AMZN,-0.01140141822247653,bigtech,-1.0,False,0.0,0.0,-1.0
2025-12-19,META,-0.027650223064831753,bigtech,-1.0,False,0.0,0.0,-1.0
2026-03-05,DBK.DE,-0.021729398240693337,bank,-1.0,False,-1.0,0.0,0.0
2026-03-05,CBK.DE,-0.01780235333209698,bank,-1.0,False,-1.0,0.0,0.0
2026-03-05,BNP.PA,-0.004695766269947648,bank,-1.0,False,-1.0,0.0,0.0
2026-03-05,GLE.PA,-0.02378485479872754,bank,-1.0,False,-1.0,0.0,0.0
2026-03-05,ACA.PA,-0.025167712450472224,bank,-1.0,False,-1.0,0.0,0.0
2026-03-05,SAN.MC,-0.004003431580992251,bank,-1.0,False,-1.0,0.0,0.0
2026-03-05,BBVA.MC,0.007654799186535079,bank,-1.0,False,-1.0,0.0,0.0
2026-03-05,CABK.MC,0.007322914283782872,bank,-1.0,False,-1.0,0.0,0.0
2026-03-05,SAB.MC,0.009385137387332515,bank,-1.0,False,-1.0,0.0,0.0
2026-03-05,BKT.MC,0.007577301532755978,bank,-1.0,False,-1.0,0.0,0.0
2026-03-05,UNI.MC,0.002306742007730074,bank,-1.0,False,-1.0,0.0,0.0
2026-03-05,ISP.MI,-0.008071772631352399,bank,-1.0,False,-1.0,0.0,0.0
2026-03-05,UCG.MI,-0.003943350366053273,bank,-1.0,False,-1.0,0.0,0.0
2026-03-05,BAMI.MI,-0.010342230128372154,bank,-1.0,False,-1.0,0.0,0.0
2026-03-05,BPE.MI,-0.02693775917183813,bank,-1.0,False,-1.0,0.0,0.0
2026-03-05,MB.MI,-0.043871707663125814,bank,-1.0,False,-1.0,0.0,0.0
2026-03-05,INGA.AS,0.003700360990090216,bank,-1.0,False,-1.0,0.0,0.0
2026-03-05,ABN.AS,-0.005707833515188139,bank,-1.0,False,-1.0,0.0,0.0
2026-03-05,KBC.BR,0.014711439100122011,bank,-1.0,False,-1.0,0.0,0.0
2026-03-05,EBS.VI,-0.01168203273827185,bank,-1.0,False,-1.0,0.0,0.0
2026-03-05,RBI.VI,-0.022951156109593116,bank,-1.0,False,-1.0,0.0,0.0
2026-03-05,BG.VI,0.0008988872536294171,bank,-1.0,False,-1.0,0.0,0.0
2026-03-05,BIRG.IR,0.011707622333572459,bank,-1.0,False,-1.0,0.0,0.0
2026-03-05,A5G.IR,0.03817435706802927,bank,-1.0,False,-1.0,0.0,0.0
2026-03-05,ETE.AT,-0.00035767768090700855,bank,-1.0,False,-1.0,0.0,0.0
2026-03-05,EUROB.AT,0.0048153240579711515,bank,-1.0,False,-1.0,0.0,0.0
2026-03-05,ALPHA.AT,0.02173485196172783,bank,-1.0,False,-1.0,0.0,0.0
2026-03-05,TPEIR.AT,-0.0024677619735930245,bank,-1.0,False,-1.0,0.0,0.0
2026-03-05,BCP.LS,-0.015304654910131932,bank,-1.0,False,-1.0,0.0,0.0
2026-03-05,NEXI.MI,-0.1688772248708161,payments,0.0,False,0.0,0.0,0.0
2026-03-05,WLN.PA,-0.030072081539908434,payments,0.0,False,0.0,0.0,0.0
2026-03-05,ADYEN.AS,-0.0040298309270997736,payments,0.0,False,0.0,0.0,0.0
2026-03-05,WISE.L,0.004433418301717519,payments,0.0,False,0.0,0.0,0.0
2026-03-05,SWED-A.ST,-0.001572771637000747,control_bank,0.0,False,0.0,0.0,0.0
2026-03-05,SHB-A.ST,-0.00684474417700173,control_bank,0.0,False,0.0,0.0,0.0
2026-03-05,DANSKE.CO,-0.009291491394783366,control_bank,0.0,False,0.0,0.0,0.0
2026-03-05,DNB.OL,-0.014884618788148372,control_bank,0.0,False,0.0,0.0,0.0
2026-03-05,LLOY.L,0.0005130246201811468,control_bank,0.0,False,0.0,0.0,0.0
2026-03-05,NWG.L,-0.0028654606840359843,control_bank,0.0,False,0.0,0.0,0.0
2026-03-05,UBSG.SW,-0.01356727439592241,control_bank,0.0,False,0.0,0.0,0.0
2026-03-05,MA,0.012558563592356183,payments,0.0,False,0.0,0.0,0.0
2026-03-05,V,0.004002176407600226,payments,0.0,False,0.0,0.0,0.0
2026-03-05,AXP,-0.006623564746867419,payments,0.0,False,0.0,0.0,0.0
2026-03-05,PYPL,0.03454286049323872,payments,0.0,False,0.0,0.0,0.0
2026-03-05,GPN,0.012355513023340706,payments,0.0,False,0.0,0.0,0.0
2026-03-05,AAPL,0.003784532674905484,device,0.0,False,0.0,0.0,0.0
2026-03-05,GOOGL,0.005146974232866927,device,0.0,False,0.0,0.0,0.0
2026-03-05,AMZN,0.010237719919896443,bigtech,0.0,False,0.0,0.0,0.0
2026-03-05,META,-0.009475044894791985,bigtech,0.0,False,0.0,0.0,0.0
2026-06-23,DBK.DE,-0.010981177597764505,bank,1.0,False,1.0,0.0,0.0
2026-06-23,CBK.DE,0.0006093451756752606,bank,1.0,False,1.0,0.0,0.0
2026-06-23,BNP.PA,0.014801553077963754,bank,1.0,False,1.0,0.0,0.0
2026-06-23,GLE.PA,-0.008781351081343942,bank,1.0,False,1.0,0.0,0.0
2026-06-23,ACA.PA,0.006723505162530988,bank,1.0,False,1.0,0.0,0.0
2026-06-23,SAN.MC,0.013300317893801768,bank,1.0,False,1.0,0.0,0.0
2026-06-23,BBVA.MC,0.008262487074114522,bank,1.0,False,1.0,0.0,0.0
2026-06-23,CABK.MC,-0.007251698615306711,bank,1.0,False,1.0,0.0,0.0
2026-06-23,SAB.MC,-0.0067784463175788465,bank,1.0,False,1.0,0.0,0.0
2026-06-23,BKT.MC,-0.021084324206748495,bank,1.0,False,1.0,0.0,0.0
2026-06-23,UNI.MC,-0.011195842895375306,bank,1.0,False,1.0,0.0,0.0
2026-06-23,ISP.MI,-0.0027729811121029752,bank,1.0,False,1.0,0.0,0.0
2026-06-23,UCG.MI,-0.001147090461222737,bank,1.0,False,1.0,0.0,0.0
2026-06-23,BAMI.MI,-0.007001434417830857,bank,1.0,False,1.0,0.0,0.0
2026-06-23,BPE.MI,0.002262725082468685,bank,1.0,False,1.0,0.0,0.0
2026-06-23,MB.MI,0.009683105625969994,bank,1.0,False,1.0,0.0,0.0
2026-06-23,INGA.AS,-0.0024679002250252366,bank,1.0,False,1.0,0.0,0.0
2026-06-23,ABN.AS,-0.02861976821369437,bank,1.0,False,1.0,0.0,0.0
2026-06-23,KBC.BR,-0.01657071149376,bank,1.0,False,1.0,0.0,0.0
2026-06-23,EBS.VI,0.013953867416396384,bank,1.0,False,1.0,0.0,0.0
2026-06-23,RBI.VI,0.015491127576152456,bank,1.0,False,1.0,0.0,0.0
2026-06-23,BG.VI,0.004698680186701791,bank,1.0,False,1.0,0.0,0.0
2026-06-23,BIRG.IR,-0.02689791057522444,bank,1.0,False,1.0,0.0,0.0
2026-06-23,A5G.IR,-0.01211511690321178,bank,1.0,False,1.0,0.0,0.0
2026-06-23,ETE.AT,-0.00027141614393125495,bank,1.0,False,1.0,0.0,0.0
2026-06-23,EUROB.AT,-0.015087692165750288,bank,1.0,False,1.0,0.0,0.0
2026-06-23,ALPHA.AT,-0.018386248806063626,bank,1.0,False,1.0,0.0,0.0
2026-06-23,TPEIR.AT,-0.013412305494029619,bank,1.0,False,1.0,0.0,0.0
2026-06-23,BCP.LS,-0.0013232758079585252,bank,1.0,False,1.0,0.0,0.0
2026-06-23,NEXI.MI,-0.0016350940410503915,payments,-1.0,False,0.0,-1.0,0.0
2026-06-23,WLN.PA,0.04326123822341844,payments,-1.0,False,0.0,-1.0,0.0
2026-06-23,ADYEN.AS,-0.02307284031509624,payments,-1.0,False,0.0,-1.0,0.0
2026-06-23,WISE.L,0.028783300938471843,payments,-1.0,False,0.0,-1.0,0.0
2026-06-23,SWED-A.ST,-0.004833535142702301,control_bank,0.0,False,0.0,0.0,0.0
2026-06-23,SHB-A.ST,-0.002715944759175455,control_bank,0.0,False,0.0,0.0,0.0
2026-06-23,DANSKE.CO,-0.006087374565914927,control_bank,0.0,False,0.0,0.0,0.0
2026-06-23,DNB.OL,-0.011206617652933635,control_bank,0.0,False,0.0,0.0,0.0
2026-06-23,LLOY.L,0.004899081024337649,control_bank,0.0,False,0.0,0.0,0.0
2026-06-23,NWG.L,-0.0029198440863090463,control_bank,0.0,False,0.0,0.0,0.0
2026-06-23,UBSG.SW,-0.009482652711736953,control_bank,0.0,False,0.0,0.0,0.0
2026-06-23,MA,0.032404017722300935,payments,-1.0,False,0.0,-1.0,0.0
2026-06-23,V,0.028419802184312497,payments,-1.0,False,0.0,-1.0,0.0
2026-06-23,AXP,0.03543060941233833,payments,-1.0,False,0.0,-1.0,0.0
2026-06-23,PYPL,0.028901128026811204,payments,-1.0,False,0.0,-1.0,0.0
2026-06-23,GPN,0.05321041462017061,payments,-1.0,False,0.0,-1.0,0.0
2026-06-23,AAPL,0.005633231018159456,device,0.0,False,0.0,0.0,0.0
2026-06-23,GOOGL,0.003937591240102337,device,0.0,False,0.0,0.0,0.0
2026-06-23,AMZN,0.02858032558740429,bigtech,0.0,False,0.0,0.0,0.0
2026-06-23,META,0.009276147791911878,bigtech,0.0,False,0.0,0.0,0.0
2026-06-26,DBK.DE,-0.015968620958539723,bank,0.0,False,0.0,0.0,0.0
2026-06-26,CBK.DE,0.002183434175699061,bank,0.0,False,0.0,0.0,0.0
2026-06-26,BNP.PA,-0.018015988487951252,bank,0.0,False,0.0,0.0,0.0
2026-06-26,GLE.PA,-0.0018615585785608903,bank,0.0,False,0.0,0.0,0.0
2026-06-26,ACA.PA,-0.002909810053607639,bank,0.0,False,0.0,0.0,0.0
2026-06-26,SAN.MC,0.011265583816092774,bank,0.0,False,0.0,0.0,0.0
2026-06-26,BBVA.MC,0.007605502891450402,bank,0.0,False,0.0,0.0,0.0
2026-06-26,CABK.MC,0.0019148174843771695,bank,0.0,False,0.0,0.0,0.0
2026-06-26,SAB.MC,0.0067017302479319965,bank,0.0,False,0.0,0.0,0.0
2026-06-26,BKT.MC,0.021353984821050144,bank,0.0,False,0.0,0.0,0.0
2026-06-26,UNI.MC,0.0049958738764307375,bank,0.0,False,0.0,0.0,0.0
2026-06-26,ISP.MI,-0.01080989327471864,bank,0.0,False,0.0,0.0,0.0
2026-06-26,UCG.MI,-0.004653427846613666,bank,0.0,False,0.0,0.0,0.0
2026-06-26,BAMI.MI,-0.013478953499434926,bank,0.0,False,0.0,0.0,0.0
2026-06-26,BPE.MI,-0.0025804235069799217,bank,0.0,False,0.0,0.0,0.0
2026-06-26,MB.MI,-0.015002748115117811,bank,0.0,False,0.0,0.0,0.0
2026-06-26,INGA.AS,0.005178376909936769,bank,0.0,False,0.0,0.0,0.0
2026-06-26,ABN.AS,0.0034516809539230833,bank,0.0,False,0.0,0.0,0.0
2026-06-26,KBC.BR,0.010061141173931934,bank,0.0,False,0.0,0.0,0.0
2026-06-26,EBS.VI,-0.009773983515423738,bank,0.0,False,0.0,0.0,0.0
2026-06-26,RBI.VI,0.005865730943596488,bank,0.0,False,0.0,0.0,0.0
2026-06-26,BG.VI,0.005483999948888191,bank,0.0,False,0.0,0.0,0.0
2026-06-26,BIRG.IR,-0.002439924301224465,bank,0.0,False,0.0,0.0,0.0
2026-06-26,A5G.IR,-0.0007657447938071681,bank,0.0,False,0.0,0.0,0.0
2026-06-26,ETE.AT,0.017261598925724042,bank,0.0,False,0.0,0.0,0.0
2026-06-26,EUROB.AT,0.02825525882604293,bank,0.0,False,0.0,0.0,0.0
2026-06-26,ALPHA.AT,-0.0009808971242390961,bank,0.0,False,0.0,0.0,0.0
2026-06-26,TPEIR.AT,0.006273463508137161,bank,0.0,False,0.0,0.0,0.0
2026-06-26,BCP.LS,0.011391998372944023,bank,0.0,False,0.0,0.0,0.0
2026-06-26,NEXI.MI,-0.007883477595268217,payments,0.0,False,0.0,0.0,0.0
2026-06-26,WLN.PA,0.02586291350025826,payments,0.0,False,0.0,0.0,0.0
2026-06-26,ADYEN.AS,-0.0014808977397294124,payments,0.0,False,0.0,0.0,0.0
2026-06-26,WISE.L,0.08907810455925731,payments,0.0,False,0.0,0.0,0.0
2026-06-26,SWED-A.ST,0.014626872817168072,control_bank,0.0,False,0.0,0.0,0.0
2026-06-26,SHB-A.ST,0.007016852848038931,control_bank,0.0,False,0.0,0.0,0.0
2026-06-26,DANSKE.CO,0.008983719310109974,control_bank,0.0,False,0.0,0.0,0.0
2026-06-26,DNB.OL,0.005415634331336279,control_bank,0.0,False,0.0,0.0,0.0
2026-06-26,LLOY.L,-0.004181278637487167,control_bank,0.0,False,0.0,0.0,0.0
2026-06-26,NWG.L,0.0053908082634110226,control_bank,0.0,False,0.0,0.0,0.0
2026-06-26,UBSG.SW,-0.015506862354554991,control_bank,0.0,False,0.0,0.0,0.0
2026-06-26,MA,0.035241894205520694,payments,0.0,False,0.0,0.0,0.0
2026-06-26,V,0.026375106440606207,payments,0.0,False,0.0,0.0,0.0
2026-06-26,AXP,-0.015895395364101127,payments,0.0,False,0.0,0.0,0.0
2026-06-26,PYPL,0.0400608728657872,payments,0.0,False,0.0,0.0,0.0
2026-06-26,GPN,0.032387895204223915,payments,0.0,False,0.0,0.0,0.0
2026-06-26,AAPL,0.010628516750405829,device,0.0,False,0.0,0.0,0.0
2026-06-26,GOOGL,0.01601848565692697,device,0.0,False,0.0,0.0,0.0
2026-06-26,AMZN,0.04281871052994411,bigtech,0.0,False,0.0,0.0,0.0
2026-06-26,META,0.01815539831460785,bigtech,0.0,False,0.0,0.0,0.0
2026-07-06,DBK.DE,0.023413176035567307,bank,0.0,True,0.0,0.0,0.0
2026-07-06,CBK.DE,0.015508620418458477,bank,0.0,True,0.0,0.0,0.0
2026-07-06,BNP.PA,-0.004620826975202032,bank,0.0,True,0.0,0.0,0.0
2026-07-06,GLE.PA,-0.020535402574178317,bank,0.0,True,0.0,0.0,0.0
2026-07-06,ACA.PA,-0.005840242559337791,bank,0.0,True,0.0,0.0,0.0
2026-07-06,SAN.MC,0.012449628323669568,bank,0.0,True,0.0,0.0,0.0
2026-07-06,BBVA.MC,0.007257702725130308,bank,0.0,True,0.0,0.0,0.0
2026-07-06,CABK.MC,0.0028629292511358284,bank,0.0,True,0.0,0.0,0.0
2026-07-06,SAB.MC,0.015448094613595963,bank,0.0,True,0.0,0.0,0.0
2026-07-06,BKT.MC,0.01811889915695402,bank,0.0,True,0.0,0.0,0.0
2026-07-06,UNI.MC,0.007711014551210794,bank,0.0,True,0.0,0.0,0.0
2026-07-06,ISP.MI,0.015310779214968418,bank,0.0,True,0.0,0.0,0.0
2026-07-06,UCG.MI,0.00766358879091795,bank,0.0,True,0.0,0.0,0.0
2026-07-06,BAMI.MI,0.020009680196453,bank,0.0,True,0.0,0.0,0.0
2026-07-06,BPE.MI,0.003641171139605219,bank,0.0,True,0.0,0.0,0.0
2026-07-06,MB.MI,-0.0027225088085307547,bank,0.0,True,0.0,0.0,0.0
2026-07-06,INGA.AS,0.007734267471451325,bank,0.0,True,0.0,0.0,0.0
2026-07-06,ABN.AS,0.006430415251053503,bank,0.0,True,0.0,0.0,0.0
2026-07-06,KBC.BR,0.009489340504650792,bank,0.0,True,0.0,0.0,0.0
2026-07-06,EBS.VI,0.00597364798543124,bank,0.0,True,0.0,0.0,0.0
2026-07-06,RBI.VI,0.019067233336772443,bank,0.0,True,0.0,0.0,0.0
2026-07-06,BG.VI,0.001454768959236556,bank,0.0,True,0.0,0.0,0.0
2026-07-06,BIRG.IR,0.020114380749837367,bank,0.0,True,0.0,0.0,0.0
2026-07-06,A5G.IR,0.0003484113046959411,bank,0.0,True,0.0,0.0,0.0
2026-07-06,ETE.AT,0.0007215397526872131,bank,0.0,True,0.0,0.0,0.0
2026-07-06,EUROB.AT,0.01104264759126379,bank,0.0,True,0.0,0.0,0.0
2026-07-06,ALPHA.AT,0.031795212470402325,bank,0.0,True,0.0,0.0,0.0
2026-07-06,TPEIR.AT,0.006909354772552971,bank,0.0,True,0.0,0.0,0.0
2026-07-06,BCP.LS,0.00015139203735752569,bank,0.0,True,0.0,0.0,0.0
2026-07-06,NEXI.MI,-0.0030215604306948187,payments,0.0,True,0.0,0.0,0.0
2026-07-06,WLN.PA,-0.00976099754246168,payments,0.0,True,0.0,0.0,0.0
2026-07-06,ADYEN.AS,0.024347308876711868,payments,0.0,True,0.0,0.0,0.0
2026-07-06,WISE.L,0.02195901185252088,payments,0.0,True,0.0,0.0,0.0
2026-07-06,SWED-A.ST,0.008581380762871856,control_bank,0.0,True,0.0,0.0,0.0
2026-07-06,SHB-A.ST,0.015023341885195874,control_bank,0.0,True,0.0,0.0,0.0
2026-07-06,DANSKE.CO,0.015114406104370839,control_bank,0.0,True,0.0,0.0,0.0
2026-07-06,DNB.OL,0.007013584288067307,control_bank,0.0,True,0.0,0.0,0.0
2026-07-06,LLOY.L,-0.0032518069563296625,control_bank,0.0,True,0.0,0.0,0.0
2026-07-06,NWG.L,-0.004880560789091911,control_bank,0.0,True,0.0,0.0,0.0
2026-07-06,UBSG.SW,0.019336316730647264,control_bank,0.0,True,0.0,0.0,0.0
2026-07-09,DBK.DE,0.004724183890293561,bank,1.0,False,1.0,0.0,0.0
2026-07-09,CBK.DE,0.01498049572136851,bank,1.0,False,1.0,0.0,0.0
2026-07-09,BNP.PA,0.009503810022625955,bank,1.0,False,1.0,0.0,0.0
2026-07-09,GLE.PA,0.020898099054562788,bank,1.0,False,1.0,0.0,0.0
2026-07-09,ACA.PA,0.006376913376254199,bank,1.0,False,1.0,0.0,0.0
2026-07-09,SAN.MC,0.007605253706393735,bank,1.0,False,1.0,0.0,0.0
2026-07-09,BBVA.MC,0.006291486441934578,bank,1.0,False,1.0,0.0,0.0
2026-07-09,CABK.MC,0.004087507596175087,bank,1.0,False,1.0,0.0,0.0
2026-07-09,SAB.MC,0.022518053541786,bank,1.0,False,1.0,0.0,0.0
2026-07-09,BKT.MC,0.021829454486592282,bank,1.0,False,1.0,0.0,0.0
2026-07-09,UNI.MC,0.020162372377157886,bank,1.0,False,1.0,0.0,0.0
2026-07-09,ISP.MI,0.016269996695955136,bank,1.0,False,1.0,0.0,0.0
2026-07-09,UCG.MI,0.020116351269945647,bank,1.0,False,1.0,0.0,0.0
2026-07-09,BAMI.MI,0.008663994039201529,bank,1.0,False,1.0,0.0,0.0
2026-07-09,BPE.MI,-0.006782424205995859,bank,1.0,False,1.0,0.0,0.0
2026-07-09,MB.MI,0.019651118699308343,bank,1.0,False,1.0,0.0,0.0
2026-07-09,INGA.AS,0.007736976397362777,bank,1.0,False,1.0,0.0,0.0
2026-07-09,ABN.AS,-0.008752723978535507,bank,1.0,False,1.0,0.0,0.0
2026-07-09,KBC.BR,0.009201715367773053,bank,1.0,False,1.0,0.0,0.0
2026-07-09,EBS.VI,0.02639391352947984,bank,1.0,False,1.0,0.0,0.0
2026-07-09,RBI.VI,0.0037856366851309036,bank,1.0,False,1.0,0.0,0.0
2026-07-09,BG.VI,-0.011875897316809738,bank,1.0,False,1.0,0.0,0.0
2026-07-09,BIRG.IR,-0.00540267547723475,bank,1.0,False,1.0,0.0,0.0
2026-07-09,A5G.IR,-0.0033728531019544213,bank,1.0,False,1.0,0.0,0.0
2026-07-09,ETE.AT,0.027112556299599314,bank,1.0,False,1.0,0.0,0.0
2026-07-09,EUROB.AT,0.01320859054383325,bank,1.0,False,1.0,0.0,0.0
2026-07-09,ALPHA.AT,0.009244099615229996,bank,1.0,False,1.0,0.0,0.0
2026-07-09,TPEIR.AT,0.005752960010945284,bank,1.0,False,1.0,0.0,0.0
2026-07-09,BCP.LS,-0.0025604343272611525,bank,1.0,False,1.0,0.0,0.0
2026-07-09,NEXI.MI,0.06687369534217832,payments,-1.0,False,0.0,-1.0,0.0
2026-07-09,WLN.PA,0.0203124455460695,payments,-1.0,False,0.0,-1.0,0.0
2026-07-09,ADYEN.AS,0.019539027320534703,payments,-1.0,False,0.0,-1.0,0.0
2026-07-09,WISE.L,-0.008851278371994634,payments,-1.0,False,0.0,-1.0,0.0
2026-07-09,SWED-A.ST,-0.00838683213222734,control_bank,0.0,False,0.0,0.0,0.0
2026-07-09,SHB-A.ST,0.0014480373249810968,control_bank,0.0,False,0.0,0.0,0.0
2026-07-09,DANSKE.CO,0.006265925540096652,control_bank,0.0,False,0.0,0.0,0.0
2026-07-09,DNB.OL,-0.003682123183269347,control_bank,0.0,False,0.0,0.0,0.0
2026-07-09,LLOY.L,0.0022809506066408,control_bank,0.0,False,0.0,0.0,0.0
2026-07-09,NWG.L,0.002584769737730512,control_bank,0.0,False,0.0,0.0,0.0
2026-07-09,UBSG.SW,0.014190889208943009,control_bank,0.0,False,0.0,0.0,0.0
2026-07-09,MA,0.007833564892396538,payments,-1.0,False,0.0,-1.0,0.0
2026-07-09,V,-0.0033552889313132887,payments,-1.0,False,0.0,-1.0,0.0
2026-07-09,AXP,0.02866400303163128,payments,-1.0,False,0.0,-1.0,0.0
2026-07-09,PYPL,0.03205319174372723,payments,-1.0,False,0.0,-1.0,0.0
2026-07-09,GPN,0.02916964014766018,payments,-1.0,False,0.0,-1.0,0.0
2026-07-09,AAPL,-0.008220232141868648,device,0.0,False,0.0,0.0,0.0
2026-07-09,GOOGL,-0.02687352191489908,device,0.0,False,0.0,0.0,0.0
2026-07-09,AMZN,-0.007845015479949598,bigtech,0.0,False,0.0,0.0,0.0
2026-07-09,META,0.08487682520307563,bigtech,0.0,False,0.0,0.0,0.0
2026-07-14,DBK.DE,0.008563539032716054,bank,-1.0,False,-1.0,0.0,0.0
2026-07-14,CBK.DE,-0.03609643641942239,bank,-1.0,False,-1.0,0.0,0.0
2026-07-14,BNP.PA,0.0035074336481705167,bank,-1.0,False,-1.0,0.0,0.0
2026-07-14,GLE.PA,0.0033749066384172986,bank,-1.0,False,-1.0,0.0,0.0
2026-07-14,ACA.PA,0.0039623461831732425,bank,-1.0,False,-1.0,0.0,0.0
2026-07-14,SAN.MC,-0.018453068556026495,bank,-1.0,False,-1.0,0.0,0.0
2026-07-14,BBVA.MC,-0.025219584016549147,bank,-1.0,False,-1.0,0.0,0.0
2026-07-14,CABK.MC,-0.016681691906965217,bank,-1.0,False,-1.0,0.0,0.0
2026-07-14,SAB.MC,-0.014880034752951916,bank,-1.0,False,-1.0,0.0,0.0
2026-07-14,BKT.MC,-0.006327595029908869,bank,-1.0,False,-1.0,0.0,0.0
2026-07-14,UNI.MC,-0.022092871777172358,bank,-1.0,False,-1.0,0.0,0.0
2026-07-14,ISP.MI,-0.00761667445229218,bank,-1.0,False,-1.0,0.0,0.0
2026-07-14,UCG.MI,-0.033147054011158805,bank,-1.0,False,-1.0,0.0,0.0
2026-07-14,BAMI.MI,-0.02077313083104123,bank,-1.0,False,-1.0,0.0,0.0
2026-07-14,BPE.MI,-0.029681081829035453,bank,-1.0,False,-1.0,0.0,0.0
2026-07-14,MB.MI,-0.02454149733183375,bank,-1.0,False,-1.0,0.0,0.0
2026-07-14,INGA.AS,0.008132589566322238,bank,-1.0,False,-1.0,0.0,0.0
2026-07-14,ABN.AS,-0.0026172597745582095,bank,-1.0,False,-1.0,0.0,0.0
2026-07-14,KBC.BR,-0.010176717837733612,bank,-1.0,False,-1.0,0.0,0.0
2026-07-14,EBS.VI,-0.026700866775210753,bank,-1.0,False,-1.0,0.0,0.0
2026-07-14,RBI.VI,-0.009619775556737462,bank,-1.0,False,-1.0,0.0,0.0
2026-07-14,BG.VI,-0.020628102233925173,bank,-1.0,False,-1.0,0.0,0.0
2026-07-14,BIRG.IR,-0.004352849208115678,bank,-1.0,False,-1.0,0.0,0.0
2026-07-14,A5G.IR,-0.0017840008912206572,bank,-1.0,False,-1.0,0.0,0.0
2026-07-14,ETE.AT,-0.05323112202106714,bank,-1.0,False,-1.0,0.0,0.0
2026-07-14,EUROB.AT,-0.045535157806725346,bank,-1.0,False,-1.0,0.0,0.0
2026-07-14,ALPHA.AT,-0.03475755720750166,bank,-1.0,False,-1.0,0.0,0.0
2026-07-14,TPEIR.AT,-0.021321258716040993,bank,-1.0,False,-1.0,0.0,0.0
2026-07-14,BCP.LS,-0.007089061375288499,bank,-1.0,False,-1.0,0.0,0.0
2026-07-14,NEXI.MI,0.039387835851652085,payments,0.0,False,0.0,0.0,0.0
2026-07-14,WLN.PA,0.04298310959863863,payments,0.0,False,0.0,0.0,0.0
2026-07-14,ADYEN.AS,0.02919358696824359,payments,0.0,False,0.0,0.0,0.0
2026-07-14,WISE.L,-0.0007467752324485395,payments,0.0,False,0.0,0.0,0.0
2026-07-14,SWED-A.ST,0.0016882460622272702,control_bank,0.0,False,0.0,0.0,0.0
2026-07-14,SHB-A.ST,-0.03615784546552448,control_bank,0.0,False,0.0,0.0,0.0
2026-07-14,DANSKE.CO,0.0021877934181529796,control_bank,0.0,False,0.0,0.0,0.0
2026-07-14,DNB.OL,-0.016895461931217482,control_bank,0.0,False,0.0,0.0,0.0
2026-07-14,LLOY.L,0.004174997400539037,control_bank,0.0,False,0.0,0.0,0.0
2026-07-14,NWG.L,0.0003464828252984706,control_bank,0.0,False,0.0,0.0,0.0
2026-07-14,UBSG.SW,0.038997019579046,control_bank,0.0,False,0.0,0.0,0.0
2026-07-14,MA,-0.008502031228514173,payments,0.0,False,0.0,0.0,0.0
2026-07-14,V,-0.01159521095477438,payments,0.0,False,0.0,0.0,0.0
2026-07-14,AXP,0.0045618683966928515,payments,0.0,False,0.0,0.0,0.0
2026-07-14,PYPL,0.15113765423209677,payments,0.0,False,0.0,0.0,0.0
2026-07-14,GPN,0.0120899438047052,payments,0.0,False,0.0,0.0,0.0
2026-07-14,AAPL,0.0229445341777128,device,0.0,False,0.0,0.0,0.0
2026-07-14,GOOGL,0.042390996346942,device,0.0,False,0.0,0.0,0.0
2026-07-14,AMZN,0.02193047965133015,bigtech,0.0,False,0.0,0.0,0.0
2026-07-14,META,0.024375893478506598,bigtech,0.0,False,0.0,0.0,0.0
