theta_pp,sd_car,reps,power,firms,events,bank_events,provider_events
0.0,0.015,2000,0.0645,44,22,10,8
0.5,0.015,2000,0.56,44,22,10,8
0.75,0.015,2000,0.8585,44,22,10,8
1.0,0.015,2000,0.9785,44,22,10,8
1.25,0.015,2000,1.0,44,22,10,8
1.7500000000000002,0.015,2000,1.0,44,22,10,8
0.0,0.016,2000,0.0515,44,22,10,8
0.5,0.016,2000,0.496,44,22,10,8
0.75,0.016,2000,0.8235,44,22,10,8
1.0,0.016,2000,0.9725,44,22,10,8
1.25,0.016,2000,0.9955,44,22,10,8
1.7500000000000002,0.016,2000,1.0,44,22,10,8
0.0,0.025,2000,0.0595,44,22,10,8
0.5,0.025,2000,0.248,44,22,10,8
0.75,0.025,2000,0.4645,44,22,10,8
1.0,0.025,2000,0.712,44,22,10,8
1.25,0.025,2000,0.8635,44,22,10,8
1.7500000000000002,0.025,2000,0.988,44,22,10,8
