organisation,category
ADGM,other
AEB,bank_assoc
AEBANCA,bank_assoc
AEBANCA URIA,bank_assoc
AEFI,other
ATM Industry Association,other
Abanca,bank
AmCham Belgium,other
AmCham EU,other
Amazon,bigtech
American Express,payments
Apple Inc.,bigtech
Asociación Española de Banca,bank_assoc
Association of Credit Card Issuers Europe,other
Association of German Banks,bank_assoc
Associazione Bancaria Italiana,bank_assoc
Austrian Federal Economic Chamber,other
Austrian Ministry of Finance,other
BBVA,bank
BEUC,civil_society
BNP Paribas,bank
BNP Paribas Deutsche Bank Intesa Sanpaolo,other
BNP Paribas Société Générale,other
BNY,bank
BPCE,bank
BPFI,bank_assoc
BVR,bank_assoc
Banco Santander,bank
Banco de España,other
Bank of England,other
Bank of Italy,other
Bizum,payments
Bruegel,other
Brunswick Group,other
Brussels Privacy Hub,other
Bundesbank,other
Bundesverband deutscher Banken,bank_assoc
CAN-E,other
CBANK,other
CDU CSU Member,other
CECA,bank_assoc
CECA Bank,bank
CaixaBank,bank
Caribbean Progress Studies Institute,other
Cash Chapter,other
Circle,payments
Circle Internet Financial,payments
Climate Strategie,other
Confcommercio FIPE,retail
Consejo Europeo,other
Consob,other
Crédit Agricole,bank
Crédit Mutuel,bank
DCCG,other
DIGITALEUROPE,bigtech
DSGV,bank_assoc
Deutsche Bank,bank
Deutsche Bundesbank,other
Die Deutsche Kreditwirtschaft,bank_assoc
Digital Euro Association,other
Digital Europe,bigtech
Dutch Banking Association,bank_assoc
Dutch Central Bank,other
Dutch Ministry of Finance,other
EACB,bank_assoc
EACT,other
ECB,other
EDPIA,payments
EDRi epicenter.works,civil_society
EEB,other
EPI,payments
EPI Company,payments
EPIF,payments
ESBG,bank_assoc
ETNO,other
Ecommerce Europe,retail
Erste Group,bank
Euro Digital,other
EuroCommerce,retail
Eurogroup Working Group President,other
European Banking Federation,bank_assoc
European Central Bank,other
European Commission,other
European Economic and Social Committee,other
European Investment Bank,other
European Payment Institutions Federation,payments
European Payments Initiative,payments
FBF,bank_assoc
FIPE,retail
Finance Watch,civil_society
Finanzwende,civil_society
Finland Chamber of Commerce,other
Finnish Permanent Representation,other
French Banking Federation,bank_assoc
French Treasury,other
French Treasury DG,other
Frida Stokland,other
Fédération bancaire française,bank_assoc
German Banking Association,bank_assoc
German Banking Industry Committee,bank_assoc
German Finance Minister,other
Giesecke+Devrient,other
Global Counsel,other
Groupe BPCE,bank
Groupe SEB,retail
Grupo Social ONCE,other
Hispano Vema,retail
ING,bank
ING Global,bank
Ibercaja,bank
Iberpay,payments
Inditex,retail
Institute of International Finance,other
International Monetary Fund,other
Intesa Sanpaolo,bank
Irish Ambassador,other
Irish Permprep,other
Italian Banking Association,bank_assoc
KPMG,other
La Banque Postale,bank
Lysios Public Affairs,other
Mastercard,payments
Mastercard Europe,payments
Mercadona,retail
Meta,bigtech
Mint Association,other
National Bank of Belgium,other
Netherlands Deputy Treasurer-General,other
Nexi Group,payments
Nordic Finance,other
OeNB,other
OeNB Representation,other
Philip Morris International,other
Plataforma Denaria,other
Polish PermRep,other
Positive Money,civil_society
Positive Money Europe,civil_society
PositiveMoney Finance Watch BEUC,civil_society
President of the Eurogroup,other
RPUE,other
Rabobank,bank
Radboud University,other
Revolut,payments
Revolut Europa,payments
Ripple Labs,payments
Ryanair Holdings,retail
SIBS,payments
Satispay,payments
Société Générale,bank
Spanish Banking Association,bank_assoc
Sparkassen ESBG,bank_assoc
Stichting Circle Economy,other
Swift,payments
TotalEnergies,retail
UBS Group,bank
UK Financial Conduct Authority,other
UniCredit,bank
University of Basel,other
University of Bern,other
University of Frankfurt,other
VOEB,bank_assoc
VZBV,civil_society
VZBV BEUC,civil_society
Visa Europe,payments
Wise,payments
epicenter.works,civil_society
Österreichischer Sparkassenverband,bank_assoc
