sheet,0,1,2,3,4,5,6,7,8,9,10,11,12,13,14,15,16
Banks list,2020 Spring EU-wide Transparency Exercise,,,,,,,For reference - previous exercises,,,,,,,,,
Banks list,Country,Desc_country,SSM,LEI_Code,Name,Finrep,Fin_year_end,TE_19,LEI_Code_TE19,TE_18,LEI_Code_TE18,TR_17,LEI_Code_17,TR_16,LEI_Code_TR16,TR_15,LEI_Code_TR15
Banks list,AT,Austria,Yes,529900IZ8TASAYR3A694,Sberbank Europe AG,Yes - IFRS,31/12,Y,529900IZ8TASAYR3A694,Y,529900IZ8TASAYR3A694,Y,529900IZ8TASAYR3A694,Y,529900IZ8TASAYR3A694,N,
Banks list,AT,Austria,Yes,529900S9YO2JHTIIDG38,BAWAG Group AG,Yes - IFRS,31/12,Y,529900S9YO2JHTIIDG38,Y,529900S9YO2JHTIIDG38,Y,5299004SNO5GECIBWJ18,Y,5299004SNO5GECIBWJ18,Y,5299004SNO5GECIBWJ18
Banks list,AT,Austria,Yes,529900XSTAE561178282,Raiffeisenbankengruppe OÖ Verbund eGen,Yes - IFRS,31/12,Y,529900XSTAE561178282,Y,529900XSTAE561178282,Y,529900XSTAE561178282,Y,529900XSTAE561178282,Y,529900XSTAE561178282
Banks list,AT,Austria,Yes,9ZHRYM6F437SQJ6OUG95,Raiffeisen Bank International AG,Yes - IFRS,31/12,Y,9ZHRYM6F437SQJ6OUG95,Y,9ZHRYM6F437SQJ6OUG95,Y,9ZHRYM6F437SQJ6OUG95,N,,N,
Banks list,AT,Austria,Yes,AT0000000000043000VB,Volksbanken Verbund,Yes - IFRS,31/12,Y,AT0000000000043000VB,Y,AT0000000000043000VB,Y,AT0000000000043000VB,Y,529900D4CD6DIB3CI904,N,
Banks list,AT,Austria,Yes,PQOH26KWDF7CG10L6792,Erste Group Bank AG,Yes - IFRS,31/12,Y,PQOH26KWDF7CG10L6792,Y,PQOH26KWDF7CG10L6792,Y,PQOH26KWDF7CG10L6792,Y,PQOH26KWDF7CG10L6792,Y,PQOH26KWDF7CG10L6792
Banks list,BE,Belgium,Yes,213800X3Q9LSAKRUWY91,KBC Groep,Yes - IFRS,31/12,Y,213800X3Q9LSAKRUWY91,Y,213800X3Q9LSAKRUWY91,Y,213800X3Q9LSAKRUWY91,Y,213800X3Q9LSAKRUWY91,Y,213800X3Q9LSAKRUWY91
Banks list,BE,Belgium,Yes,5493008QOCP58OLEN998,Investeringsmaatschappij Argenta,Yes - IFRS,31/12,Y,5493008QOCP58OLEN998,Y,5493008QOCP58OLEN998,Y,5493008QOCP58OLEN998,Y,5493008QOCP58OLEN998,Y,5493008QOCP58OLEN998
Banks list,BE,Belgium,Yes,A5GWLFH3KM7YV2SFQL84,Belfius Bank,Yes - IFRS,31/12,Y,A5GWLFH3KM7YV2SFQL84,Y,A5GWLFH3KM7YV2SFQL84,Y,A5GWLFH3KM7YV2SFQL84,Y,A5GWLFH3KM7YV2SFQL84,Y,A5GWLFH3KM7YV2SFQL84
Banks list,BE,Belgium,Yes,D3K6HXMBBB6SK9OXH394,Dexia,Yes - IFRS,31/12,Y,D3K6HXMBBB6SK9OXH394,Y,D3K6HXMBBB6SK9OXH394,Y,D3K6HXMBBB6SK9OXH394,Y,D3K6HXMBBB6SK9OXH394,Y,D3K6HXMBBB6SK9OXH394
Banks list,BE,Belgium,Yes,LSGM84136ACA92XCN876,AXA Bank Belgium,Yes - IFRS,31/12,Y,LSGM84136ACA92XCN876,Y,LSGM84136ACA92XCN876,Y,LSGM84136ACA92XCN876,Y,LSGM84136ACA92XCN876,Y,LSGM84136ACA92XCN876
Banks list,BE,Belgium,Yes,MMYX0N4ZEZ13Z4XCG897,The Bank of New York Mellon,Yes - IFRS,31/12,Y,MMYX0N4ZEZ13Z4XCG897,Y,MMYX0N4ZEZ13Z4XCG897,Y,MMYX0N4ZEZ13Z4XCG897,Y,MMYX0N4ZEZ13Z4XCG897,N,
Banks list,BG,Bulgaria,No,549300UY81ESCZJ0GR95,First Investment Bank,Yes - IFRS,31/12,Y,549300UY81ESCZJ0GR95,Y,549300UY81ESCZJ0GR95,Y,549300UY81ESCZJ0GR95,Y,549300UY81ESCZJ0GR95,N,
Banks list,CY,Cyprus,Yes,253400EBCBBVB9TUHN50,RCB Bank Ltd,No FINREP,31/12,Y,253400EBCBBVB9TUHN50,Y,253400EBCBBVB9TUHN50,Y,253400EBCBBVB9TUHN50,Y,253400EBCBBVB9TUHN50,N,
Banks list,CY,Cyprus,Yes,635400L14KNHZXPUZM19,Bank of Cyprus Holdings Public Limited Company,Yes - IFRS,31/12,Y,635400L14KNHZXPUZM19,Y,635400L14KNHZXPUZM19,Y,635400L14KNHZXPUZM19,Y,PQ0RAP85KK9Z75ONZW93,Y,PQ0RAP85KK9Z75ONZW93
Banks list,CY,Cyprus,Yes,CXUHEGU3MADZ2CEV7C11,Hellenic Bank Public Company Ltd,Yes - IFRS,31/12,Y,CXUHEGU3MADZ2CEV7C11,Y,CXUHEGU3MADZ2CEV7C11,Y,CXUHEGU3MADZ2CEV7C11,Y,CXUHEGU3MADZ2CEV7C11,Y,CXUHEGU3MADZ2CEV7C11
Banks list,DE,Germany,Yes,0W2PZJM8XOY22M4GG883,DekaBank Deutsche Girozentrale,Yes - IFRS,31/12,Y,0W2PZJM8XOY22M4GG883,Y,0W2PZJM8XOY22M4GG883,Y,0W2PZJM8XOY22M4GG883,Y,0W2PZJM8XOY22M4GG883,Y,0W2PZJM8XOY22M4GG883
Banks list,DE,Germany,Yes,391200EEGLNXBBCVKC73,Erwerbsgesellschaft der S-Finanzgruppe mbH & Co. KG,Yes - GAAP,31/12,Y,391200EEGLNXBBCVKC73,Y,391200EEGLNXBBCVKC73,Y,391200EEGLNXBBCVKC73,Y,391200EEGLNXBBCVKC73,Y,391200EEGLNXBBCVKC73
Banks list,DE,Germany,Yes,5299007S3UH5RKUYDA52,Deutsche Apotheker- und Ärztebank EG,No FINREP,31/12,Y,5299007S3UH5RKUYDA52,Y,5299007S3UH5RKUYDA52,Y,5299007S3UH5RKUYDA52,Y,5299007S3UH5RKUYDA52,Y,5299007S3UH5RKUYDA52
Banks list,DE,Germany,Yes,529900GJD3OQLRZCKW37,Volkswagen Bank Gesellschaft mit beschränkter Haftung,Yes - IFRS,31/12,Y,529900GJD3OQLRZCKW37,Y,529900GJD3OQLRZCKW37,N,,N,,N,
Banks list,DE,Germany,Yes,529900GM944JT8YIRL63,Münchener Hypothekenbank EG,No FINREP,31/12,Y,529900GM944JT8YIRL63,Y,529900GM944JT8YIRL63,Y,529900GM944JT8YIRL63,Y,529900GM944JT8YIRL63,Y,529900GM944JT8YIRL63
Banks list,DE,Germany,Yes,529900HNOAA1KXQJUQ27,"DZ BANK AG Deutsche Zentral-Genossenschaftsbank, Frankfurt am Main",Yes - IFRS,31/12,Y,529900HNOAA1KXQJUQ27,Y,529900HNOAA1KXQJUQ27,Y,529900HNOAA1KXQJUQ27,Y,529900HNOAA1KXQJUQ27,Y,529900HNOAA1KXQJUQ27
Banks list,DE,Germany,Yes,529900JZTYE3W7WQH904,HASPA Finanzholding,Yes - GAAP,31/12,Y,529900JZTYE3W7WQH904,Y,529900JZTYE3W7WQH904,Y,529900JZTYE3W7WQH904,Y,529900JZTYE3W7WQH904,Y,529900JZTYE3W7WQH904
Banks list,DE,Germany,Yes,529900V3O1M5IHMOSF46,State Street Europe Holdings Germany S.a.r.l. & Co. KG,Yes - GAAP,31/12,Y,529900V3O1M5IHMOSF46,Y,529900V3O1M5IHMOSF46,Y,529900V3O1M5IHMOSF46,N,,N,
Banks list,DE,Germany,Yes,7LTWFZYICNSX8D621K86,Deutsche Bank AG,Yes - IFRS,31/12,Y,7LTWFZYICNSX8D621K86,Y,7LTWFZYICNSX8D621K86,Y,7LTWFZYICNSX8D621K86,Y,7LTWFZYICNSX8D621K86,Y,7LTWFZYICNSX8D621K86
Banks list,DE,Germany,Yes,851WYGNLUQLFZBSYGB56,COMMERZBANK Aktiengesellschaft,Yes - IFRS,31/12,Y,851WYGNLUQLFZBSYGB56,Y,851WYGNLUQLFZBSYGB56,Y,851WYGNLUQLFZBSYGB56,Y,851WYGNLUQLFZBSYGB56,Y,851WYGNLUQLFZBSYGB56
Banks list,DE,Germany,Yes,B81CK4ESI35472RHJ606,Landesbank Baden-Württemberg,Yes - IFRS,31/12,Y,B81CK4ESI35472RHJ606,Y,B81CK4ESI35472RHJ606,Y,B81CK4ESI35472RHJ606,Y,B81CK4ESI35472RHJ606,Y,B81CK4ESI35472RHJ606
Banks list,DE,Germany,Yes,DIZES5CFO5K3I5R58746,Landesbank Hessen-Thüringen Girozentrale,Yes - IFRS,31/12,Y,DIZES5CFO5K3I5R58746,Y,DIZES5CFO5K3I5R58746,Y,DIZES5CFO5K3I5R58746,Y,DIZES5CFO5K3I5R58746,Y,DIZES5CFO5K3I5R58746
Banks list,DE,Germany,Yes,DSNHHQ2B9X5N6OUJ1236,Norddeutsche Landesbank -Girozentrale-,Yes - IFRS,31/12,Y,DSNHHQ2B9X5N6OUJ1236,Y,DSNHHQ2B9X5N6OUJ1236,Y,DSNHHQ2B9X5N6OUJ1236,Y,DSNHHQ2B9X5N6OUJ1236,Y,DSNHHQ2B9X5N6OUJ1236
Banks list,DE,Germany,Yes,DZZ47B9A52ZJ6LT6VV95,Deutsche Pfandbriefbank AG,Yes - IFRS,31/12,Y,DZZ47B9A52ZJ6LT6VV95,Y,DZZ47B9A52ZJ6LT6VV95,Y,DZZ47B9A52ZJ6LT6VV95,Y,DZZ47B9A52ZJ6LT6VV95,Y,52990082YOVOZIC8QX60
Banks list,DE,Germany,Yes,EZKODONU5TYHW4PP1R34,Aareal Bank AG,Yes - IFRS,31/12,Y,EZKODONU5TYHW4PP1R34,Y,EZKODONU5TYHW4PP1R34,Y,EZKODONU5TYHW4PP1R34,Y,EZKODONU5TYHW4PP1R34,Y,EZKODONU5TYHW4PP1R34
Banks list,DE,Germany,Yes,TUKDD90GPC79G1KOE162,Hamburg Commercial Bank AG,Yes - IFRS,31/12,Y,TUKDD90GPC79G1KOE162,Y,529900OQ416JMY9LQO42,Y,529900OQ416JMY9LQO42,N,,N,
Banks list,DE,Germany,Yes,VDYMYTQGZZ6DU0912C88,Bayerische Landesbank,Yes - IFRS,31/12,Y,VDYMYTQGZZ6DU0912C88,Y,VDYMYTQGZZ6DU0912C88,Y,VDYMYTQGZZ6DU0912C88,Y,VDYMYTQGZZ6DU0912C88,Y,VDYMYTQGZZ6DU0912C88
Banks list,DK,Denmark,No,3M5E1GQGKL17HI6CPN30,Jyske Bank A/S,Yes - IFRS,31/12,Y,3M5E1GQGKL17HI6CPN30,Y,3M5E1GQGKL17HI6CPN30,Y,3M5E1GQGKL17HI6CPN30,Y,3M5E1GQGKL17HI6CPN30,Y,3M5E1GQGKL17HI6CPN30
Banks list,DK,Denmark,No,GP5DT10VX1QRQUKVBK64,Sydbank A/S,Yes - IFRS,31/12,Y,GP5DT10VX1QRQUKVBK64,Y,GP5DT10VX1QRQUKVBK64,Y,GP5DT10VX1QRQUKVBK64,Y,GP5DT10VX1QRQUKVBK64,Y,GP5DT10VX1QRQUKVBK64
Banks list,DK,Denmark,No,LIU16F6VZJSD6UKHD557,Nykredit Realkredit A/S,Yes - IFRS,31/12,Y,LIU16F6VZJSD6UKHD557,Y,LIU16F6VZJSD6UKHD557,Y,LIU16F6VZJSD6UKHD557,Y,LIU16F6VZJSD6UKHD557,Y,LIU16F6VZJSD6UKHD557
Banks list,DK,Denmark,No,MAES062Z21O4RZ2U7M96,Danske Bank A/S,Yes - IFRS,31/12,Y,MAES062Z21O4RZ2U7M96,Y,MAES062Z21O4RZ2U7M96,Y,MAES062Z21O4RZ2U7M96,Y,MAES062Z21O4RZ2U7M96,Y,MAES062Z21O4RZ2U7M96
Banks list,EE,Estonia,Yes,529900JG015JC10LED24,AS LHV Group,YES - IFRS,31/12,Y,529900JG015JC10LED24,Y,529900JG015JC10LED24,Y,529900JG015JC10LED24,N,,N,
Banks list,EE,Estonia,Yes,213800RZWHE5EUX9R444,Luminor Holding AS,Yes - IFRS,2020-12-31 00:00:00,N,,N,,N,,N,,N,
Banks list,ES,Spain,Yes,95980020140005881190,"Banco de Crédito Social Cooperativo, S.A.",Yes - IFRS,31/12,Y,95980020140005881190,Y,95980020140005881190,Y,95980020140005881190,Y,95980020140005881190,Y,95980020140005881190
Banks list,ES,Spain,Yes,5493006QMFDDMYWIAM13,"Banco Santander, S.A.",Yes - IFRS,31/12,Y,5493006QMFDDMYWIAM13,Y,5493006QMFDDMYWIAM13,Y,5493006QMFDDMYWIAM13,Y,5493006QMFDDMYWIAM13,Y,5493006QMFDDMYWIAM13
Banks list,ES,Spain,Yes,5493007SJLLCTM6J6M37,"Unicaja Banco, S.A.",Yes - IFRS,31/12,Y,5493007SJLLCTM6J6M37,Y,5493007SJLLCTM6J6M37,Y,5493007SJLLCTM6J6M37,Y,5493007SJLLCTM6J6M37,Y,5493007SJLLCTM6J6M37
Banks list,ES,Spain,Yes,549300GT0XFTFHGOIS94,"BFA Tenedora de Acciones, S.A.U.",Yes - IFRS,31/12,Y,549300GT0XFTFHGOIS94,Y,549300GT0XFTFHGOIS94,Y,549300GT0XFTFHGOIS94,Y,549300TJUHHEE8YXKI59,Y,549300TJUHHEE8YXKI59
Banks list,ES,Spain,Yes,549300OLBL49CW8CT155,"Ibercaja Banco, S.A.",Yes - IFRS,31/12,Y,549300OLBL49CW8CT155,Y,549300OLBL49CW8CT155,Y,549300OLBL49CW8CT155,Y,549300OLBL49CW8CT155,Y,549300OLBL49CW8CT155
Banks list,ES,Spain,Yes,549300U4LIZV0REEQQ46,"Kutxabank, S.A.",Yes - IFRS,31/12,Y,549300U4LIZV0REEQQ46,Y,549300U4LIZV0REEQQ46,Y,549300U4LIZV0REEQQ46,Y,549300U4LIZV0REEQQ46,Y,549300U4LIZV0REEQQ46
Banks list,ES,Spain,Yes,635400XT3V7WHLSFYY25,"Liberbank, S.A.",Yes - IFRS,31/12,Y,635400XT3V7WHLSFYY25,Y,635400XT3V7WHLSFYY25,Y,635400XT3V7WHLSFYY25,Y,635400XT3V7WHLSFYY25,Y,635400XT3V7WHLSFYY25
Banks list,ES,Spain,Yes,7CUNS533WID6K7DGFI87,"CaixaBank, S.A.",Yes - IFRS,31/12,Y,7CUNS533WID6K7DGFI87,Y,7CUNS533WID6K7DGFI87,Y,959800DQQUAMV0K08004,Y,959800DQQUAMV0K08004,Y,959800DQQUAMV0K08004
Banks list,ES,Spain,Yes,54930056IRBXK0Q1FP96,Abanca Corporación Bancaria S.A.,Yes - IFRS,31/12,Y,9598003BP0LHPHDWV834,Y,9598003BP0LHPHDWV834,Y,9598003BP0LHPHDWV834,Y,9598003BP0LHPHDWV834,Y,95980020140005986047
Banks list,ES,Spain,Yes,K8MS7FD7N5Z2WQ51AZ71,"Banco Bilbao Vizcaya Argentaria, S.A.",Yes - IFRS,31/12,Y,K8MS7FD7N5Z2WQ51AZ71,Y,K8MS7FD7N5Z2WQ51AZ71,Y,K8MS7FD7N5Z2WQ51AZ71,Y,K8MS7FD7N5Z2WQ51AZ71,Y,K8MS7FD7N5Z2WQ51AZ71
Banks list,ES,Spain,Yes,SI5RG2M0WQQLZCXKRM20,"Banco de Sabadell, S.A.",Yes - IFRS,31/12,Y,SI5RG2M0WQQLZCXKRM20,Y,SI5RG2M0WQQLZCXKRM20,Y,SI5RG2M0WQQLZCXKRM20,Y,SI5RG2M0WQQLZCXKRM20,Y,SI5RG2M0WQQLZCXKRM20
Banks list,ES,Spain,Yes,VWMYAEQSTOPNV0SUGU82,"Bankinter, S.A.",Yes - IFRS,31/12,Y,VWMYAEQSTOPNV0SUGU82,Y,VWMYAEQSTOPNV0SUGU82,Y,VWMYAEQSTOPNV0SUGU82,Y,VWMYAEQSTOPNV0SUGU82,Y,VWMYAEQSTOPNV0SUGU82
Banks list,FI,Finland,Yes,529900HEKOENJHPNN480,Kuntarahoitus Oyj,Yes - IFRS,31/12,Y,529900HEKOENJHPNN480,Y,529900HEKOENJHPNN480,Y,529900HEKOENJHPNN480,Y,529900HEKOENJHPNN480,N,
Banks list,FI,Finland,Yes,529900ODI3047E2LIV03,Nordea Bank Abp,Yes - IFRS,31/12,Y,529900ODI3047E2LIV03,N,,N,,N,,N,
Banks list,FI,Finland,Yes,7437003B5WFBOIEFY714,OP Osuuskunta,Yes - IFRS,31/12,Y,7437003B5WFBOIEFY714,Y,7437003B5WFBOIEFY714,Y,7437003B5WFBOIEFY714,Y,7437003B5WFBOIEFY714,Y,7437003B5WFBOIEFY714
Banks list,FI,Finland,Yes,7437005892K69S3MW344,Säästöpankkiliitto osk,Yes - IFRS,31/12,Y,7437005892K69S3MW344,N,,N,,N,,N,
Banks list,FR,France,Yes,549300HFEHJOXGE4ZE63,SFIL,Yes - IFRS,31/12,Y,549300HFEHJOXGE4ZE63,Y,549300HFEHJOXGE4ZE63,Y,549300HFEHJOXGE4ZE63,Y,549300HFEHJOXGE4ZE63,Y,549300HFEHJOXGE4ZE63
Banks list,FR,France,Yes,96950001WI712W7PQG45,RCI Banque,Yes - IFRS,31/12,Y,96950001WI712W7PQG45,Y,96950001WI712W7PQG45,Y,96950001WI712W7PQG45,Y,96950001WI712W7PQG45,Y,96950001WI712W7PQG45
Banks list,FR,France,Yes,9695000CG7B84NLR5984,Confédération Nationale du Crédit Mutuel,Yes - IFRS,31/12,Y,9695000CG7B84NLR5984,Y,9695000CG7B84NLR5984,Y,9695000CG7B84NLR5984,Y,9695000CG7B84NLR5984,Y,9695000CG7B84NLR5984
Banks list,FR,France,Yes,96950066U5XAAIRCPA78,La Banque Postale,Yes - IFRS,31/12,Y,96950066U5XAAIRCPA78,Y,96950066U5XAAIRCPA78,Y,96950066U5XAAIRCPA78,Y,96950066U5XAAIRCPA78,Y,96950066U5XAAIRCPA78
Banks list,FR,France,Yes,969500TVVZM86W7W5I94,C.R.H. - Caisse de refinancement de l'habitat,No FINREP,31/12,Y,969500TVVZM86W7W5I94,Y,969500TVVZM86W7W5I94,Y,969500TVVZM86W7W5I94,Y,969500TVVZM86W7W5I94,Y,969500TVVZM86W7W5I94
Banks list,FR,France,Yes,FR9695005MSX1OYEMGDF,Groupe BPCE,Yes - IFRS,31/12,Y,FR9695005MSX1OYEMGDF,Y,FR9695005MSX1OYEMGDF,Y,FR9695005MSX1OYEMGDF,Y,FR9695005MSX1OYEMGDF,Y,9695005MSX1OYEMGDF46
Banks list,FR,France,Yes,FR969500TJ5KRTCJQWXH,Groupe Crédit Agricole,Yes - IFRS,31/12,Y,FR969500TJ5KRTCJQWXH,Y,FR969500TJ5KRTCJQWXH,Y,FR969500TJ5KRTCJQWXH,Y,FR969500TJ5KRTCJQWXH,Y,969500TJ5KRTCJQWXH05
Banks list,FR,France,Yes,O2RNE8IBXP4R0TD8PU41,Société générale,Yes - IFRS,31/12,Y,O2RNE8IBXP4R0TD8PU41,Y,O2RNE8IBXP4R0TD8PU41,Y,O2RNE8IBXP4R0TD8PU41,Y,O2RNE8IBXP4R0TD8PU41,Y,O2RNE8IBXP4R0TD8PU41
Banks list,FR,France,Yes,R0MUWSFPU8MPRO8K5P83,BNP Paribas,Yes - IFRS,31/12,Y,R0MUWSFPU8MPRO8K5P83,Y,R0MUWSFPU8MPRO8K5P83,Y,R0MUWSFPU8MPRO8K5P83,Y,R0MUWSFPU8MPRO8K5P83,Y,R0MUWSFPU8MPRO8K5P83
Banks list,FR,France,Yes,R1IO4YJ0O79SMWVCHB58,Banque centrale de compensation,No FINREP,31/12,Y,R1IO4YJ0O79SMWVCHB58,Y,R1IO4YJ0O79SMWVCHB58,Y,R1IO4YJ0O79SMWVCHB58,Y,R1IO4YJ0O79SMWVCHB58,N,
Banks list,GR,Greece,Yes,5299009N55YRQC69CN08,"Alpha Bank, S.A.",Yes - IFRS,31/12,Y,5299009N55YRQC69CN08,Y,5299009N55YRQC69CN08,Y,5299009N55YRQC69CN08,Y,5299009N55YRQC69CN08,N,
Banks list,GR,Greece,Yes,5UMCZOEYKCVFAW8ZLO05,"National Bank of Greece, S.A.",Yes - IFRS,31/12,Y,5UMCZOEYKCVFAW8ZLO05,Y,5UMCZOEYKCVFAW8ZLO05,Y,5UMCZOEYKCVFAW8ZLO05,Y,5UMCZOEYKCVFAW8ZLO05,N,
Banks list,GR,Greece,Yes,JEUVK5RWVJEN8W0C9M24,"Eurobank Ergasias, S.A.",Yes - IFRS,31/12,Y,JEUVK5RWVJEN8W0C9M24,Y,JEUVK5RWVJEN8W0C9M24,Y,JEUVK5RWVJEN8W0C9M24,Y,JEUVK5RWVJEN8W0C9M24,N,
Banks list,GR,Greece,Yes,M6AD1Y1KW32H8THQ6F76,"Piraeus Bank, S.A.",Yes - IFRS,31/12,Y,M6AD1Y1KW32H8THQ6F76,Y,M6AD1Y1KW32H8THQ6F76,Y,M6AD1Y1KW32H8THQ6F76,Y,M6AD1Y1KW32H8THQ6F76,N,
Banks list,HU,Hungary,No,529900W3MOO00A18X956,OTP Bank Nyrt.,Yes - IFRS,31/12,Y,529900W3MOO00A18X956,Y,529900W3MOO00A18X956,Y,529900W3MOO00A18X956,Y,529900W3MOO00A18X956,Y,529900W3MOO00A18X956
Banks list,IE,Ireland,Yes,549300K7L8YW8M215U46,Citibank Holdings Ireland Limited,YES - IFRS,31/12,Y,549300K7L8YW8M215U46,Y,549300K7L8YW8M215U46,Y,549300K7L8YW8M215U46,N,,N,
Banks list,IE,Ireland,Yes,635400AKJBGNS5WNQL34,AIB Group plc,Yes - IFRS,31/12,Y,635400AKJBGNS5WNQL34,Y,635400AKJBGNS5WNQL34,Y,3U8WV1YX2VMUHH7Z1Q21,Y,3U8WV1YX2VMUHH7Z1Q21,Y,3U8WV1YX2VMUHH7Z1Q21
Banks list,IE,Ireland,Yes,635400C8EK6DRI12LJ39,Bank of Ireland Group plc,Yes - IFRS,31/12,Y,635400C8EK6DRI12LJ39,Y,635400C8EK6DRI12LJ39,Y,Q2GQA2KF6XJ24W42G291,Y,Q2GQA2KF6XJ24W42G291,Y,Q2GQA2KF6XJ24W42G291
Banks list,IS,Iceland,No,549300PZMFIQR79Q0T97,Íslandsbanki hf.,Yes - IFRS,31/12,Y,549300PZMFIQR79Q0T97,Y,549300PZMFIQR79Q0T97,N,,N,,N,
Banks list,IS,Iceland,No,549300TLZPT6JELDWM92,Landsbankinn hf.,Yes - IFRS,31/12,Y,549300TLZPT6JELDWM92,Y,549300TLZPT6JELDWM92,N,,N,,N,
Banks list,IS,Iceland,No,RIL4VBPDB0M7Z3KXSF19,Arion banki hf,Yes - IFRS,31/12,Y,RIL4VBPDB0M7Z3KXSF19,Y,RIL4VBPDB0M7Z3KXSF19,N,,N,,N,
Banks list,IT,Italy,Yes,2W8N8UU78PMDQKZENC08,Intesa Sanpaolo S.p.A.,Yes - IFRS,31/12,Y,2W8N8UU78PMDQKZENC08,Y,2W8N8UU78PMDQKZENC08,Y,2W8N8UU78PMDQKZENC08,Y,2W8N8UU78PMDQKZENC08,Y,2W8N8UU78PMDQKZENC08
Banks list,IT,Italy,Yes,549300TRUWO2CD2G5692,UniCredit S.p.A.,Yes - IFRS,31/12,Y,549300TRUWO2CD2G5692,Y,549300TRUWO2CD2G5692,Y,549300TRUWO2CD2G5692,Y,549300TRUWO2CD2G5692,Y,549300TRUWO2CD2G5692
Banks list,IT,Italy,Yes,81560097964CBDAED282,Unione di Banche Italiane S.p.A. ,Yes - IFRS,31/12,Y,81560097964CBDAED282,Y,81560097964CBDAED282,Y,81560097964CBDAED282,Y,81560097964CBDAED282,Y,81560097964CBDAED282
Banks list,IT,Italy,Yes,815600AD83B2B6317788,Credito Emiliano Holding S.p.A.,Yes - IFRS,31/12,Y,815600AD83B2B6317788,Y,815600AD83B2B6317788,Y,815600AD83B2B6317788,Y,815600AD83B2B6317788,Y,815600AD83B2B6317788
Banks list,IT,Italy,Yes,815600E4E6DCD2D25E30,Banco BPM S.p.A.,Yes - IFRS,31/12,Y,815600E4E6DCD2D25E30,Y,815600E4E6DCD2D25E30,Y,815600E4E6DCD2D25E30,N,,N,
Banks list,IT,Italy,Yes,J48C8PCSJVUBR8KCW529,"Banca Popolare di Sondrio, Società Cooperativa per Azioni",Yes - IFRS,31/12,Y,J48C8PCSJVUBR8KCW529,Y,J48C8PCSJVUBR8KCW529,Y,J48C8PCSJVUBR8KCW529,Y,J48C8PCSJVUBR8KCW529,Y,J48C8PCSJVUBR8KCW529
Banks list,IT,Italy,Yes,J4CP7MHCXR8DAQMKIL78,Banca Monte dei Paschi di Siena S.p.A.,Yes - IFRS,31/12,Y,J4CP7MHCXR8DAQMKIL78,Y,J4CP7MHCXR8DAQMKIL78,Y,J4CP7MHCXR8DAQMKIL78,Y,J4CP7MHCXR8DAQMKIL78,Y,J4CP7MHCXR8DAQMKIL78
Banks list,IT,Italy,Yes,LOO0AWXR8GF142JCO404,Cassa Centrale Banca - Credito Cooperativo Italiano SpA,Yes - IFRS,31/12,Y,LOO0AWXR8GF142JCO404,N,,N,,N,,N,
Banks list,IT,Italy,Yes,N747OI7JINV7RUUH6190,BPER Banca S.p.A.,Yes - IFRS,31/12,Y,N747OI7JINV7RUUH6190,Y,N747OI7JINV7RUUH6190,Y,N747OI7JINV7RUUH6190,Y,N747OI7JINV7RUUH6190,Y,N747OI7JINV7RUUH6190
Banks list,IT,Italy,Yes,NNVPP80YIZGEY2314M97,ICCREA Banca S.p.A. – Istituto Centrale del Credito Cooperativo,Yes - IFRS,31/12,Y,NNVPP80YIZGEY2314M97,Y,NNVPP80YIZGEY2314M97,Y,NNVPP80YIZGEY2314M97,Y,815600D79C96B9661149,N,
Banks list,IT,Italy,Yes,PSNL19R2RXX5U3QWHI44,Mediobanca – Banca di Credito Finanziario S.p.A.,Yes - IFRS,30/06,Y,PSNL19R2RXX5U3QWHI44,Y,PSNL19R2RXX5U3QWHI44,Y,PSNL19R2RXX5U3QWHI44,Y,PSNL19R2RXX5U3QWHI44,Y,PSNL19R2RXX5U3QWHI44
Banks list,LT,Lithuania,Yes,549300TK038P6EV4YU51,Akcine bendrove Šiauliu bankas,Yes - IFRS,31/12,Y,549300TK038P6EV4YU51,N,,N,,N,,N,
Banks list,LU,Luxembourg,Yes,549300AUUQG072ATL746,Precision Capital S.A.,Yes - IFRS,31/12,Y,549300AUUQG072ATL746,Y,549300AUUQG072ATL746,Y,549300AUUQG072ATL746,Y,549300AUUQG072ATL746,Y,549300AUUQG072ATL746
Banks list,LU,Luxembourg,Yes,549300IVXKQHV6O7PY61,RBC Investor Services Bank S.A.,Yes - IFRS,31/12,Y,549300IVXKQHV6O7PY61,Y,549300IVXKQHV6O7PY61,Y,549300IVXKQHV6O7PY61,Y,549300IVXKQHV6O7PY61,N,
Banks list,LU,Luxembourg,Yes,7W1GMC6J4KGLBBUSYP52,J.P. Morgan Bank Luxembourg S.A.,No FINREP,31/12,Y,7W1GMC6J4KGLBBUSYP52,Y,7W1GMC6J4KGLBBUSYP52,Y,7W1GMC6J4KGLBBUSYP52,N,,N,
Banks list,LU,Luxembourg,Yes,9CZ7TVMR36CYD5TZBS50,Banque Internationale à Luxembourg,Yes - IFRS,31/12,Y,9CZ7TVMR36CYD5TZBS50,N,,N,,N,,N,
Banks list,LU,Luxembourg,Yes,R7CQUF1DQM73HUTV1078,"Banque et Caisse d’Epargne de l’Etat, Luxembourg",No FINREP,31/12,Y,R7CQUF1DQM73HUTV1078,Y,R7CQUF1DQM73HUTV1078,Y,R7CQUF1DQM73HUTV1078,Y,R7CQUF1DQM73HUTV1078,Y,R7CQUF1DQM73HUTV1078
Banks list,LV,Latvia,Yes,2138009Y59EAR7H1UO97,"Akciju sabiedriba ""Citadele banka""",Yes - IFRS,31/12,Y,2138009Y59EAR7H1UO97,N,,N,,N,,N,
Banks list,MT,Malta,Yes,213800EUDXECGWMKKR98,Commbank Europe Ltd,No FINREP,30/06,Y,213800EUDXECGWMKKR98,Y,213800EUDXECGWMKKR98,Y,213800EUDXECGWMKKR98,Y,213800EUDXECGWMKKR98,N,
Banks list,MT,Malta,Yes,213800TC9PZRBHMJW403,MDB Group Limited,Yes - IFRS,2020-12-31 00:00:00,Y,213800TC9PZRBHMJW403,Y,213800TC9PZRBHMJW403,Y,213800TC9PZRBHMJW403,Y,213800TC9PZRBHMJW403,N,
Banks list,MT,Malta,Yes,529900RWC8ZYB066JF16,Bank of Valletta Plc,Yes - IFRS,31/12,Y,529900RWC8ZYB066JF16,Y,529900RWC8ZYB066JF16,Y,529900RWC8ZYB066JF16,Y,529900RWC8ZYB066JF16,Y,529900RWC8ZYB066JF16
Banks list,NL,Netherlands,Yes,529900GGYMNGRQTDOO93,BNG Bank N.V.,Yes - IFRS,31/12,Y,529900GGYMNGRQTDOO93,Y,529900GGYMNGRQTDOO93,Y,529900GGYMNGRQTDOO93,Y,529900GGYMNGRQTDOO93,Y,529900GGYMNGRQTDOO93
Banks list,NL,Netherlands,Yes,549300NYKK9MWM7GGW15,ING Groep N.V.,Yes - IFRS,31/12,Y,549300NYKK9MWM7GGW15,Y,549300NYKK9MWM7GGW15,Y,549300NYKK9MWM7GGW15,Y,549300NYKK9MWM7GGW15,Y,549300NYKK9MWM7GGW15
Banks list,NL,Netherlands,Yes,724500A1FNICHSDF2I11,de Volksbank N.V.,Yes - IFRS,31/12,Y,724500A1FNICHSDF2I11,Y,724500VLXQUMMD5BJB61,Y,724500VLXQUMMD5BJB61,Y,724500VLXQUMMD5BJB61,Y,72450032NPOX5UJQTI97
Banks list,NL,Netherlands,Yes,BFXS5XCH7N0Y05NIXW11,ABN AMRO Bank N.V.,Yes - IFRS,31/12,Y,BFXS5XCH7N0Y05NIXW11,N,,N,,N,,N,
Banks list,NL,Netherlands,Yes,DG3RU1DBUFHT4ZF9WN62,Coöperatieve Rabobank U.A.,Yes - IFRS,31/12,Y,DG3RU1DBUFHT4ZF9WN62,Y,DG3RU1DBUFHT4ZF9WN62,Y,DG3RU1DBUFHT4ZF9WN62,Y,DG3RU1DBUFHT4ZF9WN62,Y,DG3RU1DBUFHT4ZF9WN62
Banks list,NL,Netherlands,Yes,JLP5FSPH9WPSHY3NIM24,Nederlandse Waterschapsbank N.V.,No FINREP,31/12,Y,JLP5FSPH9WPSHY3NIM24,Y,JLP5FSPH9WPSHY3NIM24,Y,JLP5FSPH9WPSHY3NIM24,Y,JLP5FSPH9WPSHY3NIM24,Y,JLP5FSPH9WPSHY3NIM24
Banks list,NO,Norway,No,549300GKFG0RYRRQ1414,DNB BANK ASA,Yes - IFRS,31/12,Y,549300GKFG0RYRRQ1414,Y,549300GKFG0RYRRQ1414,Y,549300GKFG0RYRRQ1414,Y,549300GKFG0RYRRQ1414,Y,549300GKFG0RYRRQ1414
Banks list,NO,Norway,No,549300Q3OIWRHQUQM052,SPAREBANK 1 SR-BANK ASA,Yes - IFRS,31/12,Y,549300Q3OIWRHQUQM052,Y,549300Q3OIWRHQUQM052,Y,549300Q3OIWRHQUQM052,Y,549300Q3OIWRHQUQM052,N,
Banks list,NO,Norway,No,7V6Z97IO7R1SEAO84Q32,SPAREBANK 1 SMN,Yes - IFRS,31/12,Y,7V6Z97IO7R1SEAO84Q32,Y,7V6Z97IO7R1SEAO84Q32,Y,7V6Z97IO7R1SEAO84Q32,N,,N,
Banks list,PL,Poland,No,5493000LKS7B3UTF7H35,Bank Polska Kasa Opieki SA,Yes - IFRS,31/12,Y,5493000LKS7B3UTF7H35,Y,5493000LKS7B3UTF7H35,Y,5493000LKS7B3UTF7H35,N,,N,
Banks list,PL,Poland,No,P4GTT6GF1W40CVIMFR43,Powszechna Kasa Oszczednosci Bank Polski SA,Yes - IFRS,31/12,Y,P4GTT6GF1W40CVIMFR43,Y,P4GTT6GF1W40CVIMFR43,Y,P4GTT6GF1W40CVIMFR43,Y,P4GTT6GF1W40CVIMFR43,Y,P4GTT6GF1W40CVIMFR43
Banks list,PT,Portugal,Yes,2138004FIUXU3B2MR537,"Caixa Económica Montepio Geral, Caixa Económica Bancária, S.A.",Yes - IFRS,31/12,Y,2138004FIUXU3B2MR537,Y,2138004FIUXU3B2MR537,Y,2138004FIUXU3B2MR537,Y,2138004FIUXU3B2MR537,N,
Banks list,PT,Portugal,Yes,222100K6QL2V4MLHWQ08,LSF Nani Investments S.à r.l.,Yes - IFRS,31/12,Y,222100K6QL2V4MLHWQ08,N,,N,,N,,N,
Banks list,PT,Portugal,Yes,529900H2MBEC07BLTB26,"Caixa Central - Caixa Central de Crédito Agrícola Mútuo, CRL",Yes - IFRS,31/12,Y,529900H2MBEC07BLTB26,Y,529900H2MBEC07BLTB26,Y,529900H2MBEC07BLTB26,Y,529900H2MBEC07BLTB26,N,
Banks list,PT,Portugal,Yes,JU1U6S0DG9YLT7N8ZV32,"Banco Comercial Português, SA",Yes - IFRS,31/12,Y,JU1U6S0DG9YLT7N8ZV32,Y,JU1U6S0DG9YLT7N8ZV32,Y,JU1U6S0DG9YLT7N8ZV32,Y,JU1U6S0DG9YLT7N8ZV32,Y,JU1U6S0DG9YLT7N8ZV32
Banks list,PT,Portugal,Yes,TO822O0VT80V06K0FH57,"Caixa Geral de Depósitos, SA",Yes - IFRS,31/12,Y,TO822O0VT80V06K0FH57,Y,TO822O0VT80V06K0FH57,Y,TO822O0VT80V06K0FH57,Y,TO822O0VT80V06K0FH57,Y,TO822O0VT80V06K0FH57
Banks list,RO,Romania,No,549300RG3H390KEL8896,Banca Transilvania,Yes - IFRS,31/12,Y,549300RG3H390KEL8896,Y,549300RG3H390KEL8896,Y,549300RG3H390KEL8896,Y,549300RG3H390KEL8896,N,
Banks list,SE,Sweden,No,549300C6TUMDXNOVXS82,Länsförsäkringar Bank AB - group,Yes - IFRS,31/12,Y,549300C6TUMDXNOVXS82,Y,549300C6TUMDXNOVXS82,Y,549300C6TUMDXNOVXS82,N,,N,
Banks list,SE,Sweden,No,EV2XZWMLLXF2QRX0CD47,Kommuninvest - group,Yes - IFRS,31/12,Y,EV2XZWMLLXF2QRX0CD47,Y,EV2XZWMLLXF2QRX0CD47,Y,EV2XZWMLLXF2QRX0CD47,Y,EV2XZWMLLXF2QRX0CD47,N,
Banks list,SE,Sweden,No,F3JS33DEI6XQ4ZBPTN86,Skandinaviska Enskilda Banken - group,Yes - IFRS,31/12,Y,F3JS33DEI6XQ4ZBPTN86,Y,F3JS33DEI6XQ4ZBPTN86,Y,F3JS33DEI6XQ4ZBPTN86,Y,F3JS33DEI6XQ4ZBPTN86,Y,F3JS33DEI6XQ4ZBPTN86
Banks list,SE,Sweden,No,H0YX5LBGKDVOWCXBZ594,SBAB Bank AB - group,Yes - IFRS,31/12,Y,H0YX5LBGKDVOWCXBZ594,Y,H0YX5LBGKDVOWCXBZ594,Y,H0YX5LBGKDVOWCXBZ594,Y,H0YX5LBGKDVOWCXBZ594,N,
Banks list,SE,Sweden,No,M312WZV08Y7LYUC71685,Swedbank - group,Yes - IFRS,31/12,Y,M312WZV08Y7LYUC71685,Y,M312WZV08Y7LYUC71685,Y,M312WZV08Y7LYUC71685,Y,M312WZV08Y7LYUC71685,Y,M312WZV08Y7LYUC71685
Banks list,SE,Sweden,No,NHBDILHZTYCNBV5UYZ31,Svenska Handelsbanken - group,Yes - IFRS,31/12,Y,NHBDILHZTYCNBV5UYZ31,Y,NHBDILHZTYCNBV5UYZ31,Y,NHBDILHZTYCNBV5UYZ31,Y,NHBDILHZTYCNBV5UYZ31,Y,NHBDILHZTYCNBV5UYZ31
Banks list,SI,Slovenia,Yes,5493001BABFV7P27OW30,"Nova Ljubljanska Banka d.d., Ljubljana",Yes - IFRS,31/12,Y,5493001BABFV7P27OW30,Y,5493001BABFV7P27OW30,Y,5493001BABFV7P27OW30,Y,5493001BABFV7P27OW30,Y,5493001BABFV7P27OW30
Banks list,GB,United Kingdom,No,2138005O9XJIJN4JPN90,The Royal Bank of Scotland Group Public Limited Company,Yes - IFRS,31/12,Y,2138005O9XJIJN4JPN90,Y,2138005O9XJIJN4JPN90,Y,2138005O9XJIJN4JPN90,Y,2138005O9XJIJN4JPN90,Y,2138005O9XJIJN4JPN90
Banks list,GB,United Kingdom,No,549300PPXHEU2JF0AM85,Lloyds Banking Group Plc,Yes - IFRS,31/12,Y,549300PPXHEU2JF0AM85,Y,549300PPXHEU2JF0AM85,Y,549300PPXHEU2JF0AM85,Y,549300PPXHEU2JF0AM85,Y,549300PPXHEU2JF0AM85
Banks list,GB,United Kingdom,No,549300XFX12G42QIKN82,Nationwide Building Society,Yes - IFRS,04/04,Y,549300XFX12G42QIKN82,Y,549300XFX12G42QIKN82,Y,549300XFX12G42QIKN82,N,,N,
Banks list,GB,United Kingdom,No,G5GSEF7VJP5I7OUK5573,Barclays Plc,Yes - IFRS,31/12,Y,G5GSEF7VJP5I7OUK5573,Y,G5GSEF7VJP5I7OUK5573,Y,G5GSEF7VJP5I7OUK5573,Y,G5GSEF7VJP5I7OUK5573,Y,G5GSEF7VJP5I7OUK5573
Banks list,GB,United Kingdom,No,MLU0ZO3ML4LN2LL2TL39,HSBC Holdings Plc,Yes - IFRS,31/12,Y,MLU0ZO3ML4LN2LL2TL39,Y,MLU0ZO3ML4LN2LL2TL39,Y,MLU0ZO3ML4LN2LL2TL39,Y,MLU0ZO3ML4LN2LL2TL39,Y,MLU0ZO3ML4LN2LL2TL39
Banks list,GB,United Kingdom,No,U4LOSYZ7YG4W3S5F2G91,Standard Chartered Plc,Yes - IFRS,31/12,Y,U4LOSYZ7YG4W3S5F2G91,Y,U4LOSYZ7YG4W3S5F2G91,Y,U4LOSYZ7YG4W3S5F2G91,N,,N,
Banks list,OT,Other,No,xxxxxxxxxxxxxxxxxxxx,All other banks,,,Y,xxxxxxxxxxxxxxxxxxxx,Y,xxxxxxxxxxxxxxxxxxxx,Y,xxxxxxxxxxxxxxxxxxxx,Y,xxxxxxxxxxxxxxxxxxxx,N,
Other Banks,"List of banks included in the aggregate ""All Other banks""",,,,Period included:,,,,,,,,,,,,
Other Banks,Country,Desc_country,LEI_Code,Name,2019-09-30 00:00:00,2019-12-31 00:00:00,,,,,,,,,,,
Other Banks,FR,France,969500FYSB4IT3QWYB65,Bpifrance S.A. (Banque Publique d’Investissement),Y,Y,,,,,,,,,,,
Other Banks,GB,United Kingdom,549300Z1UDXFNOBBUI23,J P Morgan Capital Holdings Limited,Y,Y,,,,,,,,,,,
Other Banks,GB,United Kingdom,5493004FUULDQTMX0W20,Citigroup Global Markets Europe Limited,Y,Y,,,,,,,,,,,
Other Banks,GB,United Kingdom,2138004G59FXEAZ6IO10,Coventry Building Society,Y,Y,,,,,,,,,,,
Other Banks,GB,United Kingdom,549300FK5LWVMQ9QY386,Credit Suisse Investments (UK),Y,Y,,,,,,,,,,,
Other Banks,GB,United Kingdom,549300RQT6K4WXZL3083,Goldman Sachs Group UK  Limited,Y,Y,,,,,,,,,,,
Other Banks,GB,United Kingdom,5493004I1J5XW2WFNE95,Merrill Lynch UK Holdings Ltd,Y,Y,,,,,,,,,,,
Other Banks,GB,United Kingdom,U7M81AY481YLIOR75625,Mitsubishi UFJ Securities International PLC,Y,Y,,,,,,,,,,,
Other Banks,GB,United Kingdom,213800HZ54TG54H2KV03,Mizuho International PLC,Y,Y,,,,,,,,,,,
Other Banks,GB,United Kingdom,LSMWH68Y2RHEDP8W5261,Morgan Stanley International Ltd,Y,Y,,,,,,,,,,,
Other Banks,GB,United Kingdom,213800ZK9VGCYYR6O495,Clydesdale Bank plc,Y,Y,,,,,,,,,,,
Other Banks,GB,United Kingdom,549300IU15NXFPV2FC82,Nomura Europe Holdings PLC,Y,Y,,,,,,,,,,,
Other Banks,GB,United Kingdom,TXDSU46SXBWIGJ8G8E98,RBC Europe Limited,Y,Y,,,,,,,,,,,
Other Banks,GB,United Kingdom,213800TLZ6PCLYPSR448,The Co-operative Bank Plc,Y,Y,,,,,,,,,,,
Other Banks,GB,United Kingdom,WXD0EHQRPI7HKN3I5T57,Yorkshire Building Society,Y,Y,,,,,,,,,,,
Other Banks,GB,United Kingdom,NT7C58H5HPZYKZDPOO64,Sumitomo Mitsui Banking Corporation Europe Limited,Y,Y,,,,,,,,,,,
Other Banks,IE,Ireland,EQYXK86SF381Q21S3020,Bank of America Merrill Lynch International Designated Activity Company,Y,Y,,,,,,,,,,,
Other Banks,LU,Luxembourg,RNVZOEETEJ32KW0QXS82,State Street Bank Luxembourg S.C.A.,Y,,,,,,,,,,,,
Other Banks,NL,Netherlands,DG3RU1DBUFHT4ZF9WN62,Coöperatieve Rabobank U.A.,Y,,,,,,,,,,,,
Other Banks,NL,Netherlands,529900GGYMNGRQTDOO93,BNG Bank N.V.,Y,,,,,,,,,,,,
Other Banks,NL,Netherlands,JLP5FSPH9WPSHY3NIM24,Nederlandse Waterschapsbank N.V.,Y,,,,,,,,,,,,
Other Banks,NL,Netherlands,724500A1FNICHSDF2I11,de Volksbank N.V.,Y,,,,,,,,,,,,
Other Banks,SE,Sweden,1FOLRR5RWTWWI397R131,Aktiebolaget Svensk Exportkredit,Y,Y,,,,,,,,,,,
Other Banks,SI,Slovenia,222100ZXZ9BRGDMKXL75,Biser Topco S.à r.l.,Y,Y,,,,,,,,,,,
Other Banks,SI,Slovenia,549300271OUEJT4RYD30,Abanka d.d.,Y,Y,,,,,,,,,,,
Dimensions used,Group,Sheet,Common identifiers,,,,,Dimensions ,,,,,,,Columns with reported values,,
Dimensions used,oth,Leverage,LEI_code,Bank_name,Period,Item,Label,ASSETS_Stages,ASSETS_FV,Exposure,Financial_instruments,,,,Amount,,
Dimensions used,,Capital,LEI_code,Bank_name,Period,Item,Label,ASSETS_Stages,ASSETS_FV,Exposure,Financial_instruments,,,,Amount,,
Dimensions used,,RWA OV1,LEI_code,Bank_name,Period,Item,Label,ASSETS_Stages,ASSETS_FV,Exposure,Financial_instruments,,,,Amount,,
Dimensions used,,P&L,LEI_code,Bank_name,Period,Item,Label,ASSETS_Stages,ASSETS_FV,Exposure,Financial_instruments,,,,Amount,,
Dimensions used,,Assets,LEI_code,Bank_name,Period,Item,Label,ASSETS_Stages,ASSETS_FV,Exposure,Financial_instruments,,,,Amount,,
Dimensions used,,Liabilities,LEI_code,Bank_name,Period,Item,Label,ASSETS_Stages,ASSETS_FV,Exposure,Financial_instruments,,,,Amount,,
Dimensions used,mrk,Market Risk,LEI_code,Bank_name,Period,Item,Label,Portfolio,MKT_Modprod,Mkt_risk,,,,,Amount,,
Dimensions used,cre,Credit Risk_STA_a,LEI_code,Bank_name,Period,Item,Label,Portfolio,Country,Country_rank,Exposure,Status,Perf_Status,NACE_codes,Amount,,
Dimensions used,,Credit Risk_STA_b,LEI_code,Bank_name,Period,Item,Label,Portfolio,Country,Country_rank,Exposure,Status,Perf_Status,NACE_codes,Amount,,
Dimensions used,,Credit Risk_IRB_a,LEI_code,Bank_name,Period,Item,Label,Portfolio,Country,Country_rank,Exposure,Status,Perf_Status,NACE_codes,Amount,,
Dimensions used,,Credit Risk_IRB_b,LEI_code,Bank_name,Period,Item,Label,Portfolio,Country,Country_rank,Exposure,Status,Perf_Status,NACE_codes,Amount,,
Dimensions used,,NPE,LEI_code,Bank_name,Period,Item,Label,Portfolio,Country,Country_rank,Exposure,Status,Perf_Status,NACE_codes,Amount,,
Dimensions used,,Forborne exposures,LEI_code,Bank_name,Period,Item,Label,Portfolio,Country,Country_rank,Exposure,Status,Perf_Status,NACE_codes,Amount,,
Dimensions used,,NACE,LEI_code,Bank_name,Period,Item,Label,Portfolio,Country,Country_rank,Exposure,Status,Perf_Status,NACE_codes,Amount,,
Dimensions used,sov,Sovereign ,LEI_code,Bank_name,Period,Item,Label,Country,Accounting_portfolio,Maturity,,,,,Amount,,
Portfolio,,Portfolio,Label,,,,,,,,,,,,,,
Portfolio,,0,Total / No breakdown by portfolio,,,,,,,,,,,,,,
Portfolio,,1,SA,,,,,,,,,,,,,,
Portfolio,,2,IRB,,,,,,,,,,,,,,
Portfolio,,3,F-IRB,,,,,,,,,,,,,,
Portfolio,,4,A-IRB,,,,,,,,,,,,,,
Portfolio,,5,IM,,,,,,,,,,,,,,
Portfolio,,6,Fixed rate portfolio,,,,,,,,,,,,,,
Portfolio,,7,Floating rate portfolio,,,,,,,,,,,,,,
Country,,Country,Label,ISO_code,,,,,,,,,,,,,
Country,,0,Total / No breakdown ,00,,,,,,,,,,,,,
Country,,1,Austria,AT,,,,,,,,,,,,,
Country,,2,Belgium,BE,,,,,,,,,,,,,
Country,,3,Bulgaria,BG,,,,,,,,,,,,,
Country,,4,Cyprus,CY,,,,,,,,,,,,,
Country,,5,Czech Republic,CZ,,,,,,,,,,,,,
Country,,6,Denmark,DK,,,,,,,,,,,,,
Country,,7,Estonia,EE,,,,,,,,,,,,,
Country,,8,Finland,FI,,,,,,,,,,,,,
Country,,9,France,FR,,,,,,,,,,,,,
Country,,10,Germany,DE,,,,,,,,,,,,,
Country,,11,Greece,GR,,,,,,,,,,,,,
Country,,12,Hungary,HU,,,,,,,,,,,,,
Country,,13,Iceland,IS,,,,,,,,,,,,,
Country,,14,Ireland,IE,,,,,,,,,,,,,
Country,,15,Italy,IT,,,,,,,,,,,,,
Country,,16,Latvia,LV,,,,,,,,,,,,,
Country,,17,Liechtenstein,LI,,,,,,,,,,,,,
Country,,18,Lithuania,LT,,,,,,,,,,,,,
Country,,19,Luxembourg,LU,,,,,,,,,,,,,
Country,,20,Malta,MT,,,,,,,,,,,,,
Country,,21,Netherlands,NL,,,,,,,,,,,,,
Country,,22,Norway,NO,,,,,,,,,,,,,
Country,,23,Poland,PL,,,,,,,,,,,,,
Country,,24,Portugal,PT,,,,,,,,,,,,,
Country,,25,Romania,RO,,,,,,,,,,,,,
Country,,26,Slovakia,SK,,,,,,,,,,,,,
Country,,27,Slovenia,SI,,,,,,,,,,,,,
Country,,28,Spain,ES,,,,,,,,,,,,,
Country,,29,Sweden,SE,,,,,,,,,,,,,
Country,,30,United Kingdom,GB,,,,,,,,,,,,,
Country,,31,Brazil,BR,,,,,,,,,,,,,
Country,,32,Chile,CL,,,,,,,,,,,,,
Country,,33,China,CN,,,,,,,,,,,,,
Country,,34,CROATIA,HR,,,,,,,,,,,,,
Country,,35,Hong Kong,HK,,,,,,,,,,,,,
Country,,36,India,IN,,,,,,,,,,,,,
Country,,37,Japan,JP,,,,,,,,,,,,,
Country,,38,Mexico,MX,,,,,,,,,,,,,
Country,,39,Peru,PE,,,,,,,,,,,,,
Country,,40,Russian Federation,RU,,,,,,,,,,,,,
Country,,41,Switzerland,CH,,,,,,,,,,,,,
Country,,42,Turkey,TR,,,,,,,,,,,,,
Country,,43,United States,US,,,,,,,,,,,,,
Country,,44,International organisations,IZ,,,,,,,,,,,,,
Country,,50,Afghanistan,AF,,,,,,,,,,,,,
Country,,51,Albania,AL,,,,,,,,,,,,,
Country,,52,Algeria,DZ,,,,,,,,,,,,,
Country,,53,American Samoa,AS,,,,,,,,,,,,,
Country,,54,Andorra,AD,,,,,,,,,,,,,
Country,,55,Angola,AO,,,,,,,,,,,,,
Country,,56,Anguilla,AI,,,,,,,,,,,,,
Country,,57,Antigua and Barbuda,AG,,,,,,,,,,,,,
Country,,58,Argentina,AR,,,,,,,,,,,,,
Country,,59,Armenia,AM,,,,,,,,,,,,,
Country,,60,Aruba,AW,,,,,,,,,,,,,
Country,,61,Australia,AU,,,,,,,,,,,,,
Country,,62,Azerbaijan,AZ,,,,,,,,,,,,,
Country,,63,Bahamas,BS,,,,,,,,,,,,,
Country,,64,Bahrain,BH,,,,,,,,,,,,,
Country,,65,Bangladesh,BD,,,,,,,,,,,,,
Country,,66,Barbados,BB,,,,,,,,,,,,,
Country,,67,Belarus,BY,,,,,,,,,,,,,
Country,,68,Belize,BZ,,,,,,,,,,,,,
Country,,69,Benin,BJ,,,,,,,,,,,,,
Country,,70,Bermuda,BM,,,,,,,,,,,,,
Country,,71,Bhutan,BT,,,,,,,,,,,,,
Country,,72,Bolivia - Plurinational state of,BO,,,,,,,,,,,,,
Country,,73,Bonaire - Sint Eustatius and Saba,BQ,,,,,,,,,,,,,
Country,,74,Bosnia and Herzegowina,BA,,,,,,,,,,,,,
Country,,75,Botswana,BW,,,,,,,,,,,,,
Country,,76,British Indian Ocean Territory,IO,,,,,,,,,,,,,
Country,,77,Brunei Darussalam,BN,,,,,,,,,,,,,
Country,,78,Burkina Faso,BF,,,,,,,,,,,,,
Country,,79,Burundi,BI,,,,,,,,,,,,,
Country,,80,Cambodia,KH,,,,,,,,,,,,,
Country,,81,Cameroon,CM,,,,,,,,,,,,,
Country,,82,Canada,CA,,,,,,,,,,,,,
Country,,83,Cape Verde,CV,,,,,,,,,,,,,
Country,,84,Cayman Islands,KY,,,,,,,,,,,,,
Country,,85,Central African Republic,CF,,,,,,,,,,,,,
Country,,86,Chad,TD,,,,,,,,,,,,,
Country,,87,Channel Islands,CS,,,,,,,,,,,,,
Country,,88,Colombia,CO,,,,,,,,,,,,,
Country,,89,Comoros,KM,,,,,,,,,,,,,
Country,,90,CONGO - The Democratic Republic of the,CD,,,,,,,,,,,,,
Country,,91,CONGO,CG,,,,,,,,,,,,,
Country,,92,Cook Islands,CK,,,,,,,,,,,,,
Country,,93,Costa Rica,CR,,,,,,,,,,,,,
Country,,94,Cote d_Ivoire,CI,,,,,,,,,,,,,
Country,,95,Cuba,CU,,,,,,,,,,,,,
Country,,96,Curacao,CW,,,,,,,,,,,,,
Country,,97,Djibouti,DJ,,,,,,,,,,,,,
Country,,98,Dominica,DM,,,,,,,,,,,,,
Country,,99,Dominican Republic,DO,,,,,,,,,,,,,
Country,,100,Ecuador,EC,,,,,,,,,,,,,
Country,,101,Egypt,EG,,,,,,,,,,,,,
Country,,102,El Salvador,SV,,,,,,,,,,,,,
Country,,103,Equatorial Guinea,GQ,,,,,,,,,,,,,
Country,,104,Eritrea,ER,,,,,,,,,,,,,
Country,,105,Ethiopia,ET,,,,,,,,,,,,,
Country,,106,Faroe Islands,FO,,,,,,,,,,,,,
Country,,107,Falkland Islands (MALVINAS),FK,,,,,,,,,,,,,
Country,,108,Fiji,FJ,,,,,,,,,,,,,
Country,,109,French Guiana,GF,,,,,,,,,,,,,
Country,,110,French Polynesia,PF,,,,,,,,,,,,,
Country,,111,Macedonia - The former Yugoslav Republic of,MK,,,,,,,,,,,,,
Country,,112,Gabon,GA,,,,,,,,,,,,,
Country,,113,Gambia,GM,,,,,,,,,,,,,
Country,,114,Georgia,GE,,,,,,,,,,,,,
Country,,115,Ghana,GH,,,,,,,,,,,,,
Country,,116,Gibraltar,GI,,,,,,,,,,,,,
Country,,117,Greenland,GL,,,,,,,,,,,,,
Country,,118,Grenada,GD,,,,,,,,,,,,,
Country,,119,Guadeloupe,GP,,,,,,,,,,,,,
Country,,120,Guam,GU,,,,,,,,,,,,,
Country,,121,Guatemala,GT,,,,,,,,,,,,,
Country,,122,Guinea,GN,,,,,,,,,,,,,
Country,,123,Guinea-Bissau,GW,,,,,,,,,,,,,
Country,,124,Guyana,GY,,,,,,,,,,,,,
Country,,125,Haiti,HT,,,,,,,,,,,,,
Country,,126,Holy See (Vatican City State),VA,,,,,,,,,,,,,
Country,,127,Honduras,HN,,,,,,,,,,,,,
Country,,128,Indonesia,ID,,,,,,,,,,,,,
Country,,129,Iran (Islamic Republic of),IR,,,,,,,,,,,,,
Country,,130,Iraq,IQ,,,,,,,,,,,,,
Country,,131,Isle of Man,IM,,,,,,,,,,,,,
Country,,132,Israel,IL,,,,,,,,,,,,,
Country,,133,Jamaica,JM,,,,,,,,,,,,,
Country,,134,Jordan,JO,,,,,,,,,,,,,
Country,,135,Kazakhstan,KZ,,,,,,,,,,,,,
Country,,136,Kenya,KE,,,,,,,,,,,,,
Country,,137,Kiribati,KI,,,,,,,,,,,,,
Country,,138,Korea Dem_People_Rep_of,KP,,,,,,,,,,,,,
Country,,139,Korea Republic_of,KR,,,,,,,,,,,,,
Country,,140,Kosovo,XK,,,,,,,,,,,,,
Country,,141,Kuwait,KW,,,,,,,,,,,,,
Country,,142,Kyrgyzstan,KG,,,,,,,,,,,,,
Country,,143,Lao P.D.R.,LA,,,,,,,,,,,,,
Country,,144,Lebanon,LB,,,,,,,,,,,,,
Country,,145,Lesotho,LS,,,,,,,,,,,,,
Country,,146,Liberia,LR,,,,,,,,,,,,,
Country,,147,Libya,LY,,,,,,,,,,,,,
Country,,148,Macao,MO,,,,,,,,,,,,,
Country,,149,Madagascar,MG,,,,,,,,,,,,,
Country,,150,Malawi,MW,,,,,,,,,,,,,
Country,,151,Malaysia,MY,,,,,,,,,,,,,
Country,,152,Maldives,MV,,,,,,,,,,,,,
Country,,153,Mali,ML,,,,,,,,,,,,,
Country,,154,Marshall Islands,MH,,,,,,,,,,,,,
Country,,155,Martinique,MQ,,,,,,,,,,,,,
Country,,156,Mauritania,MR,,,,,,,,,,,,,
Country,,157,Mauritius,MU,,,,,,,,,,,,,
Country,,158,Mayotte,YT,,,,,,,,,,,,,
Country,,159,Micronesia - Federated States of,FM,,,,,,,,,,,,,
Country,,160,Moldova,MD,,,,,,,,,,,,,
Country,,161,Monaco,MC,,,,,,,,,,,,,
Country,,162,Mongolia,MN,,,,,,,,,,,,,
Country,,163,Montenegro,ME,,,,,,,,,,,,,
Country,,164,Montserrat,MS,,,,,,,,,,,,,
Country,,165,Morocco,MA,,,,,,,,,,,,,
Country,,166,Mozambique,MZ,,,,,,,,,,,,,
Country,,167,Myanmar,MM,,,,,,,,,,,,,
Country,,168,Namibia,,,,,,,,,,,,,,
Country,,169,Nauru,NR,,,,,,,,,,,,,
Country,,170,Nepal,NP,,,,,,,,,,,,,
Country,,171,New Caledonia,NC,,,,,,,,,,,,,
Country,,172,New Zealand,NZ,,,,,,,,,,,,,
Country,,173,Nicaragua,NI,,,,,,,,,,,,,
Country,,174,Niger,NE,,,,,,,,,,,,,
Country,,175,Nigeria,NG,,,,,,,,,,,,,
Country,,176,Niue,NU,,,,,,,,,,,,,
Country,,177,Northern Mariana Islands,MP,,,,,,,,,,,,,
Country,,178,Oman,OM,,,,,,,,,,,,,
Country,,179,Pakistan,PK,,,,,,,,,,,,,
Country,,180,Palau,PW,,,,,,,,,,,,,
Country,,181,Panama,PA,,,,,,,,,,,,,
Country,,182,Papua New Guinea,PG,,,,,,,,,,,,,
Country,,183,Paraguay,PY,,,,,,,,,,,,,
Country,,184,Philippines,PH,,,,,,,,,,,,,
Country,,185,Pitcairn,PN,,,,,,,,,,,,,
Country,,186,Puerto Rico,PR,,,,,,,,,,,,,
Country,,187,Qatar,QA,,,,,,,,,,,,,
Country,,188,Reunion,RE,,,,,,,,,,,,,
Country,,189,Rwanda,RW,,,,,,,,,,,,,
Country,,190,Saint Helena,SH,,,,,,,,,,,,,
Country,,191,Saint Kitts and Nevis,KN,,,,,,,,,,,,,
Country,,192,Saint Lucia,LC,,,,,,,,,,,,,
Country,,193,Saint Martin,MF,,,,,,,,,,,,,
Country,,194,Saint Vincent and the Grenadines,VC,,,,,,,,,,,,,
Country,,195,Saint-Pierre and Miquelon,PM,,,,,,,,,,,,,
Country,,196,Samoa,WS,,,,,,,,,,,,,
Country,,197,San Marino,SM,,,,,,,,,,,,,
Country,,198,Sao Tome and Principe,ST,,,,,,,,,,,,,
Country,,199,Saudi Arabia,SA,,,,,,,,,,,,,
Country,,200,Senegal,SN,,,,,,,,,,,,,
Country,,201,Serbia,RS,,,,,,,,,,,,,
Country,,202,Seychelles,SC,,,,,,,,,,,,,
Country,,203,Sierra Leone,SL,,,,,,,,,,,,,
Country,,204,Singapore,SG,,,,,,,,,,,,,
Country,,205,Sint Maarten,SX,,,,,,,,,,,,,
Country,,206,Solomon Islands,SB,,,,,,,,,,,,,
Country,,207,Somalia,SO,,,,,,,,,,,,,
Country,,208,South Africa,ZA,,,,,,,,,,,,,
Country,,209,South Sudan,SS,,,,,,,,,,,,,
Country,,210,Sri Lanka,LK,,,,,,,,,,,,,
Country,,211,Sudan,SD,,,,,,,,,,,,,
Country,,212,Suriname,SR,,,,,,,,,,,,,
Country,,213,Svalbard and Jan Mayen Islands,SJ,,,,,,,,,,,,,
Country,,214,Swaziland,SZ,,,,,,,,,,,,,
Country,,215,Syria,SY,,,,,,,,,,,,,
Country,,216,Taiwan Province of China,TW,,,,,,,,,,,,,
Country,,217,Tajikistan,TJ,,,,,,,,,,,,,
Country,,218,Tanzania,TZ,,,,,,,,,,,,,
Country,,219,Thailand,TH,,,,,,,,,,,,,
Country,,220,Timor-Leste,TL,,,,,,,,,,,,,
Country,,221,Togo,TG,,,,,,,,,,,,,
Country,,222,Tokelau,TK,,,,,,,,,,,,,
Country,,223,Tonga,TO,,,,,,,,,,,,,
Country,,224,Trinidad and Tobago,TT,,,,,,,,,,,,,
Country,,225,Tunisia,TN,,,,,,,,,,,,,
Country,,226,Turkmenistan,TM,,,,,,,,,,,,,
Country,,227,Turks and Caicos Islands,TC,,,,,,,,,,,,,
Country,,228,Tuvalu,TV,,,,,,,,,,,,,
Country,,229,Uganda,UG,,,,,,,,,,,,,
Country,,230,Ukraine,UA,,,,,,,,,,,,,
Country,,231,United Arab Emirates,AE,,,,,,,,,,,,,
Country,,232,United States Minor Outlying Islands,UM,,,,,,,,,,,,,
Country,,233,Uruguay,UY,,,,,,,,,,,,,
Country,,234,Uzbekistan,UZ,,,,,,,,,,,,,
Country,,235,Vanuatu,VU,,,,,,,,,,,,,
Country,,236,Venezuela,VE,,,,,,,,,,,,,
Country,,237,Vietnam,VN,,,,,,,,,,,,,
Country,,238,Wallis and Futuna Islands,WF,,,,,,,,,,,,,
Country,,239,West Bank and Gaza,WE,,,,,,,,,,,,,
Country,,240,Western Sahara,EH,,,,,,,,,,,,,
Country,,241,Yemen,YE,,,,,,,,,,,,,
Country,,242,Zambia,ZM,,,,,,,,,,,,,
Country,,243,Zimbabwe,ZW,,,,,,,,,,,,,
Country,,244,Other,O1,,,,,,,,,,,,,
Country,,245,Other Central and eastern Europe countries non EEA,O2,,,,,,,,,,,,,
Country,,246,Middle East,O3,,,,,,,,,,,,,
Country,,247,Latin America and the Caribbean,O4,,,,,,,,,,,,,
Country,,248,Africa,O5,,,,,,,,,,,,,
Country,,249,Other advanced economies non EEA,O6,,,,,,,,,,,,,
Country,,250,NORFOLK ISLAND,NF,,,,,,,,,,,,,
Country,,251,"PALESTINIAN TERRITORY, OCCUPIED",PS,,,,,,,,,,,,,
Country,,252,SAINT BARTHÉLEMY,BL,,,,,,,,,,,,,
Country,,253,SOUTH GEORGIA AND THE SOUTH SANDWICH ISLANDS,GS,,,,,,,,,,,,,
Country,,254,"VIRGIN ISLANDS, BRITISH",VG,,,,,,,,,,,,,
Country,,255,"VIRGIN ISLANDS, U.S.",VI,,,,,,,,,,,,,
Country,,256,ÅLAND ISLANDS,AX,,,,,,,,,,,,,
Country,,257,ANTARCTICA,AQ,,,,,,,,,,,,,
Country,,258,BOUVET ISLAND,BV,,,,,,,,,,,,,
Country,,259,CHRISTMAS ISLAND,CX,,,,,,,,,,,,,
Country,,260,COCOS (KEELING) ISLANDS,CC,,,,,,,,,,,,,
Country,,261,FRENCH SOUTHERN TERRITORIES,TF,,,,,,,,,,,,,
Country,,262,GUERNSEY,GG,,,,,,,,,,,,,
Country,,263,HEARD ISLAND AND MCDONALD ISLANDS,HM,,,,,,,,,,,,,
Country,,264,JERSEY,JE,,,,,,,,,,,,,
Country,,701,Banque Centrale des États de l’Afrique de l’Ouest (BCEAO),_5O,,,,,,,,,,,,,
Country,,702,CASDB (Central African States’ Development Bank),_5P,,,,,,,,,,,,,
Country,,703,African Development Fund,_5Q,,,,,,,,,,,,,
Country,,704,Asian Development Fund,_5R,,,,,,,,,,,,,
Country,,705,Fonds spécial unifié de développement,_5S,,,,,,,,,,,,,
Country,,706,CABEI (Central American Bank for Economic Integration),_5T,,,,,,,,,,,,,
Country,,707,ADC (Andean Development Corporation),_5U,,,,,,,,,,,,,
Country,,708,Other International Organisations (financial institutions),_5V,,,,,,,,,,,,,
Country,,709,Banque des États de l’Afrique centrale (BEAC),_5W,,,,,,,,,,,,,
Country,,710,Communauté Économique et Monétaire de l’Afrique Centrale (CEMAC),_5X,,,,,,,,,,,,,
Country,,711,Eastern Caribbean Currency Union (ECCU),_5Y,,,,,,,,,,,,,
Country,,712,Other International Financial Organisations n.i.e.,_5Z,,,,,,,,,,,,,
Country,,713,Other International Organisations (non-financial institutions),_6A,,,,,,,,,,,,,
Country,,714,NATO (North Atlantic Treaty Organisation),_6B,,,,,,,,,,,,,
Country,,715,Council of Europe,_6C,,,,,,,,,,,,,
Country,,716,ICRC (International Committee of the Red Cross),_6D,,,,,,,,,,,,,
Country,,717,ESA (European Space Agency),_6E,,,,,,,,,,,,,
Country,,718,EPO (European Patent Office),_6F,,,,,,,,,,,,,
Country,,719,EUROCONTROL (European Organisation for the Safety of Air Navigation),_6G,,,,,,,,,,,,,
Country,,720,EUTELSAT (European Telecommunications Satellite Organisation),_6H,,,,,,,,,,,,,
Country,,721,West African Economic and Monetary Union (WAEMU),_6I,,,,,,,,,,,,,
Country,,722,INTELSAT (International Telecommunications Satellite Organisation),_6J,,,,,,,,,,,,,
Country,,723,EBU/UER (European Broadcasting Union/Union européenne de radio-télévision),_6K,,,,,,,,,,,,,
Country,,724,EUMETSAT (European Organisation for the Exploitation of Meteorological Satellites),_6L,,,,,,,,,,,,,
Country,,725,ESO (European Southern Observatory),_6M,,,,,,,,,,,,,
Country,,726,ECMWF (European Centre for Medium-Range Weather Forecasts),_6N,,,,,,,,,,,,,
Country,,727,EMBL (European Molecular Biology Laboratory),_6O,,,,,,,,,,,,,
Country,,728,CERN (European Organisation for Nuclear Research),_6P,,,,,,,,,,,,,
Country,,729,IOM (International Organisation for Migration),_6Q,,,,,,,,,,,,,
Country,,730,Islamic Development Bank (IDB),_6R,,,,,,,,,,,,,
Country,,731,Eurasian Development Bank (EDB),_6S,,,,,,,,,,,,,
Country,,732,Paris Club Creditor Institutions,_6T,,,,,,,,,,,,,
Country,,733,Council of Europe Development Bank (CEB),_6U,,,,,,,,,,,,,
Country,,734,Other International Non-Financial Organisations n.i.e.,_6Z,,,,,,,,,,,,,
Country,,735,International Organisations excluding European Union Institutions,_7Z,,,,,,,,,,,,,
Country,,736,International Union of Credit and Investment Insurers,_8A,,,,,,,,,,,,,
Country,,737,Multilateral Lending Agencies,_9B,,,,,,,,,,,,,
Country,,738,International organisations (as pseudo geographic area),_1A,,,,,,,,,,,,,
Country,,739,United Nations organisations,_1B,,,,,,,,,,,,,
Country,,740,IMF (International Monetary Fund),_1C,,,,,,,,,,,,,
Country,,741,WTO (World Trade Organisation),_1D,,,,,,,,,,,,,
Country,,742,IBRD (International Bank for Reconstruction and Development),_1E,,,,,,,,,,,,,
Country,,743,IDA (International Development Association),_1F,,,,,,,,,,,,,
Country,,744,"Other UN Organisations (includes 1H, 1J-1T)",_1G,,,,,,,,,,,,,
Country,,745,"UNESCO (United Nations Educational, Scientific and Cultural Organisation)",_1H,,,,,,,,,,,,,
Country,,746,FAO (Food and Agriculture Organisation),_1J,,,,,,,,,,,,,
Country,,747,WHO (World Health Organisation),_1K,,,,,,,,,,,,,
Country,,748,IFAD (International Fund for Agricultural Development),_1L,,,,,,,,,,,,,
Country,,749,IFC (International Finance Corporation),_1M,,,,,,,,,,,,,
Country,,750,MIGA (Multilateral Investment Guarantee Agency),_1N,,,,,,,,,,,,,
Country,,751,UNICEF (United Nations Children’s Fund),_1O,,,,,,,,,,,,,
Country,,752,UNHCR (United Nations High Commissioner for Refugees),_1P,,,,,,,,,,,,,
Country,,753,UNRWA (United Nations Relief and Works Agency for Palestine),_1Q,,,,,,,,,,,,,
Country,,754,IAEA (International Atomic Energy Agency),_1R,,,,,,,,,,,,,
Country,,755,ILO (International Labour Organisation),_1S,,,,,,,,,,,,,
Country,,756,ITU (International Telecommunication Union),_1T,,,,,,,,,,,,,
Country,,757,Rest of UN Organisations n.i.e.,_1Z,,,,,,,,,,,,,
Country,,758,"European Union Institutions, Organs and Organisms (excluding ECB)",_4A,,,,,,,,,,,,,
Country,,759,EMS (European Monetary System),_4B,,,,,,,,,,,,,
Country,,760,EIB (European Investment Bank),_4C,,,,,,,,,,,,,
Country,,761,EC (European Commission),_4D,,,,,,,,,,,,,
Country,,762,EDF (European Development Fund),_4E,,,,,,,,,,,,,
Country,,763,European Central Bank,_4F,,,,,,,,,,,,,
Country,,764,EIF (European Investment Fund),_4G,,,,,,,,,,,,,
Country,,765,ECSC (European Coal and Steel Community),_4H,,,,,,,,,,,,,
Country,,766,Neighbourhood Investment Facility,_4I,,,,,,,,,,,,,
Country,,767,FEMIP (Facility for Euro-Mediterranean Investment and Partnership),_4V,,,,,,,,,,,,,
Country,,768,"Other EU Institutions, Organs and Organisms covered by the General budget",_4J,,,,,,,,,,,,,
Country,,769,European Parliament,_4K,,,,,,,,,,,,,
Country,,770,Council of the European Union,_4L,,,,,,,,,,,,,
Country,,771,Court of Justice,_4M,,,,,,,,,,,,,
Country,,772,Court of Auditors,_4N,,,,,,,,,,,,,
Country,,773,European Council,_4O,,,,,,,,,,,,,
Country,,774,Economic and Social Committee,_4P,,,,,,,,,,,,,
Country,,775,Committee of the Regions,_4Q,,,,,,,,,,,,,
Country,,776,EU-Africa Infrastructure Trust Fund,_4R,,,,,,,,,,,,,
Country,,777,European Stability Mechanism (ESM),_4S,,,,,,,,,,,,,
Country,,778,Joint Committee of the European Supervisory Authorities (ESAs),_4T,,,,,,,,,,,,,
Country,,779,All the European Union Institutions financed via the EU Budget,_4W,,,,,,,,,,,,,
Country,,780,All the European Union Institutions not financed via the EU Budget,_4X,,,,,,,,,,,,,
Country,,781,All the European Union Institutions,_4Y,,,,,,,,,,,,,
Country,,782,"Other small European Union Institutions (Ombudsman, Data Protection Supervisor etc.)",_4Z,,,,,,,,,,,,,
Country,,783,OECD (Organisation for Economic Co-operation and Development),_5A,,,,,,,,,,,,,
Country,,784,BIS (Bank for International Settlements),_5B,,,,,,,,,,,,,
Country,,785,IADB (Inter-American Development Bank),_5C,,,,,,,,,,,,,
Country,,786,AfDB (African Development Bank),_5D,,,,,,,,,,,,,
Country,,787,AsDB (Asian Development Bank),_5E,,,,,,,,,,,,,
Country,,788,EBRD (European Bank for Reconstruction and Development),_5F,,,,,,,,,,,,,
Country,,789,IIC (Inter-American Investment Corporation),_5G,,,,,,,,,,,,,
Country,,790,NIB (Nordic Investment Bank),_5H,,,,,,,,,,,,,
Country,,791,Eastern Caribbean Central Bank (ECCB),_5I,,,,,,,,,,,,,
Country,,792,IBEC (International Bank for Economic Co-operation),_5J,,,,,,,,,,,,,
Country,,793,IIB (International Investment Bank),_5K,,,,,,,,,,,,,
Country,,794,CDB (Caribbean Development Bank),_5L,,,,,,,,,,,,,
Country,,795,AMF (Arab Monetary Fund),_5M,,,,,,,,,,,,,
Country,,796,BADEA (Banque arabe pour le développement économique en Afrique),_5N,,,,,,,,,,,,,
Country,,901,Countries not relevant for MKR purposes,x5,,,,,,,,,,,,,
Country,,902,Not applicable/All geographical areas,x0,,,,,,,,,,,,,
Country,,903,Other Countries,x28,,,,,,,,,,,,,
Financial_instruments,,Financial_instruments,Label,,,,,,,,,,,,,,
Financial_instruments,,0,Total / No breakdown,,,,,,,,,,,,,,
Financial_instruments,,12,Derivatives,,,,,,,,,,,,,,
Financial_instruments,,21,Short positions - Equity instruments,,,,,,,,,,,,,,
Financial_instruments,,22,Short positions - Debt securities,,,,,,,,,,,,,,
Financial_instruments,,30,Deposits,,,,,,,,,,,,,,
Financial_instruments,,31,Deposits - of which: Current accounts / overnight deposits,,,,,,,,,,,,,,
Financial_instruments,,40,Debt securities issued,,,,,,,,,,,,,,
Financial_instruments,,41,Debt securities issued Of which: Subordinated Debt securities issued,,,,,,,,,,,,,,
Financial_instruments,,50,Other financial liabilities,,,,,,,,,,,,,,
Exposure,,,Exposure,Label,,,,,,,,,,,,,
Exposure,,,0,Total / No breakdown,,,,,,,,,,,,,
Exposure,,,101,Central banks,,,,,,,,,,,,,
Exposure,,,102,General governments,,,,,,,,,,,,,
Exposure,,,103,Central governments or central banks,,,,,,,,,,,,,
Exposure,,,104,Regional governments or local authorities,,,,,,,,,,,,,
Exposure,,,105,Public sector entities,,,,,,,,,,,,,
Exposure,,,106,Multilateral Development Banks,,,,,,,,,,,,,
Exposure,,,107,International Organisations,,,,,,,,,,,,,
Exposure,,,201,Credit institutions,,,,,,,,,,,,,
Exposure,,,202,Financial corporations other than credit institutions,,,,,,,,,,,,,
Exposure,,,203,Institutions,,,,,,,,,,,,,
Exposure,,,204,Institutions without a short-term credit assessment,,,,,,,,,,,,,
Exposure,,,301,Non-financial corporations,,,,,,,,,,,,,
Exposure,,,302,Corporates - SME,,,,,,,,,,,,,
Exposure,,,308,Corporates - Real estate. Commercial,,,,,,,,,,,,,
Exposure,,,303,Corporates,,,,,,,,,,,,,
Exposure,,,304,Corporates - Specialised Lending,,,,,,,,,,,,,
Exposure,,,305,Corporates other than specialised lending,,,,,,,,,,,,,
Exposure,,,306,Corporates without a short-term credit assessment,,,,,,,,,,,,,
Exposure,,,307,Institutions and corporates with a short-term credit assessment,,,,,,,,,,,,,
Exposure,,,401,Households,,,,,,,,,,,,,
Exposure,,,402,Real estate. Residential,,,,,,,,,,,,,
Exposure,,,403,Credit for consumption,,,,,,,,,,,,,
Exposure,,,404,Retail,,,,,,,,,,,,,
Exposure,,,405,Retail - SME,,,,,,,,,,,,,
Exposure,,,406,Retail – Secured by real estate property,,,,,,,,,,,,,
Exposure,,,407,Retail – Secured by real estate property - SME,,,,,,,,,,,,,
Exposure,,,408,Retail – Secured by real estate property - NON SME,,,,,,,,,,,,,
Exposure,,,409,Retail – Qualifying Revolving,,,,,,,,,,,,,
Exposure,,,410,Retail – Other Retail,,,,,,,,,,,,,
Exposure,,,411,Retail – Other Retail - SME,,,,,,,,,,,,,
Exposure,,,412,Retail – Other Retail - NON SME,,,,,,,,,,,,,
Exposure,,,501,Secured by mortgages on immovable property,,,,,,,,,,,,,
Exposure,,,502,Secured by mortgages on immovable property - SME,,,,,,,,,,,,,
Exposure,,,601,Exposures in default,,,,,,,,,,,,,
Exposure,,,602,Items associated with particularly high risk,,,,,,,,,,,,,
Exposure,,,603,Covered bonds,,,,,,,,,,,,,
Exposure,,,604,Claims on institutions and corporate with a short-term credit assessment,,,,,,,,,,,,,
Exposure,,,605,Claims in the form of CIU,,,,,,,,,,,,,
Exposure,,,606,Equity exposures,,,,,,,,,,,,,
Exposure,,,607,Other items,,,,,,,,,,,,,
Exposure,,,608,Securitisation,,,,,,,,,,,,,
Status,,Status,Label,,,,,,,,,,,,,,
Status,,0,No breakdown by status,,,,,,,,,,,,,,
Status,,1,Non defaulted assets,,,,,,,,,,,,,,
Status,,2,Defaulted assets,,,,,,,,,,,,,,
Status,,3,New defaulted assets,,,,,,,,,,,,,,
Status,,4,Old defaulted assets,,,,,,,,,,,,,,
Perf_status,,Perf_Status,Label,,,,,,,,,,,,,,
Perf_status,,0,No breakdown by Perf_status,,,,,,,,,,,,,,
Perf_status,,1,Performing,,,,,,,,,,,,,,
Perf_status,,2,Non Performing,,,,,,,,,,,,,,
Perf_status,,3,Performing but past due >30 days and <=90 days,,,,,,,,,,,,,,
Perf_status,,4,Non Performing and Defaulted,,,,,,,,,,,,,,
Perf_status,,5,Loans and advances subject to impairment,,,,,,,,,,,,,,
MKT_Modprod,,MKT_Modprod,Label,,,,,,,,,,,,,,
MKT_Modprod,,0,No breakdown by MKT_Modprod,,,,,,,,,,,,,,
MKT_Modprod,,1,Traded debt instruments,,,,,,,,,,,,,,
MKT_Modprod,,2,Equities,,,,,,,,,,,,,,
MKT_Modprod,,3,Foreign Exchange risk,,,,,,,,,,,,,,
MKT_Modprod,,4,Commodity risk ,,,,,,,,,,,,,,
MKT_Risk,,MKT_Risk,Label,,,,,,,,,,,,,,
MKT_Risk,,0,No breakdown by MKT_Risk,,,,,,,,,,,,,,
MKT_Risk,,1,General risk,,,,,,,,,,,,,,
MKT_Risk,,2,Specific risk,,,,,,,,,,,,,,
Accounting_portfolio,,Accounting_portfolio,Label,,,,,,,,,,,,,,
Accounting_portfolio,,0,No breakdown by Accounting_portfolio,,,,,,,,,,,,,,
Accounting_portfolio,,1,Held for trading,,,,,,,,,,,,,,
Accounting_portfolio,,2,Designated at fair value through profit or loss,,,,,,,,,,,,,,
Accounting_portfolio,,3,Available-for-sale,,,,,,,,,,,,,,
Accounting_portfolio,,4,Loans and Receivables,,,,,,,,,,,,,,
Accounting_portfolio,,5,Held-to-maturity investments,,,,,,,,,,,,,,
Maturity,,Maturity,Label,,,,,,,,,,,,,,
Maturity,,1,[ 0 - 3M [,,,,,,,,,,,,,,
Maturity,,2,[ 3M - 1Y [,,,,,,,,,,,,,,
Maturity,,3,[ 1Y - 2Y [,,,,,,,,,,,,,,
Maturity,,4,[ 2Y - 3Y [,,,,,,,,,,,,,,
Maturity,,5,[3Y - 5Y [,,,,,,,,,,,,,,
Maturity,,6,[5Y - 10Y [,,,,,,,,,,,,,,
Maturity,,7,[10Y - more,,,,,,,,,,,,,,
Maturity,,8,Total,,,,,,,,,,,,,,
ASSETS_Stages,,ASSETS_Stages,Label,,,,,,,,,,,,,,
ASSETS_Stages,,0,No breakdown by ASSETS_Stages,,,,,,,,,,,,,,
ASSETS_Stages,,1,Stage 1: Assets without significant increase in credit risk since initial recognition,,,,,,,,,,,,,,
ASSETS_Stages,,2,Stage 2: Assets with significant increase in credit risk since initial recognition but not credit-impaired,,,,,,,,,,,,,,
ASSETS_Stages,,3,Stage 3: Credit-impaired assets,,,,,,,,,,,,,,
ASSETS_FV,,ASSETS_FV,Label,,,,,,,,,,,,,,
ASSETS_FV,,0,No breakdown by ASSETS_FV,,,,,,,,,,,,,,
ASSETS_FV,,1,Fair value hierarchy: Level 1,,,,,,,,,,,,,,
ASSETS_FV,,2,Fair value hierarchy: Level 2,,,,,,,,,,,,,,
ASSETS_FV,,3,Fair value hierarchy: Level 3,,,,,,,,,,,,,,
NACE_codes,,Nace_codes,Label,,,,,,,,,,,,,,
NACE_codes,,0,No breakdown by NACE_codes,,,,,,,,,,,,,,
NACE_codes,,1,"A Agriculture, forestry and fishing",,,,,,,,,,,,,,
NACE_codes,,2,B Mining and quarrying,,,,,,,,,,,,,,
NACE_codes,,3,C Manufacturing,,,,,,,,,,,,,,
NACE_codes,,4,"D Electricity, gas, steam and air conditioning supply",,,,,,,,,,,,,,
NACE_codes,,5,E Water supply,,,,,,,,,,,,,,
NACE_codes,,6,F Construction,,,,,,,,,,,,,,
NACE_codes,,7,G Wholesale and retail trade,,,,,,,,,,,,,,
NACE_codes,,8,H Transport and storage,,,,,,,,,,,,,,
NACE_codes,,9,I Accommodation and food service activities,,,,,,,,,,,,,,
NACE_codes,,10,J Information and communication,,,,,,,,,,,,,,
NACE_codes,,11,K Financial and insurance activities,,,,,,,,,,,,,,
NACE_codes,,12,L Real estate activities,,,,,,,,,,,,,,
NACE_codes,,13,"M Professional, scientific and technical activities",,,,,,,,,,,,,,
NACE_codes,,14,N Administrative and support service activities,,,,,,,,,,,,,,
NACE_codes,,15,"O Public administration and defence, compulsory social security",,,,,,,,,,,,,,
NACE_codes,,16,P Education,,,,,,,,,,,,,,
NACE_codes,,17,Q Human health services and social work activities,,,,,,,,,,,,,,
NACE_codes,,18,"R Arts, entertainment and recreation",,,,,,,,,,,,,,
NACE_codes,,19,S Other services,,,,,,,,,,,,,,
Fin_end_year,,Fin_end_year,Label,,,,,,,,,,,,,,
Fin_end_year,,0,2020-12-31 00:00:00,,,,,,,,,,,,,,
Fin_end_year,,1,2020-03-31 00:00:00,,,,,,,,,,,,,,
Fin_end_year,,2,2020-06-30 00:00:00,,,,,,,,,,,,,,
Fin_end_year,,3,2020-09-30 00:00:00,,,,,,,,,,,,,,
